{"stats":{"minecraft:used":{"minecraft:mossy_stone_bricks":1,"minecraft:oak_sign":4,"minecraft:chest":3,"minecraft:stone":64,"minecraft:sniffer_egg":1,"minecraft:torch":30,"minecraft:dirt":40,"minecraft:creeper_spawn_egg":10,"minecraft:grass_block":49,"minecraft:spruce_sapling":16,"galosphere:glow_flare":18},"minecraft:dropped":{"minecraft:water_bucket":1,"minecraft:gravel":21,"minecraft:iron_ingot":828,"minecraft:moss_carpet":3,"minecraft:porkchop":1,"minecraft:lapis_lazuli":79,"minecraft:cooked_chicken":1,"minecraft:cooked_beef":3,"minecraft:oak_log":198,"minecraft:cobbled_deepslate":423,"minecraft:sniffer_egg":1,"minecraft:diamond":10,"minecraft:cooked_porkchop":771,"minecraft:glow_berries":11,"minecraft:iron_helmet":1,"minecraft:cobblestone":11,"minecraft:rotten_flesh":1,"minecraft:clay_ball":60,"galosphere:silver_nugget":64,"minecraft:acacia_log":1,"minecraft:stick":6,"minecraft:lava_bucket":1,"minecraft:dirt":3,"minecraft:stone":1,"moonsweaponry:iron_greatsword":3,"minecraft:shield":1,"minecraft:gunpowder":4,"aether:iron_gloves":2,"minecraft:torch":78,"minecraft:iron_chestplate":1,"minecraft:chest":1,"galosphere:glow_flare":1,"minecraft:iron_leggings":1,"minecraft:iron_axe":1,"minecraft:arrow":2,"minecraft:bow":1,"minecraft:raw_iron_block":1,"minecraft:raw_gold":8,"minecraft:iron_pickaxe":1,"minecraft:iron_shovel":2,"minecraft:spruce_sapling":10,"minecraft:bone":4,"galosphere:silver_ingot":122},"minecraft:crafted":{"minecraft:oak_planks":16,"minecraft:iron_helmet":1,"simplyswords:iron_longsword":1,"aether:iron_gloves":1,"minecraft:iron_boots":1,"minecraft:iron_chestplate":1,"minecraft:stick":4,"minecraft:iron_pickaxe":1,"minecraft:iron_leggings":1},"minecraft:picked_up":{"minecraft:crafting_table":1,"minecraft:iron_chestplate":1,"minecraft:cooked_beef":3,"minecraft:clay_ball":124,"minecraft:water_bucket":1,"aether:iron_gloves":1,"galosphere:silver_ingot":122,"minecraft:flint":2,"minecraft:oak_log":320,"minecraft:shield":1,"minecraft:gunpowder":4,"minecraft:lapis_lazuli":79,"minecraft:dirt":19,"minecraft:moss_carpet":3,"minecraft:iron_axe":1,"minecraft:iron_leggings":1,"minecraft:iron_shovel":2,"minecraft:bone":4,"minecraft:bow":2,"minecraft:cobbled_deepslate":425,"minecraft:raw_gold":8,"moonsweaponry:iron_greatsword":2,"minecraft:iron_ingot":606,"minecraft:cooked_chicken":1,"minecraft:mossy_stone_bricks":1,"minecraft:iron_pickaxe":2,"minecraft:moss_block":7,"minecraft:iron_boots":1,"minecraft:stick":12,"minecraft:raw_iron":23,"minecraft:cooked_porkchop":643,"minecraft:torch":11,"minecraft:acacia_log":1,"minecraft:raw_iron_block":1,"minecraft:gravel":21,"minecraft:porkchop":1,"minecraft:spruce_sapling":11,"galosphere:silver_nugget":64,"minecraft:arrow":2,"minecraft:rotten_flesh":1,"minecraft:diamond":10,"minecraft:iron_helmet":1,"minecraft:glow_berries":11,"minecraft:cobblestone":11},"minecraft:custom":{"minecraft:interact_with_furnace":7,"minecraft:interact_with_crafting_table":4,"minecraft:open_barrel":2,"minecraft:leave_game":3,"minecraft:time_since_death":77416,"minecraft:climb_one_cm":6021,"minecraft:time_since_rest":77453,"minecraft:sprint_one_cm":17568,"minecraft:damage_taken":500,"minecraft:walk_one_cm":141857,"minecraft:drop":106,"minecraft:damage_dealt":96,"minecraft:fly_one_cm":488139,"minecraft:player_kills":1,"minecraft:open_chest":28,"minecraft:crouch_one_cm":3753,"minecraft:play_time":108712,"minecraft:deaths":1,"minecraft:sneak_time":2333,"minecraft:walk_under_water_one_cm":813,"minecraft:jump":291,"minecraft:interact_with_blast_furnace":1,"minecraft:walk_on_water_one_cm":2220,"minecraft:total_world_time":108712,"minecraft:fall_one_cm":4879}},"DataVersion":3465}