{"stats":{"minecraft:broken":{"minecraft:iron_shovel":1},"minecraft:killed":{"minecraft:spider":1,"minecraft:skeleton":2,"minecraft:zombie":3,"minecraft:cow":1},"minecraft:used":{"minecraft:mossy_stone_bricks":1,"minecraft:iron_shovel":359,"minecraft:oak_planks":818,"minecraft:oak_sign":4,"minecraft:chest":5,"minecraft:stone":64,"minecraft:sniffer_egg":1,"minecraft:oak_door":1,"minecraft:torch":30,"minecraft:dirt":154,"minecraft:crafting_table":1,"minecraft:spruce_log":4,"minecraft:creeper_spawn_egg":10,"minecraft:iron_axe":159,"minecraft:grass_block":49,"simplyswords:iron_longsword":42,"minecraft:spruce_sapling":17,"minecraft:oak_sapling":64,"minecraft:cooked_porkchop":10,"galosphere:glow_flare":18},"minecraft:dropped":{"minecraft:water_bucket":1,"minecraft:gravel":21,"minecraft:iron_ingot":828,"minecraft:moss_carpet":3,"minecraft:porkchop":1,"minecraft:lapis_lazuli":79,"minecraft:cooked_chicken":1,"minecraft:cooked_beef":3,"minecraft:oak_log":262,"minecraft:cobbled_deepslate":423,"minecraft:sniffer_egg":1,"minecraft:diamond":10,"minecraft:cooked_porkchop":771,"minecraft:glow_berries":11,"minecraft:iron_helmet":1,"minecraft:cobblestone":11,"minecraft:rotten_flesh":1,"minecraft:clay_ball":60,"galosphere:silver_nugget":64,"minecraft:acacia_log":1,"minecraft:stick":6,"minecraft:lava_bucket":1,"minecraft:dirt":3,"minecraft:stone":1,"moonsweaponry:iron_greatsword":3,"minecraft:shield":1,"minecraft:gunpowder":4,"aether:iron_gloves":2,"minecraft:torch":78,"minecraft:iron_chestplate":1,"minecraft:chest":1,"galosphere:glow_flare":1,"minecraft:iron_leggings":1,"minecraft:iron_axe":1,"minecraft:arrow":2,"minecraft:bow":1,"minecraft:raw_iron_block":1,"minecraft:raw_gold":8,"minecraft:iron_pickaxe":1,"minecraft:iron_shovel":2,"minecraft:spruce_sapling":10,"minecraft:bone":4,"galosphere:silver_ingot":122},"minecraft:crafted":{"minecraft:oak_door":3,"minecraft:oak_planks":768,"minecraft:iron_helmet":1,"simplyswords:iron_longsword":1,"aether:iron_gloves":1,"minecraft:iron_boots":1,"minecraft:iron_chestplate":1,"minecraft:iron_axe":1,"minecraft:stick":12,"minecraft:iron_pickaxe":1,"minecraft:chest":2,"minecraft:iron_shovel":3,"minecraft:iron_leggings":1},"minecraft:picked_up":{"minecraft:crafting_table":2,"minecraft:iron_chestplate":1,"minecraft:cooked_beef":3,"minecraft:clay_ball":124,"minecraft:water_bucket":1,"minecraft:leather":2,"aether:iron_gloves":1,"galosphere:silver_ingot":122,"minecraft:flint":2,"minecraft:oak_log":336,"minecraft:shield":1,"minecraft:gunpowder":4,"minecraft:blue_bed":1,"minecraft:lapis_lazuli":79,"minecraft:dirt":409,"minecraft:moss_carpet":3,"minecraft:iron_axe":1,"minecraft:iron_leggings":1,"minecraft:iron_shovel":2,"minecraft:bone":5,"minecraft:bow":3,"minecraft:wheat_seeds":5,"minecraft:cobbled_deepslate":425,"minecraft:raw_gold":8,"moonsweaponry:iron_greatsword":2,"minecraft:beef":1,"minecraft:iron_ingot":606,"minecraft:cooked_chicken":1,"minecraft:mossy_stone_bricks":1,"minecraft:iron_pickaxe":2,"minecraft:moss_block":7,"minecraft:oak_planks":84,"minecraft:phantom_membrane":1,"minecraft:iron_boots":1,"minecraft:stick":21,"minecraft:raw_iron":23,"minecraft:cooked_porkchop":643,"minecraft:sweet_berries":2,"minecraft:torch":11,"minecraft:acacia_log":1,"minecraft:raw_iron_block":1,"minecraft:gravel":21,"minecraft:porkchop":1,"minecraft:spruce_sapling":20,"minecraft:spruce_log":55,"galosphere:silver_nugget":64,"minecraft:arrow":4,"minecraft:rotten_flesh":10,"minecraft:diamond":10,"minecraft:iron_helmet":1,"minecraft:glow_berries":11,"minecraft:cobblestone":13},"minecraft:mined":{"minecraft:crafting_table":1,"minecraft:grass_block":283,"minecraft:spruce_leaves":22,"minecraft:oak_planks":75,"minecraft:blue_bed":1,"minecraft:sweet_berry_bush":4,"minecraft:spruce_log":55,"minecraft:dirt":81,"minecraft:fern":4},"minecraft:custom":{"minecraft:interact_with_furnace":7,"minecraft:mob_kills":7,"minecraft:interact_with_crafting_table":14,"minecraft:open_barrel":2,"minecraft:leave_game":3,"minecraft:time_since_death":131416,"minecraft:climb_one_cm":6437,"minecraft:time_since_rest":131453,"minecraft:sprint_one_cm":203518,"minecraft:damage_taken":1092,"minecraft:walk_one_cm":400882,"minecraft:drop":107,"minecraft:damage_dealt":2059,"minecraft:fly_one_cm":541057,"minecraft:player_kills":1,"minecraft:open_chest":31,"minecraft:crouch_one_cm":15023,"minecraft:play_time":162712,"minecraft:deaths":1,"minecraft:sneak_time":5282,"minecraft:walk_under_water_one_cm":813,"minecraft:jump":946,"minecraft:interact_with_blast_furnace":1,"minecraft:walk_on_water_one_cm":2220,"minecraft:total_world_time":162712,"minecraft:fall_one_cm":17416}},"DataVersion":3465}