{"stats":{"minecraft:killed":{"luminousworld:frostbitten_zombie":1,"minecraft:witch":1,"enemyexpansion:equestrian":1,"undead_revamp2:thesmoker":3,"enemyexpansion:direwolf":1,"born_in_chaos_v1:maggot":8,"minecraft:skeleton":2,"minecraft:drowned":5,"earthmobsmod:bouldering_zombie":1,"born_in_chaos_v1:diamond_termite":6,"born_in_chaos_v1:baby_skeleton":2,"born_in_chaos_v1:swarmer":1,"undead_revamp2:the_moonflower":4,"enemyexpansion:sprinter":1,"minecraft:creeper":1,"born_in_chaos_v1:decrepit_skeleton":2,"minecraft:sheep":4,"born_in_chaos_v1:zombie_fisherman":2,"minecraft:zombie":19,"born_in_chaos_v1:corpse_fly":16,"alexsmobs:fly":1,"enemyexpansion:slugger":1,"minecraft:cow":6},"minecraft:mined":{"minecraft:tuff":332,"minecraft:white_bed":3,"luminousworld:yellowpetunias":1,"iceandfire:silver_ore":9,"minecraft:deepslate_diamond_ore":35,"iceandfire:copper_pile":2,"torchmaster:megatorch":1,"minecraft:granite":66,"minecraft:acacia_log":34,"minecraft:grass_block":31,"minecraft:spruce_fence":4,"born_in_chaos_v1:black_argillite":1,"iceandfire:lectern":1,"luminousworld:grassvariant_2":1,"luminousworld:sunset_petunias":1,"luminousworld:yellow_grassflowers":1,"supplementaries:timber_frame":1,"minecraft:iron_ore":3,"minecraft:cobbled_deepslate":6,"minecraft:andesite":36,"minecraft:deepslate_lapis_ore":14,"minecraft:bookshelf":4,"minecraft:dirt_path":2,"iceandfire:gold_pile":3,"minecraft:deepslate_iron_ore":18,"minecraft:oak_stairs":5,"minecraft:lantern":4,"minecraft:iron_block":1,"minecraft:stone":577,"iceandfire:podium_spruce":1,"minecraft:deepslate_redstone_ore":38,"minecraft:acacia_leaves":22,"minecraft:amethyst_cluster":4,"ecologics:walnut_fence":1,"minecraft:oak_fence":1,"minecraft:crafting_table":6,"born_in_chaos_v1:infected_deepslate_diamond_ore":3,"minecraft:blast_furnace":1,"minecraft:calcite":11,"minecraft:chest":1,"minecraft:copper_ore":14,"minecraft:tall_grass":1,"minecraft:cobblestone":2,"minecraft:deepslate_gold_ore":64,"minecraft:oak_planks":27,"minecraft:wall_torch":8,"minecraft:amethyst_block":8,"minecraft:diorite":17,"supplementaries:urn":2,"ecologics:seashell":1,"minecraft:grass":21,"minecraft:oak_log":40,"minecraft:coal_ore":18,"iceandfire:silver_pile":3,"luminousworld:ishstone":46,"minecraft:gravel":161,"minecraft:dirt":144,"minecraft:sand":30,"luminousworld:grassvariant_3":2,"minecraft:cobweb":4,"minecraft:smooth_basalt":13,"minecraft:deepslate":4303,"minecraft:oak_leaves":1},"minecraft:used":{"iceandfire:lectern":1,"minecraft:oak_trapdoor":2,"minecraft:iron_shovel":351,"minecraft:chest":8,"minecraft:stone":13,"minecraft:iron_sword":475,"endrem:lost_eye":1,"minecraft:torch":475,"minecraft:dirt":144,"minecraft:spyglass":15,"minecraft:acacia_sapling":3,"minecraft:spruce_fence":4,"minecraft:glass":71,"minecraft:wooden_axe":37,"cataclysm:infernal_forge":2,"minecraft:lantern":19,"minecraft:iron_axe":92,"minecraft:oak_stairs":22,"alexscaves:submarine":2,"minecraft:iron_boots":1,"minecraft:smooth_basalt":13,"quark:oak_vertical_slab":6,"minecraft:bow":28,"tombstone:gift":3,"torchmaster:megatorch":3,"minecraft:potato":12,"minecraft:cooked_beef":47,"minecraft:cobbled_deepslate":40,"minecraft:cooked_mutton":2,"minecraft:oak_planks":87,"minecraft:stone_pickaxe":1,"minecraft:wooden_pickaxe":22,"minecraft:leather_chestplate":1,"supplementaries:timber_frame":1,"iceandfire:podium_spruce":1,"minecraft:rail":1,"minecraft:oak_slab":8,"minecraft:crafting_table":6,"iceandfire:dragonbone_sword_lightning":11,"minecraft:white_bed":4,"tombstone:bag_of_seeds":2,"minecraft:oak_log":29,"minecraft:diamond_pickaxe":638,"quark:pickarang":1,"minecraft:bread":3,"minecraft:iron_pickaxe":250,"ecologics:walnut_fence":1,"minecraft:deepslate":17,"minecraft:diamond_sword":32,"minecraft:cobblestone":33,"vanillaplustools:iron_hammer":472,"minecraft:chainmail_boots":1,"endermanoverhaul:corrupted_blade":3,"minecraft:chest_minecart":1},"minecraft:crafted":{"minecraft:oak_planks":76,"minecraft:spyglass":1,"minecraft:glass":71,"minecraft:diamond_helmet":1,"minecraft:diamond_leggings":1,"minecraft:iron_axe":1,"minecraft:stone_pickaxe":1,"minecraft:diamond_boots":1,"minecraft:cooked_beef":3,"minecraft:diamond_sword":1,"iceandfire:silver_ingot":1,"minecraft:crafting_table":2,"minecraft:wooden_pickaxe":1,"minecraft:iron_sword":1,"minecraft:copper_ingot":2,"minecraft:air":0,"minecraft:diamond_pickaxe":1,"minecraft:charcoal":19,"minecraft:stick":32,"minecraft:iron_ingot":9,"minecraft:iron_pickaxe":1,"minecraft:wooden_axe":1,"minecraft:iron_shovel":2,"minecraft:white_bed":1,"minecraft:torch":108,"minecraft:diamond_chestplate":1},"minecraft:broken":{"minecraft:iron_shovel":1,"vanillaplustools:iron_hammer":1,"minecraft:iron_sword":1,"minecraft:iron_pickaxe":1,"minecraft:wooden_axe":1,"aether:leather_gloves":1},"minecraft:custom":{"minecraft:mob_kills":93,"minecraft:interact_with_crafting_table":36,"minecraft:open_barrel":26,"minecraft:bell_ring":3,"minecraft:damage_dealt_resisted":265,"minecraft:leave_game":10,"minecraft:time_since_death":160249,"minecraft:climb_one_cm":10294,"minecraft:sprint_one_cm":711139,"minecraft:walk_one_cm":1225192,"minecraft:drop":138,"minecraft:damage_dealt_absorbed":74,"minecraft:talked_to_villager":1,"minecraft:play_time":424961,"minecraft:sneak_time":11619,"minecraft:deaths":1,"minecraft:walk_under_water_one_cm":138275,"minecraft:jump":3751,"minecraft:enchant_item":1,"minecraft:interact_with_blast_furnace":2,"minecraft:walk_on_water_one_cm":90847,"minecraft:total_world_time":424961,"minecraft:interact_with_furnace":71,"tombstone:raider_killed":1,"minecraft:tune_noteblock":1,"minecraft:interact_with_stonecutter":1,"minecraft:sleep_in_bed":2,"minecraft:time_since_rest":159680,"minecraft:damage_taken":3675,"minecraft:damage_dealt":15594,"minecraft:player_kills":1,"minecraft:swim_one_cm":3960,"minecraft:fly_one_cm":683498,"minecraft:open_chest":72,"minecraft:crouch_one_cm":20904,"tombstone:undead_killed":45,"minecraft:interact_with_smoker":3,"minecraft:fall_one_cm":99112,"minecraft:horse_one_cm":7552},"minecraft:picked_up":{"minecraft:fishing_rod":1,"minecraft:charcoal":5,"minecraft:crafting_table":6,"born_in_chaos_v1:diamond_termite_shard":6,"minecraft:wheat":2,"minecraft:chainmail_boots":1,"minecraft:chest_minecart":1,"ecologics:seashell":1,"minecraft:diamond_sword":1,"minecraft:oak_stairs":32,"minecraft:enchanted_book":1,"minecraft:amethyst_block":11,"minecraft:string":6,"minecraft:oak_trapdoor":1,"minecraft:raw_copper":55,"minecraft:armor_stand":2,"iceandfire:bestiary":1,"minecraft:gold_nugget":18,"minecraft:cobbled_deepslate":3334,"minecraft:spruce_planks":7,"minecraft:beef":12,"minecraft:calcite":33,"minecraft:wooden_shovel":6,"minecraft:iron_pickaxe":1,"minecraft:chest":1,"minecraft:iron_boots":1,"minecraft:stick":19,"minecraft:raw_iron":21,"minecraft:music_disc_blocks":1,"born_in_chaos_v1:shattered_skull":1,"minecraft:acacia_fence":2,"minecraft:copper_ingot":1,"minecraft:oak_fence":9,"minecraft:torch":115,"minecraft:acacia_log":34,"minecraft:spruce_fence":4,"minecraft:cookie":1,"tombstone:grave_dust":4,"minecraft:diorite":17,"born_in_chaos_v1:pieceofdarkmetal":2,"minecraft:redstone":170,"minecraft:tnt":4,"minecraft:arrow":7,"minecraft:rotten_flesh":64,"luminousworld:yellow_grassflowers":1,"minecraft:iron_block":1,"minecraft:gold_ingot":2,"minecraft:mutton":5,"undead_revamp2:arapholia":2,"minecraft:rail":7,"minecraft:white_wool":4,"minecraft:cobblestone":772,"born_in_chaos_v1:corpse_maggot":22,"ecologics:walnut":3,"minecraft:cooked_beef":1,"minecraft:andesite":30,"luminousworld:ishstone":52,"minecraft:leather":5,"alexsmobs:acacia_blossom":1,"vanillaplustools:diamond_hammer":2,"minecraft:flint":23,"minecraft:tuff":335,"minecraft:oak_log":41,"minecraft:gunpowder":1,"minecraft:lapis_lazuli":93,"minecraft:dirt":219,"minecraft:lantern":5,"minecraft:name_tag":1,"minecraft:cooked_mutton":4,"minecraft:bone":17,"minecraft:wheat_seeds":3,"minecraft:raw_gold":64,"tombstone:bag_of_seeds":2,"supplementaries:timber_frame":1,"minecraft:iron_sword":1,"minecraft:oak_planks":30,"minecraft:acacia_sapling":3,"minecraft:book":12,"iceandfire:copper_nugget":14,"minecraft:smooth_basalt":49,"iceandfire:podium_spruce":1,"minecraft:gravel":149,"torchmaster:megatorch":1,"minecraft:sand":30,"minecraft:amethyst_shard":21,"minecraft:blast_furnace":1,"minecraft:white_bed":3,"minecraft:leather_helmet":1,"ecologics:walnut_fence":1,"minecraft:sugar":11,"minecraft:slime_ball":2,"minecraft:diamond":35,"iceandfire:lectern":1,"luminousworld:yellowpetunias":1,"minecraft:chainmail_leggings":1,"minecraft:iron_helmet":2,"minecraft:granite":65,"minecraft:bread":6,"tombstone:magic_scroll":1,"iceandfire:silver_nugget":10,"minecraft:coal":18,"iceandfire:raw_silver":10,"minecraft:diamond_pickaxe":1},"minecraft:dropped":{"minecraft:oak_slab":1,"minecraft:cooked_beef":1,"minecraft:crafting_table":1,"minecraft:oak_fence":9,"minecraft:iron_helmet":1,"minecraft:cobblestone":426,"minecraft:lantern":1,"minecraft:granite":64,"minecraft:copper_ingot":1,"minecraft:acacia_log":34,"minecraft:rail":7,"minecraft:stick":8,"minecraft:flint":8,"minecraft:dirt":1,"minecraft:diorite":17,"minecraft:torch":1,"quark:oak_vertical_slab":1,"minecraft:fishing_rod":1,"minecraft:string":2,"minecraft:smooth_basalt":2,"minecraft:gold_ingot":1,"minecraft:bone":1,"vanillaplustools:diamond_hammer":2,"minecraft:gravel":53,"minecraft:oak_trapdoor":2,"minecraft:cobbled_deepslate":2831,"minecraft:deepslate":2,"minecraft:tuff":177,"minecraft:rotten_flesh":39,"minecraft:diamond_pickaxe":1,"minecraft:charcoal":5,"born_in_chaos_v1:corpse_maggot":6,"minecraft:wooden_shovel":6,"iceandfire:bestiary":1,"ecologics:seashell":1}},"DataVersion":3465}