{"stats":{"minecraft:broken":{"minecraft:iron_shovel":2,"minecraft:iron_axe":1},"minecraft:killed":{"minecraft:witch":1,"minecraft:spider":2,"minecraft:vindicator":1,"minecraft:skeleton":12,"minecraft:zombie_villager":1,"minecraft:creeper":1,"minecraft:sheep":6,"minecraft:pillager":1,"minecraft:zombie":7,"minecraft:cow":4},"minecraft:used":{"minecraft:iron_shovel":503,"minecraft:oak_sign":4,"minecraft:chest":11,"minecraft:iron_sword":1,"minecraft:stone":65,"minecraft:oak_door":5,"minecraft:torch":31,"minecraft:dirt":168,"minecraft:iron_hoe":1,"minecraft:glass":3,"minecraft:grass_block":49,"minecraft:iron_axe":448,"simplyswords:iron_longsword":52,"minecraft:stone_brick_stairs":15,"minecraft:stone_bricks":108,"minecraft:oak_sapling":64,"galosphere:glow_flare":18,"minecraft:water_bucket":50,"minecraft:mossy_stone_bricks":1,"minecraft:oak_planks":993,"minecraft:spruce_sign":1,"minecraft:sniffer_egg":1,"minecraft:blue_bed":2,"minecraft:jungle_boat":1,"minecraft:crafting_table":2,"minecraft:spruce_log":7,"minecraft:creeper_spawn_egg":10,"minecraft:iron_pickaxe":23,"minecraft:spruce_sapling":18,"minecraft:diamond_sword":139,"minecraft:cooked_porkchop":34,"minecraft:bucket":22,"minecraft:glass_pane":12},"minecraft:dropped":{"minecraft:water_bucket":1,"minecraft:iron_ingot":828,"minecraft:porkchop":1,"minecraft:lapis_lazuli":79,"minecraft:cooked_beef":3,"minecraft:oak_log":262,"minecraft:sniffer_egg":1,"minecraft:diamond":10,"minecraft:cooked_porkchop":771,"minecraft:iron_helmet":1,"minecraft:cobblestone":11,"minecraft:glow_berries":11,"travelersbackpack:standard":1,"minecraft:acacia_log":1,"minecraft:stick":22,"minecraft:emerald":2,"minecraft:lava_bucket":1,"minecraft:dirt":60,"moonsweaponry:iron_greatsword":3,"minecraft:torch":80,"minecraft:iron_leggings":1,"minecraft:gold_nugget":1,"minecraft:phantom_membrane":1,"minecraft:iron_axe":1,"minecraft:raw_iron_block":1,"minecraft:iron_pickaxe":1,"minecraft:iron_shovel":2,"minecraft:spruce_sapling":10,"minecraft:bone":4,"minecraft:gravel":21,"minecraft:moss_carpet":3,"minecraft:stone_axe":1,"minecraft:cooked_chicken":1,"minecraft:cobbled_deepslate":423,"minecraft:light_gray_terracotta":4,"minecraft:tuff":25,"minecraft:rotten_flesh":5,"minecraft:clay_ball":60,"minecraft:cooked_mutton":1,"galosphere:silver_nugget":64,"minecraft:stone":1,"minecraft:shield":1,"minecraft:gunpowder":4,"aether:iron_gloves":2,"minecraft:iron_chestplate":1,"minecraft:chest":1,"galosphere:glow_flare":1,"minecraft:stone_bricks":6,"minecraft:bow":1,"minecraft:arrow":2,"minecraft:raw_gold":8,"galosphere:silver_ingot":122},"minecraft:crafted":{"minecraft:oak_door":3,"minecraft:oak_planks":832,"simplyswords:iron_longsword":1,"minecraft:glass_pane":16,"minecraft:glass":44,"travelersbackpack:white_sleeping_bag":1,"minecraft:iron_boots":1,"minecraft:iron_axe":4,"minecraft:iron_hoe":1,"minecraft:chest":10,"minecraft:red_dye":14,"minecraft:crafting_table":1,"minecraft:jungle_boat":1,"travelersbackpack:standard":2,"travelersbackpack:backpack_tank":4,"minecraft:iron_helmet":1,"minecraft:red_wool":2,"minecraft:air":0,"minecraft:jungle_planks":20,"travelersbackpack:red_sleeping_bag":1,"aether:iron_gloves":1,"minecraft:iron_chestplate":1,"minecraft:stick":12,"minecraft:iron_pickaxe":1,"minecraft:iron_shovel":3,"minecraft:iron_leggings":1},"minecraft:picked_up":{"minecraft:iron_chestplate":1,"minecraft:crafting_table":3,"minecraft:clay_ball":124,"aether:iron_gloves":1,"minecraft:diamond_sword":1,"galosphere:silver_ingot":122,"minecraft:potion":1,"minecraft:shield":1,"minecraft:string":2,"minecraft:moss_carpet":3,"minecraft:iron_axe":1,"minecraft:iron_leggings":1,"minecraft:item_frame":4,"minecraft:iron_shovel":2,"minecraft:gold_nugget":1,"minecraft:cobbled_deepslate":425,"moonsweaponry:iron_greatsword":2,"minecraft:beef":1,"minecraft:poppy":14,"minecraft:iron_pickaxe":2,"minecraft:light_gray_wool":1,"minecraft:phantom_membrane":2,"minecraft:iron_boots":1,"minecraft:raw_iron":23,"minecraft:stick":48,"minecraft:stone":1,"minecraft:oak_door":3,"minecraft:torch":16,"minecraft:acacia_log":1,"minecraft:porkchop":1,"minecraft:arrow":28,"minecraft:rotten_flesh":31,"minecraft:glow_berries":11,"minecraft:white_wool":4,"minecraft:cobblestone":13,"minecraft:cooked_beef":13,"minecraft:water_bucket":1,"minecraft:jungle_log":2,"minecraft:brown_wool":1,"minecraft:leather":7,"minecraft:jungle_wood":3,"minecraft:flint":2,"minecraft:tuff":25,"minecraft:oak_log":403,"minecraft:gunpowder":4,"minecraft:dirt":546,"minecraft:lapis_lazuli":79,"minecraft:blue_bed":2,"minecraft:name_tag":1,"minecraft:cooked_mutton":3,"minecraft:glass":17,"minecraft:bone":28,"minecraft:apple":2,"minecraft:stone_bricks":23,"minecraft:bow":4,"minecraft:wheat_seeds":7,"minecraft:raw_gold":8,"minecraft:iron_ingot":606,"minecraft:cooked_chicken":1,"minecraft:mossy_stone_bricks":1,"minecraft:diamond_helmet":1,"minecraft:moss_block":7,"minecraft:oak_planks":154,"minecraft:cooked_porkchop":643,"minecraft:sweet_berries":2,"minecraft:gravel":21,"minecraft:raw_iron_block":1,"minecraft:sand":33,"minecraft:spruce_sapling":34,"minecraft:spruce_log":117,"galosphere:silver_nugget":64,"minecraft:light_gray_terracotta":4,"minecraft:diamond":10,"minecraft:stone_axe":1,"minecraft:iron_helmet":1,"minecraft:spruce_sign":2,"minecraft:emerald":2,"minecraft:oak_sapling":20},"minecraft:mined":{"minecraft:oak_door":3,"minecraft:grass_block":381,"minecraft:jungle_log":2,"minecraft:spruce_leaves":52,"minecraft:spawner":3,"minecraft:large_fern":1,"minecraft:dirt_path":2,"minecraft:crafting_table":2,"minecraft:poppy":14,"minecraft:spruce_wall_sign":2,"minecraft:glass":3,"minecraft:oak_planks":145,"minecraft:blue_bed":2,"minecraft:jungle_wood":3,"minecraft:sweet_berry_bush":4,"minecraft:spruce_log":117,"minecraft:grass":4,"minecraft:oak_log":67,"minecraft:sand":40,"minecraft:dirt":93,"minecraft:stone_bricks":20,"minecraft:oak_leaves":46,"minecraft:fern":13},"minecraft:custom":{"minecraft:mob_kills":43,"minecraft:interact_with_anvil":1,"minecraft:animals_bred":7,"minecraft:interact_with_crafting_table":43,"minecraft:open_barrel":4,"minecraft:leave_game":3,"minecraft:time_since_death":251416,"minecraft:climb_one_cm":24308,"minecraft:sprint_one_cm":618109,"minecraft:walk_one_cm":737964,"minecraft:drop":125,"minecraft:talked_to_villager":1,"minecraft:play_time":282712,"minecraft:deaths":1,"minecraft:sneak_time":5957,"minecraft:walk_under_water_one_cm":12549,"minecraft:jump":1786,"minecraft:interact_with_blast_furnace":1,"minecraft:walk_on_water_one_cm":15069,"minecraft:total_world_time":282712,"minecraft:interact_with_furnace":18,"minecraft:interact_with_grindstone":2,"minecraft:interact_with_stonecutter":1,"minecraft:sleep_in_bed":2,"minecraft:time_since_rest":30720,"minecraft:damage_taken":2757,"minecraft:damage_dealt":8304,"minecraft:player_kills":1,"minecraft:swim_one_cm":1873,"minecraft:fly_one_cm":659773,"minecraft:open_chest":97,"minecraft:crouch_one_cm":20047,"minecraft:fall_one_cm":32821,"minecraft:inspect_dispenser":4}},"DataVersion":3465}