{"stats":{"minecraft:picked_up":{"minecraft:item_frame":1,"minecraft:gold_ingot":1},"minecraft:killed_by":{"minecraft:skeleton":1},"minecraft:dropped":{"minecraft:gold_ingot":1,"minecraft:item_frame":1},"minecraft:custom":{"minecraft:time_since_rest":2880,"minecraft:open_chest":2,"minecraft:crouch_one_cm":69,"minecraft:play_time":15975,"minecraft:sprint_one_cm":38246,"minecraft:interact_with_furnace":1,"minecraft:interact_with_loom":1,"minecraft:deaths":1,"minecraft:damage_taken":230,"minecraft:walk_one_cm":46017,"minecraft:sneak_time":690,"minecraft:walk_under_water_one_cm":34,"minecraft:drop":2,"minecraft:jump":231,"minecraft:interact_with_stonecutter":2,"minecraft:damage_dealt":45,"minecraft:time_since_death":2848,"minecraft:walk_on_water_one_cm":3059,"minecraft:total_world_time":15975,"minecraft:fly_one_cm":81821,"minecraft:fall_one_cm":5069,"minecraft:talked_to_villager":4}},"DataVersion":3465}