{"stats":{"minecraft:custom":{"minecraft:interact_with_crafting_table":39,"minecraft:open_barrel":89,"minecraft:bell_ring":3,"minecraft:leave_game":13,"minecraft:time_since_death":20506,"minecraft:sprint_one_cm":984149,"minecraft:damage_blocked_by_shield":720,"minecraft:drop":220,"minecraft:talked_to_villager":1,"minecraft:play_time":563302,"minecraft:deaths":6,"minecraft:jump":6069,"minecraft:walk_on_water_one_cm":138881,"minecraft:enchant_item":1,"minecraft:interact_with_furnace":78,"minecraft:sleep_in_bed":3,"minecraft:damage_dealt":29137,"minecraft:player_kills":1,"minecraft:crouch_one_cm":28843,"tombstone:undead_killed":103,"minecraft:interact_with_smoker":3,"minecraft:horse_one_cm":210033,"minecraft:mob_kills":173,"minecraft:damage_dealt_resisted":5241,"minecraft:climb_one_cm":10552,"minecraft:walk_one_cm":1744377,"minecraft:damage_dealt_absorbed":74,"minecraft:sneak_time":14561,"minecraft:walk_under_water_one_cm":174047,"minecraft:interact_with_blast_furnace":2,"minecraft:total_world_time":563302,"tombstone:raider_killed":1,"minecraft:tune_noteblock":1,"minecraft:interact_with_stonecutter":2,"minecraft:time_since_rest":19177,"minecraft:damage_taken":8252,"minecraft:damage_absorbed":80,"minecraft:trigger_trapped_chest":3,"minecraft:swim_one_cm":3960,"minecraft:fly_one_cm":1707477,"minecraft:open_chest":209,"minecraft:fall_one_cm":209895},"minecraft:picked_up":{"minecraft:wheat":2,"minecraft:chainmail_boots":1,"minecraft:diamond_sword":4,"minecraft:oak_stairs":32,"earthmobsmod:fancy_egg":6,"minecraft:potion":1,"minecraft:enchanted_book":1,"minecraft:brewing_stand":1,"tombstone:grave_key":1,"minecraft:amethyst_block":11,"minecraft:string":17,"minecraft:raw_copper":55,"minecraft:armor_stand":2,"minecraft:gold_nugget":18,"minecraft:cobbled_deepslate":3339,"minecraft:spruce_planks":7,"minecraft:calcite":33,"minecraft:wooden_shovel":6,"minecraft:iron_pickaxe":1,"minecraft:iron_boots":2,"minecraft:tipped_arrow":3,"minecraft:stick":19,"minecraft:music_disc_blocks":1,"born_in_chaos_v1:shattered_skull":2,"minecraft:acacia_fence":2,"minecraft:oak_fence":9,"minecraft:torch":126,"minecraft:acacia_log":34,"born_in_chaos_v1:pileof_dark_metal":1,"minecraft:porkchop":8,"tombstone:grave_dust":8,"minecraft:diorite":17,"minecraft:rotten_flesh":94,"luminousworld:yellow_grassflowers":1,"minecraft:iron_block":3,"supplementaries:ash":19,"undead_revamp2:arapholia":4,"minecraft:cobblestone":815,"born_in_chaos_v1:staffof_magic_arrows":2,"ecologics:walnut":3,"minecraft:cooked_beef":1,"minecraft:andesite":30,"vanillaplustools:diamond_hammer":2,"minecraft:flint":23,"minecraft:tuff":335,"born_in_chaos_v1:bonescaller_not_despawn_spawn_egg":1,"minecraft:lapis_lazuli":93,"minecraft:dirt":219,"minecraft:lantern":7,"minecraft:name_tag":1,"minecraft:bone":41,"minecraft:wheat_seeds":3,"minecraft:raw_gold":64,"minecraft:oak_planks":40,"iceandfire:podium_spruce":1,"torchmaster:megatorch":1,"minecraft:sand":30,"undead_revamp2:acidsack":1,"ecologics:walnut_fence":1,"minecraft:bundle":1,"minecraft:sugar":11,"minecraft:diamond":35,"luminousworld:yellowpetunias":1,"iceandfire:lectern":1,"minecraft:granite":65,"minecraft:bread":6,"minecraft:emerald":2,"iceandfire:silver_nugget":38,"minecraft:diamond_pickaxe":1,"iceandfire:raw_silver":16,"minecraft:fishing_rod":1,"minecraft:charcoal":5,"born_in_chaos_v1:diamond_termite_shard":6,"minecraft:crafting_table":6,"minecraft:chicken":1,"born_in_chaos_v1:seedof_chaos":2,"minecraft:chest_minecart":1,"ecologics:seashell":1,"minecraft:chain":1,"minecraft:oak_trapdoor":1,"minecraft:iron_axe":1,"minecraft:iron_shovel":1,"iceandfire:bestiary":1,"minecraft:beef":18,"minecraft:chest":1,"minecraft:egg":2,"minecraft:raw_iron":44,"minecraft:copper_ingot":1,"sophisticatedbackpacks:backpack":1,"minecraft:spruce_fence":4,"minecraft:cookie":1,"born_in_chaos_v1:pieceofdarkmetal":2,"minecraft:redstone":174,"minecraft:tnt":4,"minecraft:stone_shovel":1,"minecraft:arrow":12,"tombstone:essence_of_undeath":1,"minecraft:gold_ingot":2,"minecraft:mutton":5,"minecraft:white_wool":4,"minecraft:rail":7,"born_in_chaos_v1:corpse_maggot":23,"luminousworld:ishstone":52,"minecraft:leather":7,"alexsmobs:acacia_blossom":1,"minecraft:oak_log":45,"minecraft:gunpowder":1,"minecraft:cooked_mutton":4,"minecraft:iron_ingot":3,"earthmobsmod:fancy_feather":1,"tombstone:bag_of_seeds":3,"supplementaries:timber_frame":1,"minecraft:iron_sword":1,"minecraft:acacia_sapling":3,"minecraft:book":12,"iceandfire:copper_nugget":14,"minecraft:smooth_basalt":49,"luminousworld:clovers_1":2,"endrem:black_eye":1,"born_in_chaos_v1:orbofthe_summoner":1,"born_in_chaos_v1:ethereal_spirit":1,"minecraft:dandelion":1,"minecraft:gravel":149,"born_in_chaos_v1:dark_rod":2,"minecraft:amethyst_shard":21,"minecraft:blast_furnace":1,"minecraft:white_bed":3,"minecraft:spider_eye":2,"minecraft:leather_helmet":1,"minecraft:slime_ball":2,"minecraft:chainmail_leggings":1,"minecraft:iron_helmet":3,"vanillaplustools:stone_hammer":1,"tombstone:magic_scroll":2,"minecraft:coal":18},"minecraft:used":{"iceandfire:lectern":1,"minecraft:iron_shovel":351,"minecraft:shield":33,"minecraft:chest":8,"minecraft:stone":13,"minecraft:iron_sword":475,"earthmobsmod:fancy_egg":6,"minecraft:acacia_sapling":3,"minecraft:glass":71,"cataclysm:infernal_forge":2,"minecraft:lantern":19,"minecraft:bow":82,"endrem:black_eye":1,"minecraft:potato":12,"minecraft:stone_pickaxe":1,"minecraft:oak_planks":87,"minecraft:leather_chestplate":1,"minecraft:wooden_pickaxe":22,"minecraft:golden_apple":2,"iceandfire:podium_spruce":1,"iceandfire:dragonbone_sword_lightning":11,"sophisticatedbackpacks:backpack":2,"minecraft:bread":3,"ecologics:walnut_fence":1,"born_in_chaos_v1:black_argillite_brick_n":2,"minecraft:deepslate":17,"minecraft:diamond_sword":484,"endermanoverhaul:corrupted_blade":3,"minecraft:chainmail_boots":1,"minecraft:chest_minecart":1,"minecraft:oak_trapdoor":2,"minecraft:redstone":1,"endrem:lost_eye":1,"minecraft:torch":551,"minecraft:brewing_stand":1,"minecraft:dirt":144,"minecraft:spyglass":15,"minecraft:spruce_fence":4,"minecraft:wooden_axe":37,"minecraft:iron_axe":92,"minecraft:oak_stairs":22,"alexscaves:submarine":2,"minecraft:iron_boots":1,"minecraft:diamond_chestplate":1,"minecraft:smooth_basalt":13,"quark:oak_vertical_slab":6,"tombstone:gift":20,"torchmaster:megatorch":3,"minecraft:cooked_beef":84,"minecraft:cobbled_deepslate":40,"minecraft:cooked_mutton":2,"minecraft:water_bucket":1,"supplementaries:timber_frame":1,"minecraft:rail":1,"minecraft:oak_slab":8,"minecraft:crafting_table":6,"minecraft:white_bed":4,"minecraft:oak_log":29,"tombstone:bag_of_seeds":3,"minecraft:diamond_pickaxe":690,"quark:pickarang":1,"minecraft:iron_pickaxe":250,"minecraft:cobblestone":36,"vanillaplustools:iron_hammer":472,"minecraft:bucket":1,"quark:oak_chest":4,"minecraft:diamond_leggings":1},"minecraft:killed":{"minecraft:witch":1,"minecraft:spider":5,"enemyexpansion:equestrian":3,"luminousworld:frost_bitten_skeleton":3,"undead_revamp2:thesmoker":3,"born_in_chaos_v1:baby_skeleton_minion":13,"minecraft:skeleton":2,"born_in_chaos_v1:supreme_bonescaller_stage_2":1,"undead_revamp2:thespitter":2,"born_in_chaos_v1:bonescaller":1,"minecraft:pig":3,"born_in_chaos_v1:diamond_termite":6,"earthmobsmod:lobber_zombie":1,"minecraft:creeper":1,"minecraft:sheep":4,"born_in_chaos_v1:zombie_fisherman":2,"minecraft:zombie":31,"born_in_chaos_v1:corpse_fly":16,"minecraft:stray":7,"enemyexpansion:botfly":2,"alexsmobs:fly":1,"born_in_chaos_v1:door_knight":1,"minecraft:cow":6,"luminousworld:frostbitten_zombie":1,"born_in_chaos_v1:skeleton_thrasher_not_despawn":1,"undead_revamp2:bomber":1,"enemyexpansion:direwolf":1,"born_in_chaos_v1:maggot":11,"minecraft:drowned":5,"earthmobsmod:bouldering_zombie":1,"born_in_chaos_v1:bone_imp_minion":7,"born_in_chaos_v1:baby_skeleton":2,"born_in_chaos_v1:swarmer":1,"undead_revamp2:the_moonflower":5,"enemyexpansion:sprinter":1,"born_in_chaos_v1:decrepit_skeleton":3,"luminousworld:mourning_cloak":1,"iceandfire:ghost":2,"born_in_chaos_v1:bonescaller_not_despawn":2,"born_in_chaos_v1:dark_vortex":1,"enemyexpansion:slugger":1},"minecraft:dropped":{"minecraft:iron_sword":1,"minecraft:cooked_beef":1,"minecraft:crafting_table":1,"minecraft:lantern":1,"minecraft:rail":7,"minecraft:flint":8,"minecraft:dirt":1,"minecraft:fishing_rod":1,"luminousworld:clovers_1":2,"minecraft:gold_ingot":1,"minecraft:bone":1,"minecraft:gravel":53,"minecraft:cobbled_deepslate":2831,"minecraft:wheat":2,"minecraft:rotten_flesh":67,"supplementaries:flax_seeds":1,"minecraft:charcoal":5,"minecraft:beetroot_seeds":4,"born_in_chaos_v1:corpse_maggot":6,"iceandfire:bestiary":1,"born_in_chaos_v1:black_argillite_brick_n":1,"minecraft:egg":2,"minecraft:oak_slab":1,"born_in_chaos_v1:shattered_skull":2,"minecraft:oak_fence":9,"minecraft:iron_helmet":1,"minecraft:cobblestone":472,"minecraft:granite":64,"minecraft:copper_ingot":1,"minecraft:acacia_log":34,"minecraft:stick":8,"minecraft:diorite":17,"minecraft:torch":1,"tombstone:grave_key":2,"minecraft:oak_stairs":6,"born_in_chaos_v1:staffof_magic_arrows":1,"quark:oak_vertical_slab":1,"minecraft:iron_shovel":1,"minecraft:string":2,"minecraft:smooth_basalt":2,"vanillaplustools:diamond_hammer":2,"iceandfire:silver_nugget":28,"minecraft:oak_trapdoor":2,"minecraft:raw_copper":37,"minecraft:cocoa_beans":1,"minecraft:deepslate":2,"minecraft:tuff":177,"born_in_chaos_v1:bonescaller_not_despawn_spawn_egg":2,"minecraft:torchflower_seeds":1,"minecraft:diamond_sword":2,"minecraft:diamond_pickaxe":1,"minecraft:wooden_shovel":6,"ecologics:seashell":1},"minecraft:killed_by":{"born_in_chaos_v1:bone_imp_minion":1,"enemyexpansion:invisicreeper":1,"minecraft:stray":1,"mutantmonsters:mutant_skeleton":1},"minecraft:mined":{"minecraft:white_bed":3,"iceandfire:graveyard_soil":2,"luminousworld:yellowpetunias":1,"iceandfire:copper_pile":2,"minecraft:brewing_stand":1,"minecraft:granite":66,"minecraft:acacia_log":34,"minecraft:grass_block":31,"iceandfire:lectern":1,"luminousworld:savanna_grass_2":2,"minecraft:spawner":2,"minecraft:tall_seagrass":1,"minecraft:iron_ore":26,"minecraft:cobbled_deepslate":6,"minecraft:deepslate_lapis_ore":14,"iceandfire:gold_pile":3,"minecraft:dirt_path":2,"minecraft:oak_stairs":5,"minecraft:iron_block":3,"minecraft:deepslate_redstone_ore":38,"minecraft:brown_mushroom":1,"minecraft:amethyst_cluster":4,"ecologics:walnut_fence":1,"born_in_chaos_v1:infected_deepslate_diamond_ore":3,"minecraft:torch":2,"minecraft:blast_furnace":1,"minecraft:calcite":11,"minecraft:chest":1,"minecraft:cobblestone":2,"minecraft:oak_planks":27,"minecraft:wall_torch":16,"minecraft:amethyst_block":8,"minecraft:skeleton_skull":1,"minecraft:seagrass":1,"minecraft:chain":1,"ecologics:seashell":1,"minecraft:grass":28,"minecraft:oak_log":44,"minecraft:sand":30,"minecraft:dirt":145,"luminousworld:grassvariant_3":3,"minecraft:smooth_basalt":13,"minecraft:oak_leaves":1,"minecraft:deepslate":4303,"minecraft:tuff":332,"iceandfire:silver_ore":16,"minecraft:deepslate_diamond_ore":35,"torchmaster:megatorch":1,"minecraft:spruce_fence":4,"born_in_chaos_v1:black_argillite":1,"minecraft:redstone_wire":1,"luminousworld:grassvariant_2":5,"minecraft:spruce_leaves":4,"minecraft:large_fern":1,"luminousworld:sunset_petunias":1,"luminousworld:yellow_grassflowers":1,"supplementaries:timber_frame":1,"minecraft:andesite":36,"minecraft:bookshelf":4,"minecraft:deepslate_iron_ore":18,"minecraft:vine":2,"minecraft:lantern":4,"minecraft:packed_ice":5,"minecraft:stone":579,"iceandfire:podium_spruce":1,"sophisticatedbackpacks:backpack":1,"minecraft:acacia_leaves":22,"minecraft:dandelion":2,"minecraft:oak_fence":1,"minecraft:crafting_table":6,"luminousworld:savannah_grass_1":2,"minecraft:tall_grass":1,"minecraft:copper_ore":14,"minecraft:deepslate_gold_ore":64,"minecraft:diorite":17,"supplementaries:urn":9,"minecraft:coal_ore":18,"iceandfire:silver_pile":3,"luminousworld:ishstone":46,"minecraft:gravel":161,"minecraft:cobweb":9},"minecraft:crafted":{"minecraft:oak_planks":116,"minecraft:glass":71,"minecraft:diamond_helmet":1,"minecraft:diamond_leggings":1,"minecraft:crafting_table":2,"minecraft:wooden_pickaxe":1,"minecraft:copper_ingot":2,"minecraft:charcoal":19,"minecraft:diamond_pickaxe":1,"quark:oak_chest":2,"minecraft:stick":32,"minecraft:iron_pickaxe":1,"minecraft:iron_ingot":9,"minecraft:spyglass":1,"minecraft:iron_axe":1,"minecraft:stone_pickaxe":1,"minecraft:diamond_boots":1,"minecraft:cooked_beef":3,"minecraft:diamond_sword":1,"iceandfire:silver_ingot":1,"minecraft:iron_sword":1,"minecraft:air":0,"minecraft:wooden_axe":1,"minecraft:iron_shovel":2,"minecraft:white_bed":1,"minecraft:torch":108,"minecraft:diamond_chestplate":1},"minecraft:broken":{"minecraft:iron_shovel":1,"minecraft:diamond_helmet":1,"vanillaplustools:iron_hammer":1,"minecraft:iron_boots":1,"minecraft:iron_sword":1,"minecraft:wooden_axe":1,"undead_revamp2:acidsack":1,"minecraft:iron_pickaxe":1,"aether:leather_gloves":1}},"DataVersion":3465}