{"stats":{"minecraft:crafted":{"minecraft:oak_planks":16,"minecraft:cooked_chicken":7,"minecraft:furnace":2,"minecraft:stone_pickaxe":1,"minecraft:chest":3,"minecraft:cooked_cod":6,"minecraft:cooked_porkchop":10,"minecraft:crafting_table":1,"minecraft:wooden_pickaxe":1,"minecraft:iron_sword":1,"minecraft:air":0,"minecraft:stick":24,"minecraft:iron_ingot":9,"minecraft:iron_pickaxe":2,"minecraft:wooden_axe":1,"minecraft:stone_sword":1,"minecraft:acacia_planks":64,"minecraft:torch":32},"minecraft:picked_up":{"minecraft:wooden_axe":1,"minecraft:crafting_table":1,"minecraft:wheat":9,"minecraft:chicken":1,"minecraft:wooden_pickaxe":1,"minecraft:string":6,"minecraft:raw_copper":8,"minecraft:red_candle":6,"minecraft:magenta_wool":1,"minecraft:cracked_stone_bricks":6,"minecraft:cobbled_deepslate":13,"minecraft:written_book":5,"minecraft:iron_pickaxe":4,"minecraft:spruce_slab":6,"minecraft:melon_slice":2,"minecraft:chest":19,"minecraft:egg":9,"twilightforest:firefly_jar":2,"minecraft:furnace":2,"minecraft:stick":65,"minecraft:raw_iron":9,"minecraft:copper_ingot":2,"minecraft:torch":125,"minecraft:acacia_log":24,"minecraft:spruce_fence":3,"minecraft:porkchop":10,"minecraft:carrot":14,"minecraft:stone_sword":1,"minecraft:arrow":11,"minecraft:rotten_flesh":8,"minecraft:cooked_cod":4,"twilightforest:cicada":4,"minecraft:shears":1,"minecraft:glistering_melon_slice":10,"minecraft:white_wool":10,"minecraft:cobblestone":40,"minecraft:cooked_beef":2,"twilightforest:twilight_oak_log":9,"minecraft:andesite":7,"minecraft:oak_log":4,"minecraft:wither_skeleton_skull":1,"minecraft:wooden_hoe":1,"minecraft:map":1,"minecraft:lapis_lazuli":43,"minecraft:dirt":28,"twilightforest:twilight_oak_planks":2,"minecraft:bone":12,"minecraft:apple":2,"minecraft:stone_bricks":12,"minecraft:wheat_seeds":11,"minecraft:raw_gold":16,"minecraft:stone_pickaxe":2,"minecraft:mossy_stone_bricks":84,"minecraft:oak_planks":57,"minecraft:iron_sword":5,"minecraft:acacia_sapling":25,"minecraft:oak_slab":15,"minecraft:cooked_porkchop":12,"minecraft:poisonous_potato":4,"minecraft:sand":22,"minecraft:barrel":4,"minecraft:polished_andesite":57,"twilightforest:dark_planks":5,"minecraft:stone_axe":1,"minecraft:baked_potato":4,"minecraft:coal":54,"twilightforest:torchberries":2},"minecraft:killed_by":{"twilightforest:winter_wolf":1,"twilightforest:kobold":2,"minecraft:skeleton":1},"minecraft:used":{"minecraft:stone_sword":55,"minecraft:chest":3,"minecraft:iron_sword":112,"minecraft:cooked_chicken":4,"minecraft:torch":53,"minecraft:dirt":10,"minecraft:carrot":10,"minecraft:acacia_sapling":21,"minecraft:wooden_axe":38,"minecraft:barrel":1,"minecraft:furnace":4,"minecraft:cooked_cod":2,"minecraft:egg":21,"minecraft:acacia_planks":2,"minecraft:cooked_beef":2,"minecraft:cobbled_deepslate":7,"minecraft:mossy_stone_bricks":9,"minecraft:stone_pickaxe":80,"minecraft:oak_planks":4,"minecraft:wooden_pickaxe":14,"minecraft:cracked_stone_bricks":6,"minecraft:crafting_table":2,"minecraft:apple":1,"minecraft:melon_slice":4,"minecraft:iron_pickaxe":22,"twilightforest:firefly_jar":1,"minecraft:stone_axe":6,"minecraft:cobblestone":12,"minecraft:cooked_porkchop":12},"minecraft:dropped":{"minecraft:iron_ingot":1,"minecraft:iron_sword":1,"minecraft:wheat_seeds":2,"minecraft:poisonous_potato":2,"minecraft:acacia_log":7,"minecraft:stick":57,"minecraft:wooden_hoe":1,"minecraft:wooden_axe":1,"minecraft:sand":22,"minecraft:iron_pickaxe":1,"minecraft:white_wool":10,"minecraft:bone":3,"minecraft:cooked_chicken":3,"minecraft:rotten_flesh":5,"minecraft:shears":1,"minecraft:arrow":5,"minecraft:wooden_pickaxe":1,"minecraft:stone_pickaxe":1},"minecraft:custom":{"minecraft:mob_kills":22,"minecraft:interact_with_crafting_table":15,"minecraft:open_barrel":2,"minecraft:leave_game":2,"minecraft:time_since_death":2637,"minecraft:climb_one_cm":3393,"minecraft:sprint_one_cm":213048,"minecraft:walk_one_cm":224012,"minecraft:drop":23,"minecraft:sneak_time":1245,"minecraft:play_time":92414,"minecraft:deaths":5,"minecraft:walk_under_water_one_cm":11433,"minecraft:jump":1127,"minecraft:walk_on_water_one_cm":13090,"minecraft:total_world_time":92414,"minecraft:interact_with_furnace":30,"minecraft:time_since_rest":2700,"minecraft:damage_taken":3270,"minecraft:trigger_trapped_chest":2,"minecraft:damage_dealt":3952,"minecraft:player_kills":1,"minecraft:swim_one_cm":3171,"minecraft:fly_one_cm":456050,"minecraft:open_chest":27,"minecraft:crouch_one_cm":3864,"minecraft:fall_one_cm":25885},"minecraft:killed":{"twilightforest:winter_wolf":1,"twilightforest:boar":2,"minecraft:skeleton":2,"minecraft:chicken":1,"minecraft:drowned":1,"minecraft:pig":4,"twilightforest:kobold":4,"minecraft:zombie":7},"minecraft:mined":{"minecraft:acacia_log":16,"minecraft:grass_block":7,"minecraft:spawner":1,"minecraft:furnace":2,"minecraft:iron_ore":1,"minecraft:barrel":1,"minecraft:andesite":7,"minecraft:deepslate_lapis_ore":6,"twilightforest:dark_planks":2,"twilightforest:firefly_jar":1,"minecraft:deepslate_iron_ore":8,"minecraft:stone":32,"minecraft:acacia_leaves":7,"minecraft:hanging_roots":1,"minecraft:torch":1,"minecraft:chest":1,"minecraft:copper_ore":2,"minecraft:tall_grass":6,"minecraft:deepslate_gold_ore":8,"twilightforest:mayapple":5,"twilightforest:cicada":1,"twilightforest:wither_skeleton_skull_candle":1,"minecraft:grass":64,"minecraft:coal_ore":33,"minecraft:oak_log":4,"minecraft:dirt":3,"minecraft:oak_leaves":4,"minecraft:deepslate":11}},"DataVersion":3465}