{"stats":{"minecraft:broken":{"minecraft:iron_shovel":3,"minecraft:iron_axe":1},"minecraft:killed":{"minecraft:witch":1,"minecraft:spider":2,"minecraft:vindicator":1,"minecraft:phantom":1,"minecraft:skeleton":13,"minecraft:zombie_villager":1,"minecraft:creeper":1,"minecraft:sheep":6,"minecraft:pillager":1,"minecraft:zombie":11,"minecraft:cow":9},"minecraft:used":{"minecraft:iron_shovel":754,"twilightforest:torchberries":1,"minecraft:oak_sign":4,"minecraft:spruce_planks":1,"minecraft:chest":15,"minecraft:iron_sword":1,"minecraft:stone":65,"minecraft:oak_door":5,"minecraft:torch":36,"minecraft:dirt":319,"minecraft:spruce_fence":65,"minecraft:iron_hoe":71,"minecraft:glass":3,"minecraft:grass_block":49,"minecraft:iron_axe":645,"simplyswords:iron_longsword":52,"minecraft:stone_brick_stairs":22,"minecraft:stone_bricks":108,"minecraft:emerald_block":3,"minecraft:oak_sapling":64,"galosphere:glow_flare":18,"minecraft:beetroot_seeds":5,"minecraft:potato":1,"minecraft:cooked_beef":1,"minecraft:water_bucket":103,"minecraft:mossy_stone_bricks":1,"minecraft:lead":25,"minecraft:oak_planks":993,"minecraft:sugar_cane":10,"minecraft:spruce_fence_gate":2,"minecraft:spruce_sign":1,"minecraft:sniffer_egg":1,"minecraft:blue_bed":2,"minecraft:jungle_boat":1,"minecraft:sand":25,"minecraft:crafting_table":4,"minecraft:spruce_log":135,"minecraft:creeper_spawn_egg":10,"minecraft:iron_pickaxe":55,"minecraft:spruce_sapling":20,"minecraft:diamond_sword":165,"minecraft:cooked_porkchop":44,"minecraft:bucket":74,"minecraft:glass_pane":12},"minecraft:dropped":{"minecraft:water_bucket":1,"minecraft:iron_ingot":828,"minecraft:porkchop":1,"minecraft:lapis_lazuli":79,"minecraft:cooked_beef":3,"minecraft:oak_log":262,"minecraft:sniffer_egg":1,"minecraft:diamond":10,"minecraft:cooked_porkchop":771,"minecraft:iron_helmet":1,"minecraft:cobblestone":11,"minecraft:glow_berries":11,"travelersbackpack:standard":1,"minecraft:acacia_log":1,"minecraft:stick":22,"minecraft:emerald":2,"minecraft:lava_bucket":1,"minecraft:dirt":60,"moonsweaponry:iron_greatsword":3,"minecraft:torch":80,"minecraft:iron_leggings":1,"minecraft:gold_nugget":1,"minecraft:phantom_membrane":1,"minecraft:iron_axe":1,"minecraft:raw_iron_block":1,"minecraft:iron_pickaxe":1,"minecraft:iron_shovel":2,"minecraft:spruce_sapling":10,"minecraft:bone":4,"minecraft:gravel":21,"minecraft:moss_carpet":3,"minecraft:stone_axe":1,"minecraft:cooked_chicken":1,"minecraft:cobbled_deepslate":423,"minecraft:light_gray_terracotta":4,"minecraft:tuff":25,"minecraft:rotten_flesh":8,"minecraft:clay_ball":60,"minecraft:cooked_mutton":1,"galosphere:silver_nugget":64,"minecraft:stone":1,"minecraft:shield":1,"minecraft:gunpowder":4,"aether:iron_gloves":2,"minecraft:iron_chestplate":1,"minecraft:chest":1,"galosphere:glow_flare":1,"minecraft:stone_bricks":6,"minecraft:bow":1,"minecraft:arrow":2,"minecraft:raw_gold":8,"galosphere:silver_ingot":122},"minecraft:picked_up":{"minecraft:iron_chestplate":1,"minecraft:crafting_table":4,"minecraft:wheat":1,"minecraft:clay_ball":124,"minecraft:lead":3,"aether:iron_gloves":1,"minecraft:diamond_sword":1,"galosphere:silver_ingot":122,"minecraft:potion":1,"minecraft:stone_brick_stairs":1,"minecraft:shield":1,"minecraft:string":2,"minecraft:moss_carpet":3,"minecraft:iron_axe":1,"minecraft:iron_leggings":1,"minecraft:item_frame":4,"minecraft:iron_shovel":2,"minecraft:gold_nugget":1,"minecraft:cobbled_deepslate":425,"minecraft:black_glazed_terracotta":7,"moonsweaponry:iron_greatsword":2,"minecraft:spruce_planks":1,"minecraft:beef":1,"minecraft:poppy":14,"minecraft:iron_pickaxe":2,"minecraft:light_gray_wool":1,"minecraft:sugar_cane":10,"minecraft:egg":1,"minecraft:phantom_membrane":3,"minecraft:iron_boots":1,"minecraft:raw_iron":23,"minecraft:stick":65,"minecraft:stone":1,"minecraft:oak_door":3,"minecraft:torch":19,"minecraft:acacia_log":1,"minecraft:spruce_fence":77,"minecraft:porkchop":1,"minecraft:iron_horse_armor":1,"minecraft:arrow":31,"minecraft:rotten_flesh":39,"minecraft:beetroot_seeds":5,"minecraft:brick_stairs":2,"minecraft:glow_berries":11,"minecraft:white_wool":4,"minecraft:cobblestone":14,"minecraft:cooked_beef":25,"minecraft:water_bucket":1,"minecraft:jungle_log":2,"minecraft:brown_wool":1,"minecraft:leather":16,"minecraft:jungle_wood":3,"minecraft:potato":1,"minecraft:flint":2,"minecraft:tuff":25,"minecraft:oak_log":403,"minecraft:gunpowder":4,"minecraft:dirt":752,"minecraft:lapis_lazuli":79,"minecraft:blue_bed":2,"minecraft:name_tag":1,"minecraft:cooked_mutton":3,"minecraft:glass":17,"minecraft:bone":29,"minecraft:apple":2,"minecraft:stone_bricks":23,"minecraft:gray_terracotta":8,"minecraft:bow":4,"minecraft:wheat_seeds":8,"minecraft:raw_gold":8,"minecraft:iron_ingot":606,"minecraft:cooked_chicken":1,"minecraft:mossy_stone_bricks":1,"minecraft:diamond_helmet":1,"minecraft:moss_block":7,"minecraft:oak_planks":154,"minecraft:emerald_block":5,"minecraft:cooked_porkchop":643,"minecraft:sweet_berries":4,"minecraft:gravel":25,"minecraft:raw_iron_block":1,"minecraft:sand":42,"minecraft:spruce_sapling":60,"minecraft:spruce_log":313,"minecraft:red_terracotta":7,"galosphere:silver_nugget":64,"minecraft:iron_hoe":1,"minecraft:light_gray_terracotta":5,"minecraft:diamond":10,"minecraft:stone_axe":1,"minecraft:iron_helmet":1,"minecraft:spruce_sign":2,"minecraft:emerald":2,"minecraft:oak_sapling":20,"twilightforest:torchberries":1,"minecraft:bricks":2},"minecraft:crafted":{"hangglider:glider_framework":1,"minecraft:oak_door":3,"minecraft:oak_planks":832,"hangglider:hang_glider":1,"hangglider:glider_wing":2,"minecraft:spruce_fence":84,"simplyswords:iron_longsword":1,"minecraft:glass_pane":16,"minecraft:glass":44,"travelersbackpack:white_sleeping_bag":1,"minecraft:iron_boots":1,"minecraft:iron_axe":4,"minecraft:iron_hoe":1,"minecraft:chest":14,"minecraft:red_dye":14,"minecraft:crafting_table":2,"minecraft:spruce_planks":332,"minecraft:jungle_boat":1,"travelersbackpack:standard":2,"travelersbackpack:backpack_tank":4,"minecraft:iron_helmet":1,"minecraft:red_wool":2,"minecraft:air":0,"minecraft:jungle_planks":20,"travelersbackpack:red_sleeping_bag":1,"aether:iron_gloves":1,"minecraft:iron_chestplate":1,"minecraft:stick":96,"minecraft:iron_pickaxe":1,"minecraft:iron_shovel":3,"minecraft:iron_leggings":1,"minecraft:spruce_fence_gate":4},"minecraft:mined":{"minecraft:spruce_planks":1,"minecraft:farmland":1,"minecraft:oak_door":3,"minecraft:spruce_fence":13,"minecraft:grass_block":463,"minecraft:brick_stairs":2,"minecraft:jungle_log":2,"minecraft:spruce_leaves":81,"minecraft:spawner":3,"minecraft:large_fern":1,"minecraft:black_glazed_terracotta":7,"minecraft:dirt_path":10,"minecraft:stone":1,"minecraft:gray_terracotta":8,"minecraft:crafting_table":3,"minecraft:light_gray_terracotta":1,"minecraft:poppy":14,"minecraft:spruce_wall_sign":2,"minecraft:glass":3,"minecraft:sugar_cane":1,"minecraft:oak_planks":145,"minecraft:bricks":2,"minecraft:blue_bed":2,"minecraft:red_terracotta":7,"minecraft:jungle_wood":3,"minecraft:sweet_berry_bush":6,"minecraft:spruce_log":266,"minecraft:stone_brick_stairs":1,"minecraft:grass":9,"minecraft:oak_log":67,"minecraft:gravel":4,"minecraft:sand":49,"minecraft:dirt":129,"minecraft:stone_bricks":20,"minecraft:emerald_block":2,"minecraft:oak_leaves":49,"minecraft:fern":21},"minecraft:custom":{"minecraft:mob_kills":55,"minecraft:interact_with_anvil":1,"minecraft:animals_bred":7,"minecraft:interact_with_crafting_table":57,"minecraft:open_barrel":4,"minecraft:leave_game":3,"minecraft:time_since_death":353416,"minecraft:climb_one_cm":24308,"minecraft:sprint_one_cm":1078990,"minecraft:walk_one_cm":1095167,"minecraft:drop":128,"minecraft:talked_to_villager":1,"minecraft:play_time":384712,"minecraft:deaths":1,"minecraft:sneak_time":7060,"minecraft:walk_under_water_one_cm":14674,"minecraft:jump":2835,"minecraft:interact_with_blast_furnace":1,"minecraft:walk_on_water_one_cm":18216,"minecraft:total_world_time":384712,"minecraft:interact_with_furnace":26,"minecraft:interact_with_grindstone":2,"minecraft:interact_with_stonecutter":2,"minecraft:sleep_in_bed":2,"minecraft:time_since_rest":132720,"minecraft:waystone_activated":1,"minecraft:damage_taken":2924,"minecraft:damage_dealt":10121,"minecraft:player_kills":1,"minecraft:swim_one_cm":1873,"minecraft:fly_one_cm":793050,"minecraft:open_chest":155,"minecraft:crouch_one_cm":22556,"minecraft:fall_one_cm":51644,"minecraft:inspect_dispenser":4}},"DataVersion":3465}