{"stats":{"minecraft:killed":{"luminousworld:frostbitten_zombie":1,"enemyexpansion:equestrian":1,"enemyexpansion:direwolf":1,"born_in_chaos_v1:maggot":4,"minecraft:skeleton":2,"minecraft:drowned":5,"born_in_chaos_v1:baby_skeleton":1,"born_in_chaos_v1:swarmer":1,"undead_revamp2:the_moonflower":4,"enemyexpansion:sprinter":1,"born_in_chaos_v1:decrepit_skeleton":1,"minecraft:sheep":4,"born_in_chaos_v1:zombie_fisherman":1,"born_in_chaos_v1:corpse_fly":16,"alexsmobs:fly":1,"minecraft:cow":2},"minecraft:mined":{"minecraft:tuff":332,"minecraft:white_bed":3,"luminousworld:yellowpetunias":1,"minecraft:deepslate_diamond_ore":34,"iceandfire:copper_pile":2,"torchmaster:megatorch":1,"minecraft:granite":66,"minecraft:acacia_log":34,"minecraft:grass_block":31,"minecraft:spruce_fence":4,"born_in_chaos_v1:black_argillite":1,"iceandfire:lectern":1,"luminousworld:grassvariant_2":1,"luminousworld:yellow_grassflowers":1,"supplementaries:timber_frame":1,"minecraft:iron_ore":3,"minecraft:cobbled_deepslate":6,"minecraft:andesite":36,"minecraft:deepslate_lapis_ore":14,"minecraft:bookshelf":4,"minecraft:deepslate_iron_ore":8,"iceandfire:gold_pile":3,"minecraft:dirt_path":2,"minecraft:oak_stairs":5,"minecraft:lantern":4,"iceandfire:podium_spruce":1,"minecraft:stone":571,"minecraft:iron_block":1,"minecraft:deepslate_redstone_ore":38,"minecraft:acacia_leaves":22,"minecraft:amethyst_cluster":4,"ecologics:walnut_fence":1,"minecraft:oak_fence":1,"minecraft:crafting_table":6,"minecraft:blast_furnace":1,"minecraft:calcite":11,"minecraft:chest":1,"minecraft:cobblestone":2,"minecraft:tall_grass":1,"minecraft:copper_ore":14,"minecraft:deepslate_gold_ore":56,"minecraft:oak_planks":27,"minecraft:amethyst_block":8,"minecraft:diorite":17,"minecraft:wall_torch":8,"minecraft:grass":21,"minecraft:oak_log":40,"minecraft:coal_ore":18,"iceandfire:silver_pile":3,"luminousworld:ishstone":46,"minecraft:gravel":161,"minecraft:sand":30,"minecraft:dirt":144,"luminousworld:grassvariant_3":2,"minecraft:cobweb":4,"minecraft:smooth_basalt":13,"minecraft:oak_leaves":1,"minecraft:deepslate":4301},"minecraft:used":{"iceandfire:lectern":1,"minecraft:oak_trapdoor":2,"minecraft:iron_shovel":351,"minecraft:chest":8,"minecraft:iron_sword":302,"minecraft:torch":299,"minecraft:dirt":138,"minecraft:spyglass":15,"minecraft:acacia_sapling":3,"minecraft:spruce_fence":4,"minecraft:glass":71,"minecraft:wooden_axe":37,"cataclysm:infernal_forge":2,"minecraft:lantern":19,"minecraft:iron_axe":92,"minecraft:oak_stairs":22,"alexscaves:submarine":2,"minecraft:iron_boots":1,"minecraft:smooth_basalt":13,"minecraft:bow":1,"quark:oak_vertical_slab":6,"tombstone:gift":3,"torchmaster:megatorch":3,"minecraft:cooked_beef":25,"minecraft:potato":12,"minecraft:cobbled_deepslate":40,"minecraft:cooked_mutton":2,"minecraft:stone_pickaxe":1,"minecraft:oak_planks":87,"minecraft:wooden_pickaxe":22,"minecraft:leather_chestplate":1,"supplementaries:timber_frame":1,"iceandfire:podium_spruce":1,"minecraft:rail":1,"minecraft:oak_slab":8,"minecraft:crafting_table":6,"iceandfire:dragonbone_sword_lightning":11,"minecraft:white_bed":4,"tombstone:bag_of_seeds":2,"minecraft:oak_log":29,"minecraft:diamond_pickaxe":597,"quark:pickarang":1,"minecraft:bread":3,"minecraft:iron_pickaxe":250,"ecologics:walnut_fence":1,"minecraft:cobblestone":27,"vanillaplustools:iron_hammer":472,"minecraft:chainmail_boots":1,"endermanoverhaul:corrupted_blade":3,"minecraft:chest_minecart":1},"minecraft:crafted":{"minecraft:oak_planks":76,"minecraft:spyglass":1,"minecraft:glass":71,"minecraft:diamond_leggings":1,"minecraft:diamond_helmet":1,"minecraft:iron_axe":1,"minecraft:stone_pickaxe":1,"minecraft:diamond_boots":1,"minecraft:cooked_beef":3,"iceandfire:silver_ingot":1,"minecraft:crafting_table":2,"minecraft:wooden_pickaxe":1,"minecraft:iron_sword":1,"minecraft:copper_ingot":2,"minecraft:air":0,"minecraft:charcoal":19,"minecraft:diamond_pickaxe":1,"minecraft:stick":32,"minecraft:iron_ingot":9,"minecraft:iron_pickaxe":1,"minecraft:wooden_axe":1,"minecraft:iron_shovel":2,"minecraft:white_bed":1,"minecraft:torch":16,"minecraft:diamond_chestplate":1},"minecraft:broken":{"minecraft:iron_shovel":1,"vanillaplustools:iron_hammer":1,"minecraft:iron_pickaxe":1,"minecraft:wooden_axe":1,"aether:leather_gloves":1},"minecraft:custom":{"minecraft:mob_kills":49,"minecraft:interact_with_crafting_table":31,"minecraft:open_barrel":18,"minecraft:bell_ring":3,"minecraft:damage_dealt_resisted":10,"minecraft:leave_game":9,"minecraft:time_since_death":89485,"minecraft:climb_one_cm":4632,"minecraft:sprint_one_cm":428988,"minecraft:walk_one_cm":960756,"minecraft:drop":119,"minecraft:talked_to_villager":1,"minecraft:play_time":354197,"minecraft:sneak_time":9900,"minecraft:deaths":1,"minecraft:walk_under_water_one_cm":107947,"minecraft:jump":2605,"minecraft:interact_with_blast_furnace":2,"minecraft:walk_on_water_one_cm":71105,"minecraft:total_world_time":354197,"minecraft:interact_with_furnace":69,"minecraft:interact_with_stonecutter":1,"minecraft:sleep_in_bed":2,"minecraft:time_since_rest":88916,"minecraft:damage_taken":2222,"minecraft:damage_dealt":9115,"minecraft:player_kills":1,"minecraft:swim_one_cm":2153,"minecraft:fly_one_cm":403707,"minecraft:open_chest":54,"minecraft:crouch_one_cm":17531,"tombstone:undead_killed":18,"minecraft:interact_with_smoker":3,"minecraft:fall_one_cm":44803,"minecraft:horse_one_cm":7552},"minecraft:picked_up":{"minecraft:charcoal":5,"minecraft:crafting_table":6,"minecraft:chainmail_boots":1,"minecraft:chest_minecart":1,"minecraft:oak_stairs":32,"minecraft:enchanted_book":1,"minecraft:amethyst_block":11,"minecraft:oak_trapdoor":1,"minecraft:string":5,"minecraft:raw_copper":55,"minecraft:armor_stand":2,"iceandfire:bestiary":1,"minecraft:gold_nugget":18,"minecraft:cobbled_deepslate":3329,"minecraft:spruce_planks":7,"minecraft:beef":3,"minecraft:calcite":33,"minecraft:iron_pickaxe":1,"minecraft:chest":1,"minecraft:stick":11,"minecraft:raw_iron":11,"born_in_chaos_v1:shattered_skull":1,"minecraft:acacia_fence":2,"minecraft:oak_fence":9,"minecraft:copper_ingot":1,"minecraft:torch":113,"minecraft:acacia_log":34,"minecraft:spruce_fence":4,"minecraft:cookie":1,"tombstone:grave_dust":1,"minecraft:diorite":17,"born_in_chaos_v1:pieceofdarkmetal":2,"minecraft:redstone":170,"minecraft:rotten_flesh":22,"minecraft:arrow":3,"luminousworld:yellow_grassflowers":1,"minecraft:iron_block":1,"minecraft:gold_ingot":1,"minecraft:rail":7,"minecraft:mutton":5,"undead_revamp2:arapholia":2,"minecraft:white_wool":4,"minecraft:cobblestone":684,"born_in_chaos_v1:corpse_maggot":18,"ecologics:walnut":3,"minecraft:cooked_beef":1,"minecraft:andesite":30,"luminousworld:ishstone":52,"minecraft:leather":2,"alexsmobs:acacia_blossom":1,"vanillaplustools:diamond_hammer":2,"minecraft:flint":15,"minecraft:tuff":335,"minecraft:oak_log":41,"minecraft:gunpowder":1,"minecraft:lapis_lazuli":93,"minecraft:dirt":219,"minecraft:lantern":5,"minecraft:cooked_mutton":4,"minecraft:bone":6,"minecraft:wheat_seeds":3,"minecraft:raw_gold":56,"tombstone:bag_of_seeds":1,"supplementaries:timber_frame":1,"minecraft:acacia_sapling":3,"minecraft:iron_sword":1,"minecraft:oak_planks":30,"minecraft:book":12,"iceandfire:copper_nugget":14,"minecraft:smooth_basalt":49,"iceandfire:podium_spruce":1,"minecraft:gravel":149,"torchmaster:megatorch":1,"minecraft:sand":30,"minecraft:amethyst_shard":19,"minecraft:blast_furnace":1,"minecraft:white_bed":3,"ecologics:walnut_fence":1,"minecraft:slime_ball":2,"minecraft:diamond":34,"luminousworld:yellowpetunias":1,"iceandfire:lectern":1,"minecraft:chainmail_leggings":1,"minecraft:iron_helmet":1,"minecraft:granite":65,"tombstone:magic_scroll":1,"iceandfire:silver_nugget":10,"minecraft:coal":18,"iceandfire:raw_silver":1,"minecraft:diamond_pickaxe":1},"minecraft:dropped":{"minecraft:oak_slab":1,"minecraft:cooked_beef":1,"minecraft:crafting_table":1,"minecraft:oak_fence":9,"minecraft:iron_helmet":1,"minecraft:cobblestone":350,"minecraft:lantern":1,"minecraft:granite":64,"minecraft:copper_ingot":1,"minecraft:acacia_log":34,"minecraft:rail":7,"minecraft:stick":8,"minecraft:flint":8,"minecraft:diorite":17,"minecraft:torch":1,"quark:oak_vertical_slab":1,"minecraft:string":2,"minecraft:gold_ingot":1,"minecraft:bone":1,"minecraft:smooth_basalt":2,"vanillaplustools:diamond_hammer":2,"minecraft:gravel":53,"minecraft:oak_trapdoor":2,"minecraft:cobbled_deepslate":2831,"minecraft:tuff":177,"minecraft:rotten_flesh":7,"minecraft:diamond_pickaxe":1,"minecraft:charcoal":5,"born_in_chaos_v1:corpse_maggot":2,"iceandfire:bestiary":1}},"DataVersion":3465}