{"stats":{"minecraft:mined":{"luminousworld:white_petunias":1,"minecraft:white_bed":3,"iceandfire:graveyard_soil":2,"luminousworld:yellowpetunias":1,"iceandfire:copper_pile":2,"minecraft:brewing_stand":1,"minecraft:granite":66,"minecraft:acacia_log":34,"minecraft:grass_block":32,"iceandfire:lectern":1,"luminousworld:savanna_grass_2":3,"minecraft:spawner":7,"minecraft:tall_seagrass":1,"minecraft:iron_ore":26,"minecraft:cobbled_deepslate":6,"minecraft:deepslate_lapis_ore":14,"placeablesmod:empty_bucket_block":1,"iceandfire:gold_pile":3,"minecraft:dirt_path":2,"minecraft:oak_stairs":5,"minecraft:iron_block":3,"minecraft:deepslate_redstone_ore":38,"minecraft:brown_mushroom":1,"minecraft:amethyst_cluster":4,"ecologics:walnut_fence":2,"born_in_chaos_v1:infected_deepslate_diamond_ore":3,"minecraft:torch":2,"minecraft:blast_furnace":2,"minecraft:calcite":11,"minecraft:chest":1,"minecraft:cobblestone":2,"minecraft:oak_planks":27,"minecraft:wall_torch":17,"minecraft:amethyst_block":8,"minecraft:pink_petals":4,"minecraft:skeleton_skull":1,"minecraft:seagrass":1,"minecraft:chain":1,"ecologics:seashell":1,"minecraft:grass":36,"minecraft:oak_log":44,"minecraft:dirt":146,"minecraft:sand":30,"luminousworld:grassvariant_3":3,"minecraft:smooth_basalt":13,"minecraft:oak_leaves":7,"minecraft:deepslate":4303,"minecraft:tuff":332,"iceandfire:silver_ore":16,"luminousworld:grassvariant_4":10,"minecraft:deepslate_diamond_ore":35,"torchmaster:megatorch":1,"minecraft:spruce_fence":4,"born_in_chaos_v1:black_argillite":1,"minecraft:redstone_wire":1,"luminousworld:grassvariant_2":9,"luminousworld:whiteoakleaves":1,"minecraft:spruce_leaves":5,"minecraft:large_fern":1,"luminousworld:sunset_petunias":1,"minecraft:furnace":1,"luminousworld:yellow_grassflowers":1,"supplementaries:timber_frame":1,"placeablesmod:water_bucket_block":1,"minecraft:andesite":36,"minecraft:bookshelf":4,"minecraft:deepslate_iron_ore":18,"minecraft:vine":4,"minecraft:lantern":5,"minecraft:packed_ice":5,"minecraft:stone":579,"iceandfire:podium_spruce":1,"sophisticatedbackpacks:backpack":1,"minecraft:cake":1,"iceandfire:pixie_jar_empty":5,"luminousworld:savannah_soil":1,"minecraft:acacia_leaves":22,"minecraft:dandelion":2,"minecraft:oak_fence":1,"minecraft:crafting_table":6,"luminousworld:savannah_grass_1":3,"minecraft:copper_ore":14,"minecraft:tall_grass":2,"minecraft:deepslate_gold_ore":64,"minecraft:diorite":17,"supplementaries:urn":9,"iceandfire:pixie_jar_2":5,"minecraft:birch_leaves":1,"minecraft:yellow_bed":1,"iceandfire:silver_pile":3,"minecraft:coal_ore":18,"luminousworld:clovers_5":1,"luminousworld:ishstone":46,"minecraft:gravel":161,"minecraft:gray_carpet":1,"minecraft:cobweb":9,"luminousworld:elephant_grass":1,"minecraft:fern":1},"minecraft:crafted":{"minecraft:oak_planks":132,"minecraft:stone":8,"minecraft:glass":71,"minecraft:diamond_helmet":1,"minecraft:diamond_leggings":1,"tombstone:grave_key":1,"iceandfire:ambrosia":1,"minecraft:glass_bottle":6,"minecraft:crafting_table":2,"minecraft:wooden_pickaxe":1,"minecraft:copper_ingot":2,"minecraft:charcoal":19,"minecraft:diamond_pickaxe":1,"minecraft:stick":32,"quark:oak_chest":2,"minecraft:iron_ingot":9,"minecraft:iron_pickaxe":1,"ad_astra:iron_rod":8,"minecraft:coal":144,"minecraft:spyglass":1,"minecraft:furnace":2,"minecraft:piston":2,"minecraft:bone_meal":12,"ad_astra:compressor":1,"minecraft:iron_axe":1,"minecraft:stone_pickaxe":1,"minecraft:diamond_boots":1,"sophisticatedbackpacks:iron_backpack":2,"minecraft:cooked_beef":3,"minecraft:diamond_sword":1,"iceandfire:silver_ingot":1,"minecraft:iron_sword":1,"tombstone:ankh_of_pray":1,"minecraft:air":0,"tombstone:decorative_grave_cross":1,"minecraft:oak_boat":1,"tombstone:dark_marble":4,"minecraft:wooden_axe":1,"minecraft:iron_shovel":2,"ad_astra:coal_generator":1,"minecraft:white_bed":1,"minecraft:torch":108,"minecraft:diamond_chestplate":1},"minecraft:picked_up":{"minecraft:wheat":4,"illagerinvasion:platinum_chunk":1,"minecraft:chainmail_boots":1,"minecraft:diamond_sword":7,"minecraft:oak_stairs":32,"earthmobsmod:fancy_egg":9,"minecraft:potion":3,"minecraft:enchanted_book":2,"tombstone:grave_key":1,"minecraft:brewing_stand":1,"minecraft:amethyst_block":11,"minecraft:string":17,"minecraft:raw_copper":55,"minecraft:armor_stand":2,"minecraft:experience_bottle":2,"minecraft:gold_nugget":18,"minecraft:cobbled_deepslate":3339,"minecraft:bucket":1,"minecraft:spruce_planks":7,"minecraft:calcite":33,"minecraft:wooden_shovel":6,"minecraft:iron_pickaxe":1,"minecraft:coal_block":46,"minecraft:furnace":1,"iceandfire:ambrosia":9,"minecraft:iron_boots":2,"minecraft:tipped_arrow":3,"iceandfire:pixie_dust":2,"minecraft:stick":19,"minecraft:music_disc_blocks":1,"born_in_chaos_v1:shattered_skull":5,"minecraft:acacia_fence":2,"minecraft:oak_fence":9,"minecraft:torch":128,"minecraft:acacia_log":34,"born_in_chaos_v1:pileof_dark_metal":1,"luminousworld:savannah_soil":7,"minecraft:porkchop":8,"tombstone:grave_dust":11,"minecraft:diorite":17,"minecraft:rotten_flesh":130,"luminousworld:yellow_grassflowers":1,"minecraft:iron_block":3,"supplementaries:ash":19,"undead_revamp2:arapholia":5,"minecraft:cobblestone":815,"born_in_chaos_v1:staffof_magic_arrows":2,"minecraft:pink_petals":5,"ecologics:walnut":3,"minecraft:cooked_beef":1,"minecraft:water_bucket":1,"minecraft:andesite":30,"vanillaplustools:diamond_hammer":2,"minecraft:flint":23,"minecraft:tuff":335,"born_in_chaos_v1:bonescaller_not_despawn_spawn_egg":1,"minecraft:lapis_lazuli":93,"minecraft:dirt":221,"minecraft:lantern":7,"minecraft:name_tag":1,"minecraft:bone":53,"minecraft:wheat_seeds":8,"minecraft:raw_gold":64,"luminousworld:elephant_grass":1,"minecraft:oak_planks":41,"iceandfire:podium_spruce":1,"torchmaster:megatorch":1,"minecraft:sand":30,"undead_revamp2:acidsack":1,"ecologics:walnut_fence":2,"minecraft:bundle":2,"minecraft:sugar":20,"minecraft:diamond":35,"iceandfire:lectern":1,"luminousworld:yellowpetunias":1,"minecraft:granite":65,"minecraft:emerald":4,"minecraft:bread":6,"iceandfire:silver_nugget":38,"iceandfire:raw_silver":16,"minecraft:diamond_pickaxe":1,"minecraft:fishing_rod":1,"minecraft:coarse_dirt":2,"minecraft:charcoal":8,"minecraft:crafting_table":6,"born_in_chaos_v1:diamond_termite_shard":6,"minecraft:chicken":1,"born_in_chaos_v1:seedof_chaos":2,"minecraft:chest_minecart":1,"ecologics:seashell":1,"minecraft:chain":1,"minecraft:oak_trapdoor":1,"minecraft:iron_axe":1,"minecraft:item_frame":1,"minecraft:iron_shovel":1,"iceandfire:bestiary":1,"minecraft:beef":21,"minecraft:chest":1,"minecraft:egg":3,"minecraft:raw_iron":44,"minecraft:copper_ingot":1,"minecraft:spruce_fence":4,"sophisticatedbackpacks:backpack":2,"minecraft:cake":17,"minecraft:cookie":1,"born_in_chaos_v1:pieceofdarkmetal":2,"minecraft:redstone":174,"iceandfire:dragon_skull_ice":3,"minecraft:tnt":4,"iceandfire:pixie_jar_0":1,"minecraft:arrow":23,"minecraft:stone_shovel":1,"tombstone:essence_of_undeath":1,"minecraft:gold_ingot":2,"minecraft:mutton":5,"minecraft:rail":7,"minecraft:white_wool":5,"born_in_chaos_v1:corpse_maggot":29,"iceandfire:hydra_arrow":3,"luminousworld:ishstone":52,"minecraft:leather":16,"alexsmobs:acacia_blossom":1,"minecraft:oak_log":48,"iceandfire:pixie_jar_2":7,"iceandfire:ectoplasm":1,"minecraft:yellow_bed":2,"minecraft:gunpowder":1,"minecraft:cooked_mutton":4,"minecraft:apple":1,"minecraft:gray_carpet":2,"iceandfire:pixie_jar_empty":11,"mowziesmobs:foliaath_seed":4,"minecraft:iron_ingot":4,"earthmobsmod:fancy_feather":1,"tombstone:bag_of_seeds":4,"supplementaries:timber_frame":1,"luminousworld:white_petunias":1,"minecraft:iron_sword":1,"minecraft:acacia_sapling":3,"minecraft:book":12,"iceandfire:copper_nugget":14,"minecraft:smooth_basalt":49,"endrem:black_eye":1,"luminousworld:clovers_1":3,"born_in_chaos_v1:orbofthe_summoner":1,"born_in_chaos_v1:ethereal_spirit":1,"minecraft:dandelion":1,"minecraft:gravel":149,"born_in_chaos_v1:dark_rod":2,"minecraft:amethyst_shard":21,"minecraft:blast_furnace":1,"minecraft:white_bed":3,"minecraft:spider_eye":2,"minecraft:leather_helmet":1,"minecraft:slime_ball":2,"minecraft:chainmail_leggings":1,"minecraft:iron_helmet":3,"vanillaplustools:stone_hammer":1,"tombstone:magic_scroll":2,"minecraft:coal":18},"minecraft:killed":{"minecraft:witch":1,"minecraft:spider":5,"enemyexpansion:equestrian":3,"luminousworld:frost_bitten_skeleton":3,"undead_revamp2:thesmoker":3,"born_in_chaos_v1:baby_skeleton_minion":13,"minecraft:skeleton":12,"born_in_chaos_v1:supreme_bonescaller_stage_2":1,"undead_revamp2:thespitter":2,"born_in_chaos_v1:bonescaller":1,"minecraft:pig":3,"minecraft:zombie_villager":2,"born_in_chaos_v1:diamond_termite":6,"earthmobsmod:lobber_zombie":1,"minecraft:creeper":1,"minecraft:sheep":4,"born_in_chaos_v1:zombie_fisherman":2,"minecraft:pillager":3,"minecraft:zombie":35,"born_in_chaos_v1:corpse_fly":16,"enemyexpansion:botfly":2,"minecraft:stray":7,"alexsmobs:fly":1,"iceandfire:pixie":1,"born_in_chaos_v1:door_knight":1,"minecraft:cow":7,"alexscaves:corrodent":1,"luminousworld:frostbitten_zombie":1,"illagerinvasion:marauder":1,"born_in_chaos_v1:skeleton_thrasher_not_despawn":1,"undead_revamp2:bomber":1,"enemyexpansion:direwolf":2,"born_in_chaos_v1:zombie_bruiser":1,"born_in_chaos_v1:maggot":15,"minecraft:drowned":5,"luminousworld:savannah_zombie":2,"minecraft:husk":7,"earthmobsmod:bouldering_zombie":1,"born_in_chaos_v1:bone_imp_minion":7,"born_in_chaos_v1:baby_skeleton":2,"born_in_chaos_v1:swarmer":1,"undead_revamp2:the_moonflower":8,"enemyexpansion:sprinter":1,"minecraft:frog":1,"born_in_chaos_v1:decrepit_skeleton":5,"luminousworld:mourning_cloak":1,"iceandfire:ghost":11,"born_in_chaos_v1:bonescaller_not_despawn":2,"born_in_chaos_v1:dark_vortex":1,"enemyexpansion:huntsman":1,"enemyexpansion:slugger":1},"minecraft:broken":{"minecraft:iron_shovel":1,"minecraft:diamond_helmet":1,"vanillaplustools:iron_hammer":1,"minecraft:iron_boots":1,"minecraft:iron_sword":1,"minecraft:wooden_axe":1,"minecraft:shield":1,"undead_revamp2:acidsack":1,"minecraft:iron_pickaxe":1,"minecraft:iron_helmet":1,"aether:leather_gloves":1},"minecraft:dropped":{"minecraft:iron_sword":1,"minecraft:cooked_beef":1,"minecraft:crafting_table":1,"minecraft:lantern":1,"minecraft:rail":7,"minecraft:flint":8,"minecraft:item_frame":1,"minecraft:dirt":1,"minecraft:sugar":9,"minecraft:fishing_rod":1,"luminousworld:clovers_1":3,"minecraft:gold_ingot":1,"minecraft:bone":1,"minecraft:gravel":53,"minecraft:cobbled_deepslate":2831,"minecraft:wheat":3,"undead_revamp2:arapholia":2,"minecraft:rotten_flesh":90,"luminousworld:savannah_soil":6,"supplementaries:flax_seeds":2,"minecraft:charcoal":8,"minecraft:beetroot_seeds":4,"born_in_chaos_v1:corpse_maggot":8,"iceandfire:bestiary":1,"minecraft:beef":3,"born_in_chaos_v1:black_argillite_brick_n":1,"minecraft:egg":2,"minecraft:oak_slab":1,"born_in_chaos_v1:shattered_skull":4,"minecraft:wheat_seeds":6,"mowziesmobs:foliaath_seed":4,"minecraft:oak_fence":9,"minecraft:iron_helmet":1,"minecraft:cobblestone":472,"minecraft:apple":1,"minecraft:granite":64,"minecraft:copper_ingot":1,"minecraft:acacia_log":34,"minecraft:coal_block":91,"minecraft:stick":8,"minecraft:diorite":17,"minecraft:torch":1,"tombstone:grave_key":2,"minecraft:oak_stairs":6,"born_in_chaos_v1:staffof_magic_arrows":1,"minecraft:smooth_stone":3,"quark:oak_vertical_slab":1,"minecraft:iron_shovel":1,"minecraft:string":2,"minecraft:gray_carpet":2,"minecraft:smooth_basalt":2,"vanillaplustools:diamond_hammer":2,"iceandfire:silver_nugget":28,"minecraft:furnace":1,"minecraft:oak_trapdoor":2,"minecraft:coarse_dirt":2,"minecraft:raw_copper":37,"minecraft:cocoa_beans":1,"minecraft:deepslate":2,"minecraft:tuff":177,"born_in_chaos_v1:bonescaller_not_despawn_spawn_egg":2,"iceandfire:ambrosia":9,"minecraft:torchflower_seeds":1,"minecraft:pumpkin_seeds":4,"minecraft:diamond_sword":3,"minecraft:stone":4,"minecraft:diamond_pickaxe":1,"minecraft:cake":19,"minecraft:wooden_shovel":6,"luminousworld:elephant_grass":1,"ecologics:seashell":1},"minecraft:killed_by":{"born_in_chaos_v1:bone_imp_minion":1,"enemyexpansion:invisicreeper":1,"minecraft:stray":1,"enemyexpansion:equestrian":1,"mutantmonsters:mutant_skeleton":1},"minecraft:used":{"iceandfire:lectern":1,"minecraft:iron_shovel":351,"iceandfire:dragon_skull_ice":4,"born_in_chaos_v1:intoxicating_decoction":1,"minecraft:chest":8,"minecraft:shield":78,"minecraft:stone":13,"minecraft:iron_sword":475,"earthmobsmod:fancy_egg":11,"minecraft:acacia_sapling":3,"minecraft:glass":73,"born_in_chaos_v1:corpse_maggot":3,"cataclysm:infernal_forge":2,"minecraft:lantern":19,"minecraft:bow":114,"endrem:black_eye":1,"minecraft:egg":1,"minecraft:potato":12,"iceandfire:pixie_jar_empty":5,"mowziesmobs:foliaath_seed":15,"minecraft:stone_pickaxe":1,"minecraft:oak_planks":88,"ad_astra:compressor":1,"minecraft:wooden_pickaxe":22,"minecraft:leather_chestplate":1,"tombstone:decorative_grave_cross":1,"minecraft:golden_apple":2,"iceandfire:podium_spruce":1,"iceandfire:dragonbone_sword_lightning":11,"sophisticatedbackpacks:backpack":2,"ad_astra:oil_bucket":2,"minecraft:bread":4,"ecologics:walnut_fence":2,"born_in_chaos_v1:black_argillite_brick_n":2,"minecraft:deepslate":17,"minecraft:diamond_sword":770,"minecraft:chainmail_boots":1,"endermanoverhaul:corrupted_blade":3,"minecraft:oak_boat":1,"minecraft:chest_minecart":1,"minecraft:experience_bottle":2,"minecraft:oak_trapdoor":2,"sophisticatedbackpacks:iron_backpack":1,"minecraft:redstone":1,"minecraft:spyglass":15,"endrem:lost_eye":1,"minecraft:torch":561,"minecraft:dirt":146,"minecraft:brewing_stand":1,"minecraft:spruce_fence":4,"minecraft:wooden_axe":37,"tombstone:ankh_of_pray":8,"minecraft:iron_axe":92,"minecraft:oak_stairs":22,"alexscaves:submarine":2,"minecraft:iron_boots":1,"minecraft:smooth_basalt":13,"minecraft:diamond_chestplate":1,"quark:oak_vertical_slab":6,"luminousworld:savannah_soil":1,"tombstone:gift":21,"torchmaster:megatorch":3,"minecraft:cooked_beef":136,"minecraft:cobbled_deepslate":40,"ad_astra:coal_generator":1,"minecraft:cooked_mutton":2,"minecraft:water_bucket":7,"supplementaries:timber_frame":1,"minecraft:rail":1,"luminousworld:white_petunias":1,"minecraft:oak_slab":8,"minecraft:crafting_table":6,"minecraft:white_bed":4,"iceandfire:pixie_jar_2":7,"minecraft:cake":1,"tombstone:bag_of_seeds":5,"minecraft:oak_log":29,"minecraft:diamond_pickaxe":700,"quark:pickarang":1,"minecraft:iron_pickaxe":250,"minecraft:pink_petals":5,"minecraft:cobblestone":36,"minecraft:potion":1,"vanillaplustools:iron_hammer":472,"minecraft:bucket":13,"minecraft:yellow_bed":2,"quark:oak_chest":4,"alexsmobs:animal_dictionary":1,"minecraft:diamond_leggings":1},"minecraft:custom":{"minecraft:interact_with_crafting_table":66,"minecraft:open_barrel":141,"minecraft:bell_ring":3,"minecraft:leave_game":17,"minecraft:time_since_death":153514,"minecraft:sprint_one_cm":1405941,"minecraft:damage_blocked_by_shield":1190,"minecraft:drop":321,"minecraft:talked_to_villager":2,"minecraft:play_time":834862,"minecraft:deaths":7,"minecraft:jump":15351,"minecraft:walk_on_water_one_cm":189020,"minecraft:enchant_item":1,"minecraft:interact_with_furnace":117,"minecraft:interact_with_cartography_table":2,"minecraft:sleep_in_bed":3,"minecraft:damage_dealt":42676,"minecraft:player_kills":1,"minecraft:crouch_one_cm":37004,"tombstone:undead_killed":144,"minecraft:interact_with_smoker":3,"minecraft:horse_one_cm":210033,"minecraft:interact_with_smithing_table":1,"minecraft:interact_with_anvil":3,"minecraft:mob_kills":227,"minecraft:damage_dealt_resisted":5409,"minecraft:climb_one_cm":15039,"minecraft:walk_one_cm":2466609,"minecraft:damage_dealt_absorbed":74,"minecraft:sneak_time":17259,"minecraft:walk_under_water_one_cm":225272,"minecraft:boat_one_cm":87759,"minecraft:interact_with_blast_furnace":11,"minecraft:total_world_time":834862,"tombstone:raider_killed":5,"minecraft:tune_noteblock":1,"minecraft:interact_with_grindstone":3,"minecraft:interact_with_stonecutter":2,"tombstone:pray_on_grave":1,"minecraft:time_since_rest":153344,"minecraft:damage_taken":12206,"minecraft:damage_absorbed":80,"minecraft:trigger_trapped_chest":13,"minecraft:swim_one_cm":82337,"minecraft:fly_one_cm":2619146,"minecraft:open_chest":433,"minecraft:fall_one_cm":441994}},"DataVersion":3465}