{"stats":{"minecraft:broken":{"minecraft:iron_shovel":1},"minecraft:killed":{"minecraft:witch":1,"minecraft:spider":2,"minecraft:vindicator":1,"minecraft:skeleton":11,"minecraft:pillager":1,"minecraft:zombie":3,"minecraft:cow":1},"minecraft:used":{"minecraft:iron_shovel":359,"minecraft:oak_sign":4,"minecraft:chest":5,"minecraft:stone":65,"minecraft:oak_door":5,"minecraft:torch":30,"minecraft:dirt":157,"minecraft:grass_block":49,"minecraft:iron_axe":183,"simplyswords:iron_longsword":52,"minecraft:oak_sapling":64,"galosphere:glow_flare":18,"minecraft:mossy_stone_bricks":1,"minecraft:oak_planks":870,"minecraft:sniffer_egg":1,"minecraft:blue_bed":1,"minecraft:jungle_boat":1,"minecraft:crafting_table":2,"minecraft:spruce_log":4,"minecraft:creeper_spawn_egg":10,"minecraft:iron_pickaxe":3,"minecraft:spruce_sapling":18,"minecraft:diamond_sword":78,"minecraft:cooked_porkchop":26,"minecraft:bucket":1},"minecraft:dropped":{"minecraft:water_bucket":1,"minecraft:iron_ingot":828,"minecraft:porkchop":1,"minecraft:lapis_lazuli":79,"minecraft:cooked_beef":3,"minecraft:oak_log":262,"minecraft:sniffer_egg":1,"minecraft:diamond":10,"minecraft:cooked_porkchop":771,"minecraft:iron_helmet":1,"minecraft:cobblestone":11,"minecraft:glow_berries":11,"minecraft:acacia_log":1,"minecraft:stick":6,"minecraft:emerald":2,"minecraft:lava_bucket":1,"minecraft:dirt":3,"moonsweaponry:iron_greatsword":3,"minecraft:torch":78,"minecraft:iron_leggings":1,"minecraft:phantom_membrane":1,"minecraft:iron_axe":1,"minecraft:raw_iron_block":1,"minecraft:iron_pickaxe":1,"minecraft:iron_shovel":2,"minecraft:spruce_sapling":10,"minecraft:bone":4,"minecraft:gravel":21,"minecraft:moss_carpet":3,"minecraft:stone_axe":1,"minecraft:cooked_chicken":1,"minecraft:cobbled_deepslate":423,"minecraft:rotten_flesh":3,"minecraft:clay_ball":60,"galosphere:silver_nugget":64,"minecraft:stone":1,"minecraft:shield":1,"minecraft:gunpowder":4,"aether:iron_gloves":2,"minecraft:iron_chestplate":1,"minecraft:chest":1,"galosphere:glow_flare":1,"minecraft:bow":1,"minecraft:arrow":2,"minecraft:raw_gold":8,"galosphere:silver_ingot":122},"minecraft:crafted":{"minecraft:oak_door":3,"minecraft:oak_planks":832,"simplyswords:iron_longsword":1,"minecraft:iron_boots":1,"minecraft:iron_axe":1,"minecraft:chest":2,"minecraft:crafting_table":1,"minecraft:jungle_boat":1,"minecraft:iron_helmet":1,"minecraft:jungle_planks":20,"aether:iron_gloves":1,"minecraft:iron_chestplate":1,"minecraft:stick":12,"minecraft:iron_pickaxe":1,"minecraft:iron_shovel":3,"minecraft:iron_leggings":1},"minecraft:picked_up":{"minecraft:iron_chestplate":1,"minecraft:crafting_table":3,"minecraft:clay_ball":124,"aether:iron_gloves":1,"minecraft:diamond_sword":1,"galosphere:silver_ingot":122,"minecraft:potion":1,"minecraft:shield":1,"minecraft:moss_carpet":3,"minecraft:iron_axe":1,"minecraft:iron_leggings":1,"minecraft:item_frame":4,"minecraft:iron_shovel":2,"minecraft:cobbled_deepslate":425,"moonsweaponry:iron_greatsword":2,"minecraft:beef":1,"minecraft:iron_pickaxe":2,"minecraft:phantom_membrane":2,"minecraft:iron_boots":1,"minecraft:raw_iron":23,"minecraft:stick":37,"minecraft:stone":1,"minecraft:oak_door":3,"minecraft:torch":11,"minecraft:acacia_log":1,"minecraft:porkchop":1,"minecraft:arrow":26,"minecraft:rotten_flesh":14,"minecraft:glow_berries":11,"minecraft:cobblestone":13,"minecraft:cooked_beef":3,"minecraft:water_bucket":1,"minecraft:jungle_log":2,"minecraft:leather":2,"minecraft:jungle_wood":3,"minecraft:flint":2,"minecraft:tuff":25,"minecraft:oak_log":336,"minecraft:gunpowder":4,"minecraft:dirt":409,"minecraft:lapis_lazuli":79,"minecraft:blue_bed":1,"minecraft:bone":24,"minecraft:bow":3,"minecraft:wheat_seeds":5,"minecraft:raw_gold":8,"minecraft:iron_ingot":606,"minecraft:cooked_chicken":1,"minecraft:mossy_stone_bricks":1,"minecraft:diamond_helmet":1,"minecraft:moss_block":7,"minecraft:oak_planks":98,"minecraft:cooked_porkchop":643,"minecraft:sweet_berries":2,"minecraft:gravel":21,"minecraft:raw_iron_block":1,"minecraft:spruce_sapling":20,"minecraft:spruce_log":55,"galosphere:silver_nugget":64,"minecraft:light_gray_terracotta":4,"minecraft:diamond":10,"minecraft:stone_axe":1,"minecraft:iron_helmet":1,"minecraft:emerald":2},"minecraft:mined":{"minecraft:oak_door":3,"minecraft:grass_block":283,"minecraft:jungle_log":2,"minecraft:spruce_leaves":23,"minecraft:spawner":3,"minecraft:crafting_table":2,"minecraft:oak_planks":89,"minecraft:blue_bed":1,"minecraft:jungle_wood":3,"minecraft:sweet_berry_bush":4,"minecraft:spruce_log":55,"minecraft:dirt":81,"minecraft:fern":4},"minecraft:custom":{"minecraft:mob_kills":20,"minecraft:interact_with_anvil":1,"minecraft:interact_with_crafting_table":17,"minecraft:open_barrel":4,"minecraft:leave_game":3,"minecraft:time_since_death":179416,"minecraft:climb_one_cm":24308,"minecraft:sprint_one_cm":294807,"minecraft:walk_one_cm":498195,"minecraft:drop":112,"minecraft:play_time":210712,"minecraft:deaths":1,"minecraft:sneak_time":5819,"minecraft:walk_under_water_one_cm":11147,"minecraft:jump":1285,"minecraft:interact_with_blast_furnace":1,"minecraft:walk_on_water_one_cm":11638,"minecraft:total_world_time":210712,"minecraft:interact_with_furnace":10,"minecraft:time_since_rest":179453,"minecraft:damage_taken":2514,"minecraft:damage_dealt":5481,"minecraft:player_kills":1,"minecraft:swim_one_cm":1873,"minecraft:fly_one_cm":581573,"minecraft:open_chest":50,"minecraft:crouch_one_cm":19927,"minecraft:fall_one_cm":23884,"minecraft:inspect_dispenser":4}},"DataVersion":3465}