{"stats":{"minecraft:broken":{"moonsweaponry:iron_greatsword":1,"minecraft:iron_shovel":1,"aether:iron_gloves":1,"minecraft:iron_pickaxe":8},"minecraft:killed":{"minecraft:spider":6,"minecraft:skeleton":17,"minecraft:chicken":10,"minecraft:pig":12,"minecraft:creeper":10,"minecraft:zombie":47,"minecraft:glow_squid":1,"minecraft:cow":12,"minecraft:husk":19,"minecraft:bat":1,"minecraft:enderman":3},"minecraft:used":{"minecraft:iron_shovel":400,"minecraft:ladder":38,"minecraft:chest":8,"minecraft:shield":68,"minecraft:iron_sword":23,"minecraft:player_head":2,"minecraft:bricks":79,"minecraft:item_frame":1,"minecraft:furnace":5,"minecraft:egg":3,"minecraft:potato":32,"minecraft:blue_bed":1,"minecraft:glow_berries":23,"minecraft:mushroom_stew":3,"minecraft:black_banner":2,"minecraft:lever":14,"minecraft:bread":6,"minecraft:iron_door":6,"minecraft:diamond_sword":26,"minecraft:bone_meal":4,"minecraft:enchanting_table":1,"minecraft:tropical_fish":6,"minecraft:redstone":26,"minecraft:spruce_planks":5,"minecraft:cooked_chicken":1,"minecraft:oak_door":1,"minecraft:torch":134,"minecraft:dirt":33,"minecraft:anvil":1,"minecraft:nether_brick_stairs":1,"minecraft:iron_hoe":24,"minecraft:bookshelf":8,"minecraft:iron_axe":104,"moonsweaponry:iron_greatsword":378,"minecraft:cooked_beef":6,"minecraft:cobbled_deepslate":226,"minecraft:calcite":14,"minecraft:water_bucket":113,"minecraft:sniffer_egg":1,"minecraft:cobblestone_slab":2,"minecraft:crafting_table":13,"minecraft:cake":4,"minecraft:diamond_pickaxe":730,"minecraft:iron_pickaxe":2282,"minecraft:spruce_trapdoor":1,"minecraft:cobblestone":136,"travelersbackpack:standard":1,"minecraft:cooked_porkchop":14,"minecraft:bucket":115},"minecraft:dropped":{"minecraft:iron_sword":2,"minecraft:moss_block":12,"minecraft:glow_ink_sac":2,"minecraft:diamond":7,"minecraft:spore_blossom":1,"minecraft:glow_berries":2,"minecraft:dirt":21,"minecraft:gravel":43,"minecraft:cobbled_deepslate":129,"minecraft:wheat":10,"minecraft:rotten_flesh":13,"minecraft:oak_planks":128,"moonsweaponry:diamond_greatsword":1,"minecraft:black_glazed_terracotta":1,"minecraft:brick_stairs":2,"minecraft:azalea":2,"minecraft:painting":1,"minecraft:arrow":12,"galosphere:glow_ink_clumps":1,"minecraft:enchanted_book":2,"minecraft:iron_ingot":64,"minecraft:iron_helmet":1,"minecraft:cobblestone":167,"minecraft:apple":2,"minecraft:iron_leggings":1,"minecraft:flowering_azalea":1,"minecraft:string":1,"minecraft:bucket":1,"minecraft:spruce_sapling":4,"minecraft:moss_carpet":13,"minecraft:tuff":17,"minecraft:clay_ball":128,"minecraft:pumpkin_seeds":1,"minecraft:diamond_sword":1,"minecraft:big_dripleaf":31,"minecraft:gray_terracotta":8,"minecraft:mud_bricks":2,"minecraft:spruce_planks":13,"minecraft:spruce_trapdoor":2,"minecraft:iron_chestplate":1,"minecraft:mossy_stone_bricks":2,"minecraft:calcite":6},"minecraft:picked_up":{"minecraft:iron_chestplate":3,"minecraft:wheat":10,"aether:iron_gloves":3,"minecraft:potion":1,"minecraft:string":6,"minecraft:raw_copper":192,"minecraft:iron_leggings":4,"minecraft:spruce_planks":44,"minecraft:cobbled_deepslate":1314,"minecraft:black_glazed_terracotta":1,"minecraft:bucket":2,"moonsweaponry:iron_greatsword":3,"minecraft:cobblestone_slab":2,"minecraft:calcite":20,"minecraft:azalea":2,"minecraft:iron_pickaxe":2,"minecraft:iron_boots":1,"minecraft:furnace":2,"minecraft:stick":11,"minecraft:big_dripleaf":31,"minecraft:torch":128,"minecraft:porkchop":25,"minecraft:diorite":3,"minecraft:sniffer_egg":1,"minecraft:rotten_flesh":67,"minecraft:tropical_fish":8,"minecraft:obsidian":17,"minecraft:cobblestone":997,"minecraft:feather":20,"minecraft:cooked_beef":3,"minecraft:iron_door":3,"minecraft:water_bucket":2,"minecraft:potato":24,"minecraft:flint":15,"minecraft:tuff":17,"minecraft:lapis_lazuli":255,"minecraft:dirt":86,"minecraft:bone":20,"minecraft:gray_terracotta":12,"minecraft:bow":4,"minecraft:wheat_seeds":6,"minecraft:raw_gold":71,"minecraft:mossy_stone_bricks":4,"minecraft:moss_block":48,"galosphere:raw_silver":78,"minecraft:oak_planks":128,"minecraft:sand":31,"minecraft:stripped_spruce_log":9,"minecraft:nether_brick_stairs":1,"minecraft:diamond":60,"minecraft:soul_lantern":1,"minecraft:lever":12,"minecraft:bread":2,"minecraft:emerald":2,"minecraft:bricks":25,"minecraft:crafting_table":11,"minecraft:chicken":12,"minecraft:ladder":2,"minecraft:clay_ball":1149,"minecraft:gold_block":1,"minecraft:shield":2,"minecraft:cornflower":2,"minecraft:iron_axe":2,"minecraft:moss_carpet":14,"minecraft:item_frame":1,"minecraft:iron_shovel":3,"minecraft:beef":29,"minecraft:player_head":2,"minecraft:chest":4,"minecraft:spruce_trapdoor":1,"minecraft:egg":3,"galosphere:glow_ink_clumps":1,"minecraft:raw_iron":154,"minecraft:oak_door":1,"minecraft:redstone":438,"minecraft:arrow":23,"minecraft:black_banner":2,"minecraft:brick_stairs":8,"minecraft:glow_berries":29,"minecraft:mud_bricks":3,"minecraft:glow_ink_sac":4,"minecraft:leather":16,"minecraft:oak_log":6,"minecraft:gunpowder":12,"minecraft:blue_bed":2,"minecraft:apple":4,"minecraft:stone_bricks":4,"minecraft:spore_blossom":1,"minecraft:iron_ingot":193,"minecraft:cooked_chicken":1,"minecraft:flowering_azalea":1,"minecraft:iron_sword":2,"minecraft:book":21,"minecraft:emerald_block":6,"minecraft:raw_iron_block":2,"minecraft:gravel":95,"minecraft:spruce_sapling":6,"minecraft:spruce_log":52,"minecraft:spider_eye":3,"minecraft:pumpkin_seeds":1,"minecraft:iron_helmet":3,"minecraft:painting":1,"minecraft:coal":162,"minecraft:ender_pearl":1},"minecraft:crafted":{"minecraft:brick":384,"minecraft:oak_planks":24,"minecraft:cobblestone_slab":6,"minecraft:cooked_chicken":11,"moonsweaponry:diamond_greatsword":2,"minecraft:lever":2,"minecraft:bookshelf":8,"minecraft:glass":31,"minecraft:diamond_helmet":1,"minecraft:diamond_leggings":1,"minecraft:iron_boots":2,"minecraft:chest":8,"aether:diamond_gloves":1,"minecraft:iron_door":3,"galosphere:silver_ingot":35,"minecraft:bricks":96,"minecraft:cooked_porkchop":24,"minecraft:crafting_table":2,"minecraft:spruce_planks":188,"minecraft:iron_helmet":1,"minecraft:copper_ingot":65,"moonsweaponry:iron_greatsword":2,"minecraft:spruce_trapdoor":2,"minecraft:iron_chestplate":1,"minecraft:charcoal":3,"minecraft:diamond_pickaxe":1,"minecraft:shield":2,"minecraft:stick":125,"minecraft:iron_ingot":86,"minecraft:iron_pickaxe":12,"minecraft:iron_block":3,"minecraft:gold_ingot":55,"minecraft:raw_iron":18,"minecraft:furnace":4,"minecraft:bone_meal":36,"minecraft:iron_axe":1,"minecraft:ladder":36,"minecraft:iron_hoe":1,"minecraft:diamond_boots":1,"minecraft:cooked_beef":24,"minecraft:diamond_sword":1,"minecraft:enchanting_table":1,"travelersbackpack:backpack_tank":2,"minecraft:iron_sword":2,"minecraft:bucket":2,"minecraft:air":0,"minecraft:blue_dye":2,"minecraft:golden_apple":6,"minecraft:iron_shovel":1,"minecraft:iron_leggings":1,"minecraft:anvil":1,"minecraft:torch":28,"minecraft:diamond_chestplate":1},"minecraft:killed_by":{"minecraft:creeper":1},"minecraft:mined":{"minecraft:dark_oak_planks":5,"minecraft:waxed_cut_copper_slab":1,"minecraft:farmland":2,"minecraft:warped_stairs":1,"minecraft:obsidian":20,"minecraft:cave_vines_plant":14,"minecraft:grass_block":17,"minecraft:mud_bricks":1,"minecraft:spawner":1,"minecraft:dark_oak_trapdoor":4,"minecraft:iron_ore":74,"minecraft:cobbled_deepslate":8,"minecraft:moss_carpet":6,"minecraft:deepslate_lapis_ore":27,"minecraft:nether_brick_stairs":2,"minecraft:dark_oak_stairs":3,"minecraft:cave_vines":11,"minecraft:azalea":5,"minecraft:stripped_mangrove_wood":6,"minecraft:player_head":1,"minecraft:deepslate_redstone_ore":94,"minecraft:gray_terracotta":5,"minecraft:player_wall_head":1,"minecraft:soul_lantern":1,"minecraft:clay":303,"minecraft:torch":24,"minecraft:dark_oak_wood":3,"minecraft:calcite":22,"minecraft:mossy_cobblestone_wall":1,"minecraft:nether_brick_slab":2,"minecraft:cobblestone":37,"minecraft:oak_planks":2,"minecraft:bricks":18,"minecraft:iron_door":3,"minecraft:wall_torch":8,"minecraft:deepslate_copper_ore":6,"minecraft:grass":16,"minecraft:sand":31,"minecraft:dirt":43,"minecraft:netherrack":1,"minecraft:deepslate":1011,"minecraft:emerald_block":6,"minecraft:tuff":16,"minecraft:mossy_cobblestone":1,"minecraft:deepslate_diamond_ore":46,"minecraft:oak_door":1,"minecraft:lever":12,"minecraft:ladder":2,"minecraft:brick_stairs":3,"minecraft:redstone_wire":22,"minecraft:spruce_leaves":9,"minecraft:moss_block":52,"minecraft:large_fern":4,"minecraft:spore_blossom":1,"minecraft:redstone_ore":1,"minecraft:furnace":1,"minecraft:black_glazed_terracotta":1,"minecraft:stripped_spruce_log":9,"minecraft:gold_block":1,"minecraft:big_dripleaf_stem":1,"minecraft:bookshelf":7,"minecraft:lime_wall_banner":1,"minecraft:deepslate_iron_ore":89,"minecraft:cobblestone_slab":2,"minecraft:vine":5,"minecraft:stone":988,"minecraft:flowering_azalea":4,"galosphere:deepslate_silver_ore":79,"galosphere:glow_ink_clumps":1,"minecraft:crafting_table":11,"minecraft:cornflower":2,"minecraft:emerald_ore":2,"minecraft:tall_grass":8,"minecraft:copper_ore":53,"minecraft:lapis_ore":1,"minecraft:deepslate_gold_ore":58,"minecraft:diorite":5,"minecraft:blue_bed":1,"minecraft:big_dripleaf":5,"minecraft:dark_oak_wall_sign":1,"minecraft:black_wall_banner":1,"minecraft:spruce_log":37,"minecraft:white_wall_banner":3,"minecraft:coal_ore":165,"minecraft:sunflower":1,"minecraft:gravel":37,"minecraft:stone_bricks":2,"minecraft:small_dripleaf":1,"minecraft:mossy_stone_bricks":3,"minecraft:gold_ore":6,"minecraft:fern":1},"minecraft:custom":{"minecraft:interact_with_crafting_table":66,"minecraft:open_barrel":10,"minecraft:eat_cake_slice":10,"minecraft:leave_game":5,"minecraft:time_since_death":279044,"minecraft:sprint_one_cm":454429,"minecraft:damage_blocked_by_shield":2850,"minecraft:drop":88,"minecraft:talked_to_villager":3,"minecraft:play_time":437701,"minecraft:deaths":2,"minecraft:jump":4130,"minecraft:walk_on_water_one_cm":73889,"minecraft:enchant_item":9,"minecraft:interact_with_furnace":124,"minecraft:sleep_in_bed":2,"minecraft:waystone_activated":1,"minecraft:damage_dealt":28651,"minecraft:crouch_one_cm":10041,"minecraft:mob_kills":144,"minecraft:interact_with_anvil":2,"minecraft:climb_one_cm":77351,"minecraft:walk_one_cm":1207793,"minecraft:sneak_time":4065,"minecraft:walk_under_water_one_cm":26683,"minecraft:interact_with_blast_furnace":3,"minecraft:total_world_time":437701,"minecraft:tune_noteblock":1,"minecraft:interact_with_grindstone":1,"minecraft:interact_with_stonecutter":1,"minecraft:time_since_rest":181613,"minecraft:damage_taken":2987,"minecraft:swim_one_cm":1635,"minecraft:fly_one_cm":214971,"minecraft:open_chest":204,"minecraft:fall_one_cm":64607}},"DataVersion":3465}