{"stats":{"minecraft:broken":{"moonsweaponry:iron_greatsword":1,"minecraft:iron_shovel":1,"aether:iron_gloves":1,"minecraft:iron_pickaxe":8},"minecraft:killed":{"minecraft:spider":6,"minecraft:skeleton":12,"minecraft:chicken":10,"minecraft:husk":19,"minecraft:pig":12,"minecraft:bat":1,"minecraft:creeper":10,"minecraft:zombie":42,"minecraft:glow_squid":1,"minecraft:enderman":1,"minecraft:cow":12},"minecraft:used":{"minecraft:iron_shovel":359,"minecraft:enchanting_table":1,"minecraft:tropical_fish":6,"minecraft:redstone":26,"minecraft:ladder":38,"minecraft:spruce_planks":5,"minecraft:chest":8,"minecraft:shield":62,"minecraft:iron_sword":23,"minecraft:cooked_chicken":1,"minecraft:player_head":2,"minecraft:oak_door":1,"minecraft:torch":134,"minecraft:dirt":33,"minecraft:anvil":1,"minecraft:nether_brick_stairs":1,"minecraft:iron_hoe":24,"minecraft:bricks":79,"minecraft:bookshelf":8,"minecraft:iron_axe":98,"moonsweaponry:iron_greatsword":348,"minecraft:item_frame":1,"minecraft:furnace":5,"minecraft:cooked_beef":6,"minecraft:egg":3,"minecraft:cobbled_deepslate":191,"minecraft:potato":32,"minecraft:calcite":14,"minecraft:water_bucket":113,"minecraft:sniffer_egg":1,"minecraft:cobblestone_slab":2,"minecraft:blue_bed":1,"minecraft:glow_berries":23,"minecraft:mushroom_stew":3,"minecraft:black_banner":2,"minecraft:crafting_table":12,"minecraft:cake":4,"minecraft:lever":14,"minecraft:diamond_pickaxe":317,"minecraft:iron_pickaxe":2282,"minecraft:bread":6,"minecraft:spruce_trapdoor":1,"minecraft:iron_door":6,"minecraft:diamond_sword":26,"minecraft:cobblestone":136,"minecraft:cooked_porkchop":12,"minecraft:bucket":115,"minecraft:bone_meal":4},"minecraft:dropped":{"minecraft:enchanted_book":2,"minecraft:iron_ingot":64,"minecraft:iron_sword":2,"minecraft:moss_block":9,"minecraft:glow_ink_sac":2,"minecraft:diamond":7,"minecraft:spore_blossom":1,"minecraft:iron_helmet":1,"minecraft:cobblestone":151,"minecraft:apple":2,"minecraft:dirt":21,"minecraft:iron_leggings":1,"minecraft:flowering_azalea":1,"minecraft:bucket":1,"minecraft:string":1,"minecraft:spruce_sapling":4,"minecraft:gravel":43,"minecraft:moss_carpet":13,"minecraft:cobbled_deepslate":74,"minecraft:wheat":10,"minecraft:rotten_flesh":9,"minecraft:clay_ball":128,"minecraft:oak_planks":128,"minecraft:pumpkin_seeds":1,"minecraft:black_glazed_terracotta":1,"minecraft:diamond_sword":1,"minecraft:big_dripleaf":31,"minecraft:gray_terracotta":8,"minecraft:mud_bricks":2,"minecraft:brick_stairs":2,"minecraft:spruce_trapdoor":2,"minecraft:spruce_planks":6,"minecraft:iron_chestplate":1,"minecraft:mossy_stone_bricks":2,"minecraft:azalea":2,"minecraft:painting":1,"minecraft:calcite":6,"galosphere:glow_ink_clumps":1},"minecraft:picked_up":{"minecraft:iron_chestplate":3,"minecraft:crafting_table":11,"minecraft:wheat":10,"minecraft:chicken":12,"minecraft:ladder":2,"minecraft:clay_ball":1109,"aether:iron_gloves":3,"minecraft:gold_block":1,"minecraft:potion":1,"minecraft:shield":2,"minecraft:cornflower":2,"minecraft:string":6,"minecraft:moss_carpet":14,"minecraft:raw_copper":65,"minecraft:iron_axe":2,"minecraft:iron_leggings":4,"minecraft:item_frame":1,"minecraft:iron_shovel":3,"minecraft:cobbled_deepslate":1255,"minecraft:bucket":2,"minecraft:black_glazed_terracotta":1,"moonsweaponry:iron_greatsword":3,"minecraft:spruce_planks":44,"minecraft:beef":29,"minecraft:cobblestone_slab":2,"minecraft:player_head":2,"minecraft:calcite":20,"minecraft:azalea":2,"minecraft:iron_pickaxe":2,"minecraft:chest":4,"minecraft:spruce_trapdoor":1,"minecraft:furnace":2,"minecraft:iron_boots":1,"minecraft:egg":3,"galosphere:glow_ink_clumps":1,"minecraft:stick":10,"minecraft:raw_iron":115,"minecraft:oak_door":1,"minecraft:big_dripleaf":31,"minecraft:torch":128,"minecraft:porkchop":25,"minecraft:diorite":3,"minecraft:redstone":438,"minecraft:sniffer_egg":1,"minecraft:arrow":13,"minecraft:rotten_flesh":63,"minecraft:tropical_fish":8,"minecraft:black_banner":2,"minecraft:brick_stairs":8,"minecraft:glow_berries":29,"minecraft:obsidian":17,"minecraft:cobblestone":975,"minecraft:mud_bricks":3,"minecraft:feather":20,"minecraft:cooked_beef":3,"minecraft:iron_door":3,"minecraft:glow_ink_sac":4,"minecraft:water_bucket":2,"minecraft:leather":16,"minecraft:potato":24,"minecraft:flint":15,"minecraft:tuff":17,"minecraft:oak_log":6,"minecraft:gunpowder":12,"minecraft:lapis_lazuli":255,"minecraft:blue_bed":2,"minecraft:dirt":86,"minecraft:bone":20,"minecraft:apple":4,"minecraft:stone_bricks":4,"minecraft:bow":3,"minecraft:gray_terracotta":12,"minecraft:wheat_seeds":6,"minecraft:raw_gold":66,"minecraft:spore_blossom":1,"minecraft:iron_ingot":193,"minecraft:cooked_chicken":1,"minecraft:oak_planks":128,"minecraft:mossy_stone_bricks":4,"galosphere:raw_silver":78,"minecraft:moss_block":47,"minecraft:iron_sword":2,"minecraft:flowering_azalea":1,"minecraft:book":21,"minecraft:raw_iron_block":2,"minecraft:gravel":95,"minecraft:sand":31,"minecraft:stripped_spruce_log":9,"minecraft:spruce_sapling":6,"minecraft:nether_brick_stairs":1,"minecraft:spruce_log":52,"minecraft:spider_eye":3,"minecraft:pumpkin_seeds":1,"minecraft:diamond":54,"minecraft:soul_lantern":1,"minecraft:lever":12,"minecraft:iron_helmet":3,"minecraft:painting":1,"minecraft:emerald":2,"minecraft:bread":2,"minecraft:bricks":25,"minecraft:coal":147},"minecraft:crafted":{"minecraft:brick":384,"minecraft:oak_planks":24,"minecraft:raw_iron":9,"minecraft:cobblestone_slab":6,"minecraft:cooked_chicken":11,"minecraft:furnace":4,"moonsweaponry:diamond_greatsword":1,"minecraft:bone_meal":36,"minecraft:lever":2,"minecraft:bookshelf":8,"minecraft:glass":31,"minecraft:diamond_helmet":1,"minecraft:diamond_leggings":1,"minecraft:iron_boots":2,"minecraft:iron_axe":1,"minecraft:ladder":36,"minecraft:iron_hoe":1,"aether:diamond_gloves":1,"minecraft:chest":8,"minecraft:diamond_boots":1,"galosphere:silver_ingot":35,"minecraft:iron_door":3,"minecraft:bricks":96,"minecraft:cooked_beef":24,"minecraft:diamond_sword":1,"minecraft:cooked_porkchop":24,"minecraft:crafting_table":1,"minecraft:spruce_planks":188,"minecraft:enchanting_table":1,"travelersbackpack:backpack_tank":2,"minecraft:iron_helmet":1,"minecraft:iron_sword":2,"minecraft:copper_ingot":65,"moonsweaponry:iron_greatsword":2,"minecraft:bucket":2,"minecraft:air":0,"minecraft:blue_dye":2,"minecraft:spruce_trapdoor":2,"minecraft:iron_chestplate":1,"minecraft:golden_apple":6,"minecraft:diamond_pickaxe":1,"minecraft:charcoal":3,"minecraft:shield":2,"minecraft:stick":125,"minecraft:iron_ingot":86,"minecraft:iron_pickaxe":12,"minecraft:iron_block":3,"minecraft:iron_shovel":1,"minecraft:gold_ingot":55,"minecraft:iron_leggings":1,"minecraft:anvil":1,"minecraft:torch":28,"minecraft:diamond_chestplate":1},"minecraft:killed_by":{"minecraft:creeper":1},"minecraft:mined":{"minecraft:dark_oak_planks":5,"minecraft:waxed_cut_copper_slab":1,"minecraft:tuff":16,"minecraft:farmland":2,"minecraft:mossy_cobblestone":1,"minecraft:deepslate_diamond_ore":44,"minecraft:oak_door":1,"minecraft:warped_stairs":1,"minecraft:obsidian":20,"minecraft:cave_vines_plant":13,"minecraft:lever":12,"minecraft:ladder":2,"minecraft:grass_block":17,"minecraft:brick_stairs":3,"minecraft:redstone_wire":22,"minecraft:spruce_leaves":9,"minecraft:mud_bricks":1,"minecraft:moss_block":43,"minecraft:large_fern":4,"minecraft:spore_blossom":1,"minecraft:redstone_ore":1,"minecraft:furnace":1,"minecraft:dark_oak_trapdoor":4,"minecraft:black_glazed_terracotta":1,"minecraft:iron_ore":26,"minecraft:cobbled_deepslate":8,"minecraft:stripped_spruce_log":9,"minecraft:moss_carpet":6,"minecraft:deepslate_lapis_ore":27,"minecraft:big_dripleaf_stem":1,"minecraft:nether_brick_stairs":2,"minecraft:gold_block":1,"minecraft:dark_oak_stairs":2,"minecraft:bookshelf":7,"minecraft:vine":4,"minecraft:cobblestone_slab":2,"minecraft:lime_wall_banner":1,"minecraft:cave_vines":11,"minecraft:deepslate_iron_ore":89,"minecraft:azalea":4,"minecraft:stripped_mangrove_wood":6,"minecraft:stone":774,"minecraft:player_head":1,"minecraft:deepslate_redstone_ore":94,"minecraft:gray_terracotta":5,"minecraft:flowering_azalea":3,"minecraft:player_wall_head":1,"galosphere:deepslate_silver_ore":79,"minecraft:soul_lantern":1,"galosphere:glow_ink_clumps":1,"minecraft:clay":258,"minecraft:cornflower":2,"minecraft:crafting_table":11,"minecraft:torch":24,"minecraft:emerald_ore":2,"minecraft:mossy_cobblestone_wall":1,"minecraft:calcite":22,"minecraft:nether_brick_slab":2,"minecraft:copper_ore":14,"minecraft:tall_grass":7,"minecraft:cobblestone":36,"minecraft:deepslate_gold_ore":58,"minecraft:lapis_ore":1,"minecraft:blue_bed":1,"minecraft:bricks":18,"minecraft:diorite":5,"minecraft:iron_door":3,"minecraft:wall_torch":8,"minecraft:big_dripleaf":5,"minecraft:deepslate_copper_ore":6,"minecraft:dark_oak_wall_sign":1,"minecraft:black_wall_banner":1,"minecraft:spruce_log":37,"minecraft:white_wall_banner":3,"minecraft:grass":14,"minecraft:coal_ore":147,"minecraft:gravel":37,"minecraft:sunflower":1,"minecraft:dirt":43,"minecraft:sand":31,"minecraft:stone_bricks":2,"minecraft:small_dripleaf":1,"minecraft:netherrack":1,"minecraft:mossy_stone_bricks":3,"minecraft:gold_ore":1,"minecraft:deepslate":949,"minecraft:fern":1},"minecraft:custom":{"minecraft:interact_with_anvil":2,"minecraft:mob_kills":132,"minecraft:interact_with_crafting_table":65,"minecraft:open_barrel":10,"minecraft:eat_cake_slice":10,"minecraft:leave_game":4,"minecraft:time_since_death":255863,"minecraft:climb_one_cm":77170,"minecraft:sprint_one_cm":442959,"minecraft:damage_blocked_by_shield":2620,"minecraft:walk_one_cm":1141863,"minecraft:drop":76,"minecraft:talked_to_villager":3,"minecraft:play_time":414520,"minecraft:sneak_time":3822,"minecraft:deaths":2,"minecraft:walk_under_water_one_cm":26683,"minecraft:jump":3757,"minecraft:interact_with_blast_furnace":3,"minecraft:walk_on_water_one_cm":72747,"minecraft:enchant_item":9,"minecraft:total_world_time":414520,"minecraft:interact_with_furnace":124,"minecraft:tune_noteblock":1,"minecraft:interact_with_stonecutter":1,"minecraft:interact_with_grindstone":1,"minecraft:sleep_in_bed":2,"minecraft:time_since_rest":158432,"minecraft:waystone_activated":1,"minecraft:damage_taken":2673,"minecraft:damage_dealt":26937,"minecraft:swim_one_cm":1635,"minecraft:fly_one_cm":206010,"minecraft:open_chest":202,"minecraft:crouch_one_cm":9332,"minecraft:fall_one_cm":59624}},"DataVersion":3465}