{"stats":{"minecraft:crafted":{"minecraft:stone_shovel":2,"minecraft:fishing_rod":1,"minecraft:furnace":7,"minecraft:acacia_fence_gate":5,"minecraft:warped_planks":140,"minecraft:warped_fence":3,"twilightforest:twilight_oak_planks":12,"minecraft:stone_pickaxe":4,"minecraft:acacia_fence":129,"minecraft:warped_stairs":40,"minecraft:cooked_cod":11,"minecraft:crafting_table":2,"minecraft:stone_axe":2,"minecraft:warped_door":3,"minecraft:air":0,"minecraft:wooden_hoe":1,"minecraft:charcoal":17,"minecraft:stick":152,"minecraft:stone_sword":1,"minecraft:acacia_planks":236,"minecraft:torch":88},"minecraft:picked_up":{"minecraft:wooden_axe":4,"minecraft:fishing_rod":3,"minecraft:chicken":7,"minecraft:lead":4,"minecraft:diamond_sword":1,"minecraft:wooden_pickaxe":3,"minecraft:potion":3,"minecraft:warped_stairs":13,"minecraft:shield":1,"minecraft:string":15,"minecraft:raw_copper":50,"minecraft:iron_axe":1,"minecraft:cobbled_deepslate":106,"minecraft:acacia_fence_gate":2,"minecraft:written_book":1,"minecraft:iron_pickaxe":7,"minecraft:chest":1,"minecraft:egg":44,"minecraft:furnace":3,"minecraft:stick":265,"minecraft:sandstone":15,"minecraft:acacia_fence":65,"minecraft:torch":85,"minecraft:acacia_log":193,"minecraft:warped_planks":88,"minecraft:redstone":10,"minecraft:warped_door":2,"twilightforest:firefly":1,"minecraft:rotten_flesh":49,"minecraft:stone_sword":2,"minecraft:arrow":37,"minecraft:stone_shovel":4,"minecraft:tropical_fish":22,"twilightforest:cicada":1,"minecraft:shears":4,"minecraft:mutton":3,"minecraft:cod":23,"minecraft:white_wool":34,"minecraft:cobblestone":154,"minecraft:feather":2,"twilightforest:twilight_oak_log":6,"minecraft:andesite":4,"minecraft:salmon":2,"minecraft:leather":8,"minecraft:lily_pad":2,"minecraft:gunpowder":11,"minecraft:wooden_hoe":2,"minecraft:dirt":463,"minecraft:red_carpet":1,"minecraft:bone":23,"minecraft:acacia_planks":131,"minecraft:kelp":18,"minecraft:bow":2,"minecraft:wheat_seeds":145,"minecraft:warped_stem":35,"minecraft:stone_pickaxe":8,"minecraft:iron_ingot":4,"minecraft:cooked_chicken":3,"minecraft:acacia_sapling":73,"minecraft:iron_sword":11,"minecraft:oak_planks":1,"minecraft:cooked_porkchop":1,"minecraft:warped_wart_block":1,"minecraft:gravel":16,"minecraft:sand":99,"minecraft:spider_eye":4,"minecraft:diamond":1,"minecraft:stone_axe":2,"minecraft:grass":18,"minecraft:bone_meal":5,"minecraft:warped_roots":1,"minecraft:baked_potato":1,"minecraft:coal":82,"twilightforest:torchberries":5},"minecraft:killed_by":{"minecraft:creeper":1,"minecraft:spider":1,"minecraft:enderman":1,"minecraft:skeleton":3,"minecraft:zombie":3},"minecraft:used":{"minecraft:stone_sword":69,"minecraft:acacia_log":4,"minecraft:stone_shovel":195,"minecraft:chest":1,"minecraft:iron_sword":372,"minecraft:torch":67,"minecraft:dirt":122,"minecraft:warped_door":2,"minecraft:wooden_axe":15,"minecraft:warped_stairs":41,"minecraft:bow":1,"minecraft:furnace":10,"minecraft:cooked_cod":9,"minecraft:acacia_fence":134,"minecraft:cobbled_deepslate":69,"minecraft:wheat_seeds":17,"minecraft:stone_pickaxe":88,"minecraft:wooden_pickaxe":19,"minecraft:crafting_table":2,"minecraft:shears":6,"minecraft:warped_planks":54,"minecraft:wooden_hoe":18,"minecraft:iron_pickaxe":126,"minecraft:acacia_fence_gate":7,"minecraft:stone_axe":158,"minecraft:fishing_rod":38,"minecraft:cobblestone":41,"minecraft:andesite":4,"minecraft:bone_meal":1},"minecraft:dropped":{"minecraft:iron_sword":1,"minecraft:cooked_cod":1,"minecraft:wooden_pickaxe":1},"minecraft:custom":{"minecraft:mob_kills":63,"minecraft:animals_bred":9,"minecraft:interact_with_crafting_table":37,"minecraft:time_since_death":17493,"minecraft:sprint_one_cm":272866,"minecraft:walk_one_cm":663435,"minecraft:drop":3,"minecraft:talked_to_villager":1,"minecraft:play_time":138288,"minecraft:deaths":10,"minecraft:sneak_time":6628,"minecraft:walk_under_water_one_cm":73922,"minecraft:jump":997,"minecraft:walk_on_water_one_cm":23591,"minecraft:total_world_time":138288,"minecraft:interact_with_furnace":29,"minecraft:time_since_rest":17517,"minecraft:damage_taken":2980,"minecraft:damage_dealt":8543,"minecraft:swim_one_cm":51630,"minecraft:fly_one_cm":131525,"minecraft:open_chest":54,"minecraft:crouch_one_cm":18224,"minecraft:fish_caught":3,"minecraft:fall_one_cm":14083},"minecraft:killed":{"minecraft:spider":6,"minecraft:cod":16,"minecraft:skeleton":4,"minecraft:chicken":6,"minecraft:tropical_fish":8,"minecraft:wandering_trader":1,"minecraft:creeper":1,"minecraft:trader_llama":2,"minecraft:zombie":16,"minecraft:enderman":2},"minecraft:mined":{"minecraft:warped_stairs":5,"minecraft:glow_lichen":3,"minecraft:acacia_log":138,"minecraft:grass_block":134,"minecraft:kelp":1,"minecraft:sandstone":5,"minecraft:tall_seagrass":1,"minecraft:furnace":2,"minecraft:cobbled_deepslate":24,"minecraft:andesite":4,"minecraft:stone":82,"minecraft:deepslate_redstone_ore":1,"minecraft:acacia_leaves":17,"minecraft:kelp_plant":7,"minecraft:torch":6,"minecraft:tall_grass":31,"minecraft:copper_ore":12,"minecraft:cobblestone":12,"twilightforest:mayapple":1,"minecraft:wall_torch":1,"minecraft:deepslate_copper_ore":1,"minecraft:seagrass":1,"minecraft:acacia_sapling":3,"minecraft:warped_planks":9,"minecraft:acacia_fence_gate":2,"minecraft:wheat":1,"minecraft:grass":659,"minecraft:coal_ore":35,"minecraft:acacia_fence":9,"minecraft:dirt":51,"minecraft:gravel":8,"minecraft:sand":32,"minecraft:oak_leaves":2,"minecraft:deepslate":45},"minecraft:broken":{"minecraft:iron_sword":1,"minecraft:wooden_axe":1,"minecraft:fishing_rod":1,"minecraft:stone_shovel":1}},"DataVersion":3465}