{"stats":{"minecraft:broken":{"minecraft:iron_shovel":3,"minecraft:bow":1},"minecraft:killed":{"minecraft:spider":1,"minecraft:vindicator":4,"minecraft:phantom":2,"minecraft:skeleton":4,"minecraft:drowned":2,"minecraft:pig":2,"minecraft:creeper":4,"minecraft:pillager":5,"minecraft:zombie":11,"minecraft:enderman":2,"minecraft:cow":2},"minecraft:used":{"minecraft:iron_shovel":753,"minecraft:armor_stand":5,"minecraft:chest":2,"minecraft:spruce_planks":1,"minecraft:shield":41,"minecraft:iron_sword":111,"minecraft:torch":30,"minecraft:dirt":298,"minecraft:spruce_fence":4,"minecraft:glass":72,"minecraft:iron_axe":195,"moonsweaponry:iron_greatsword":10,"minecraft:redstone_lamp":6,"minecraft:bow":9,"minecraft:sweet_berries":13,"minecraft:furnace":23,"minecraft:oak_planks":309,"minecraft:ender_pearl":1,"minecraft:stonecutter":1,"minecraft:blue_bed":2,"minecraft:spruce_sign":3,"minecraft:fletching_table":1,"minecraft:sand":2,"minecraft:crafting_table":5,"minecraft:blast_furnace":1,"minecraft:redstone_torch":2,"minecraft:iron_pickaxe":227,"minecraft:stone_axe":149,"minecraft:purple_bed":2,"travelersbackpack:standard":3,"minecraft:grindstone":2,"minecraft:cooked_porkchop":24,"minecraft:bucket":2,"minecraft:glass_pane":106},"minecraft:dropped":{"minecraft:iron_sword":2,"minecraft:oak_slab":1,"minecraft:wheat_seeds":2,"minecraft:cooked_porkchop":8,"minecraft:cobblestone":5,"moonsweaponry:iron_greatsword":1,"minecraft:sand":39,"minecraft:sweet_berries":116,"minecraft:raw_copper":3,"minecraft:red_terracotta":1,"minecraft:pumpkin_seeds":2,"minecraft:gray_terracotta":3,"minecraft:stone":2,"minecraft:spruce_planks":3,"minecraft:arrow":1,"minecraft:glass":26},"minecraft:crafted":{"minecraft:oak_planks":608,"minecraft:redstone":9,"minecraft:furnace":13,"minecraft:spruce_fence":51,"minecraft:glass_pane":128,"minecraft:glass":309,"minecraft:iron_boots":1,"minecraft:iron_axe":1,"minecraft:chest":2,"minecraft:spruce_sign":3,"minecraft:crafting_table":3,"minecraft:spruce_planks":276,"minecraft:iron_helmet":1,"minecraft:iron_sword":1,"minecraft:bucket":1,"minecraft:air":0,"minecraft:iron_chestplate":1,"minecraft:charcoal":53,"minecraft:shield":1,"minecraft:stick":8,"minecraft:iron_ingot":2,"minecraft:iron_pickaxe":1,"minecraft:iron_shovel":3,"minecraft:iron_leggings":1,"minecraft:gold_ingot":1,"minecraft:redstone_torch":1,"minecraft:torch":80},"minecraft:picked_up":{"minecraft:charcoal":30,"minecraft:crafting_table":2,"minecraft:iron_chestplate":2,"minecraft:redstone_block":1,"minecraft:redstone_lamp":6,"minecraft:shield":2,"minecraft:raw_copper":9,"minecraft:iron_axe":2,"minecraft:iron_leggings":2,"minecraft:armor_stand":5,"minecraft:iron_shovel":2,"minecraft:comparator":1,"moonsweaponry:iron_greatsword":2,"minecraft:spruce_planks":6,"minecraft:beef":5,"minecraft:redstone_torch":2,"minecraft:iron_pickaxe":2,"minecraft:furnace":18,"minecraft:piston":2,"minecraft:phantom_membrane":3,"minecraft:iron_boots":2,"minecraft:stick":85,"minecraft:stone":3,"minecraft:torch":73,"minecraft:note_block":2,"minecraft:porkchop":2,"minecraft:redstone":1,"minecraft:arrow":8,"minecraft:rotten_flesh":12,"minecraft:cobblestone":119,"minecraft:repeater":3,"minecraft:leather":3,"minecraft:oak_log":168,"minecraft:gunpowder":10,"minecraft:dirt":626,"minecraft:blue_bed":2,"minecraft:white_banner":2,"minecraft:glass":9,"minecraft:bone":8,"minecraft:stonecutter":2,"minecraft:gray_terracotta":9,"minecraft:wheat_seeds":3,"minecraft:grindstone":2,"minecraft:iron_ingot":115,"minecraft:fletching_table":1,"minecraft:iron_sword":4,"minecraft:oak_planks":426,"minecraft:oak_slab":1,"minecraft:cooked_porkchop":157,"minecraft:sweet_berries":391,"minecraft:lava_bucket":2,"minecraft:sand":787,"minecraft:spruce_sapling":47,"minecraft:blast_furnace":1,"minecraft:grass_block":1,"minecraft:spruce_log":209,"minecraft:red_terracotta":3,"minecraft:spider_eye":1,"galosphere:silver_nugget":12,"travelersbackpack:standard":1,"minecraft:light_gray_terracotta":8,"minecraft:pumpkin_seeds":3,"minecraft:purple_bed":2,"minecraft:diamond":1,"minecraft:stone_axe":1,"minecraft:iron_helmet":3,"minecraft:emerald":3,"minecraft:oak_sapling":7,"minecraft:hopper":2,"minecraft:ender_pearl":3},"minecraft:killed_by":{"minecraft:vindicator":2},"minecraft:mined":{"minecraft:spruce_planks":5,"minecraft:grass_block":270,"minecraft:redstone_wire":1,"minecraft:spruce_leaves":48,"minecraft:hopper":2,"minecraft:red_stained_glass_pane":1,"minecraft:spawner":1,"minecraft:large_fern":1,"minecraft:black_stained_glass_pane":6,"minecraft:furnace":19,"minecraft:fletching_table":1,"minecraft:light_gray_concrete":37,"minecraft:stone":109,"minecraft:spruce_slab":2,"minecraft:redstone_wall_torch":1,"minecraft:gray_terracotta":3,"minecraft:oak_slab":1,"minecraft:redstone_block":1,"minecraft:gray_concrete":3,"minecraft:glass_pane":4,"minecraft:comparator":1,"minecraft:chiseled_quartz_block":3,"minecraft:note_block":2,"minecraft:crafting_table":2,"minecraft:torch":2,"minecraft:light_gray_terracotta":4,"minecraft:blast_furnace":1,"minecraft:campfire":1,"minecraft:tall_grass":1,"minecraft:glass":4,"minecraft:copper_ore":1,"minecraft:grindstone":2,"minecraft:oak_planks":63,"minecraft:blue_bed":2,"minecraft:purple_bed":2,"minecraft:red_terracotta":1,"minecraft:repeater":1,"minecraft:dark_oak_slab":1,"minecraft:light_gray_stained_glass":10,"minecraft:redstone_torch":1,"minecraft:sweet_berry_bush":35,"minecraft:spruce_log":155,"minecraft:oak_log":41,"minecraft:dirt":187,"minecraft:sand":341,"minecraft:smooth_quartz":22,"minecraft:dispenser":1,"minecraft:stonecutter":2,"minecraft:piston":2,"minecraft:oak_leaves":10,"minecraft:fern":5,"minecraft:redstone_lamp":6},"minecraft:custom":{"minecraft:mob_kills":44,"minecraft:animals_bred":2,"minecraft:interact_with_crafting_table":33,"minecraft:leave_game":2,"minecraft:time_since_death":92355,"minecraft:climb_one_cm":17877,"minecraft:sprint_one_cm":348968,"minecraft:walk_one_cm":784313,"minecraft:damage_blocked_by_shield":1650,"minecraft:drop":53,"minecraft:play_noteblock":2,"minecraft:play_time":177913,"minecraft:deaths":2,"minecraft:sneak_time":8070,"minecraft:walk_under_water_one_cm":37871,"minecraft:boat_one_cm":5612,"minecraft:jump":1097,"minecraft:interact_with_blast_furnace":5,"minecraft:walk_on_water_one_cm":40582,"minecraft:total_world_time":177913,"minecraft:interact_with_furnace":99,"minecraft:tune_noteblock":2,"minecraft:interact_with_grindstone":5,"minecraft:interact_with_stonecutter":3,"minecraft:sleep_in_bed":1,"minecraft:time_since_rest":29174,"minecraft:damage_taken":2412,"minecraft:damage_dealt":7500,"minecraft:swim_one_cm":38841,"minecraft:fly_one_cm":38305,"minecraft:open_chest":109,"minecraft:crouch_one_cm":23917,"minecraft:inspect_dispenser":6,"minecraft:fall_one_cm":10979}},"DataVersion":3465}