{"stats":{"minecraft:broken":{"minecraft:iron_shovel":2,"minecraft:stone_pickaxe":6,"minecraft:stone_axe":2},"minecraft:killed":{"minecraft:spider":4,"minecraft:skeleton":1,"minecraft:pig":1,"minecraft:creeper":1,"minecraft:sheep":3,"minecraft:zombie":3},"minecraft:used":{"minecraft:stone_sword":51,"minecraft:red_sand":1,"minecraft:iron_shovel":686,"minecraft:spruce_slab":66,"minecraft:ladder":1,"minecraft:spruce_planks":601,"minecraft:chest":13,"minecraft:iron_sword":93,"minecraft:oak_door":2,"minecraft:torch":104,"minecraft:dirt":42,"minecraft:acacia_sapling":4,"minecraft:tuff":4,"minecraft:axolotl_bucket":2,"minecraft:glass":480,"minecraft:iron_axe":37,"minecraft:blue_orchid":2,"minecraft:dark_oak_wood":2,"minecraft:sweet_berries":2,"minecraft:furnace":7,"minecraft:cobbled_deepslate":13,"minecraft:calcite":636,"minecraft:water_bucket":1,"minecraft:stone_pickaxe":873,"minecraft:wooden_pickaxe":24,"minecraft:warped_roots":1,"minecraft:mossy_cobblestone":3,"minecraft:crafting_table":11,"minecraft:white_bed":3,"minecraft:cornflower":6,"minecraft:iron_pickaxe":205,"minecraft:stone_axe":240,"minecraft:white_banner":2,"minecraft:cooked_porkchop":35,"minecraft:bucket":12,"minecraft:golden_pickaxe":5},"minecraft:dropped":{"minecraft:moss_block":6,"minecraft:cobblestone":1,"minecraft:warped_roots":1,"minecraft:cornflower":3,"minecraft:tuff":2,"minecraft:rotten_flesh":20,"minecraft:azalea":2},"minecraft:crafted":{"minecraft:oak_door":3,"minecraft:oak_planks":52,"minecraft:furnace":5,"minecraft:glass":568,"minecraft:iron_axe":2,"minecraft:spruce_slab":66,"minecraft:stone_pickaxe":7,"minecraft:chest":5,"galosphere:silver_ingot":11,"minecraft:dark_oak_planks":8,"minecraft:cooked_porkchop":3,"minecraft:crafting_table":4,"minecraft:spruce_planks":612,"minecraft:wooden_pickaxe":1,"minecraft:iron_sword":1,"minecraft:bucket":3,"minecraft:stone_axe":2,"minecraft:air":0,"minecraft:stick":52,"minecraft:iron_ingot":35,"minecraft:iron_pickaxe":1,"minecraft:stone_sword":1,"minecraft:iron_shovel":4,"minecraft:gold_ingot":17,"minecraft:white_bed":1,"minecraft:acacia_planks":92,"minecraft:torch":68},"minecraft:picked_up":{"minecraft:crafting_table":12,"minecraft:chest_minecart":2,"minecraft:ladder":1,"minecraft:clay_ball":16,"minecraft:cornflower":9,"minecraft:moss_carpet":6,"minecraft:string":3,"minecraft:iron_shovel":2,"minecraft:blue_orchid":8,"minecraft:activator_rail":10,"minecraft:tnt_minecart":1,"minecraft:red_sand":1,"minecraft:cobbled_deepslate":22,"minecraft:spruce_planks":157,"minecraft:azalea":4,"minecraft:calcite":1041,"minecraft:iron_pickaxe":1,"minecraft:chest":8,"minecraft:furnace":2,"minecraft:raw_iron":51,"minecraft:stick":55,"minecraft:big_dripleaf":2,"minecraft:torch":83,"minecraft:acacia_log":23,"minecraft:porkchop":3,"minecraft:redstone":67,"minecraft:iron_horse_armor":1,"minecraft:rotten_flesh":41,"minecraft:stone_sword":3,"minecraft:arrow":2,"minecraft:decorated_pot":3,"minecraft:beetroot_seeds":3,"minecraft:gold_ingot":4,"minecraft:glow_berries":17,"minecraft:mutton":6,"minecraft:white_wool":3,"minecraft:rail":15,"minecraft:cobblestone":84,"minecraft:magma_block":4,"minecraft:tuff":6,"minecraft:gunpowder":2,"minecraft:lapis_lazuli":188,"minecraft:dirt":85,"minecraft:white_banner":2,"minecraft:glass":91,"minecraft:bone":6,"minecraft:acacia_planks":39,"minecraft:wheat_seeds":2,"minecraft:raw_gold":8,"minecraft:stone_pickaxe":6,"minecraft:iron_ingot":85,"galosphere:raw_silver":25,"minecraft:moss_block":12,"minecraft:acacia_sapling":4,"minecraft:oak_planks":18,"minecraft:iron_sword":1,"minecraft:cooked_porkchop":122,"minecraft:sweet_berries":2,"minecraft:axolotl_bucket":1,"minecraft:sand":990,"minecraft:spruce_sapling":58,"minecraft:white_bed":2,"minecraft:spruce_log":153,"minecraft:barrel":1,"minecraft:spider_eye":2,"minecraft:mossy_cobblestone":9,"minecraft:pumpkin_seeds":2,"minecraft:diamond":7,"minecraft:stone_axe":4,"minecraft:golden_apple":1,"minecraft:bread":4,"minecraft:golden_horse_armor":1,"minecraft:warped_roots":3,"minecraft:dark_oak_wood":4,"minecraft:coal":47},"minecraft:killed_by":{"minecraft:player":1,"minecraft:enderman":1,"minecraft:zombie":2},"minecraft:mined":{"minecraft:spruce_planks":82,"minecraft:large_amethyst_bud":2,"minecraft:tuff":6,"minecraft:white_bed":2,"minecraft:mossy_cobblestone":6,"minecraft:deepslate_diamond_ore":7,"minecraft:ladder":1,"minecraft:cave_vines_plant":4,"minecraft:acacia_log":22,"minecraft:grass_block":14,"minecraft:decorated_pot":2,"minecraft:spruce_leaves":36,"minecraft:moss_block":10,"minecraft:spawner":1,"minecraft:magma_block":6,"minecraft:furnace":2,"minecraft:fire":1,"minecraft:iron_ore":13,"minecraft:barrel":1,"minecraft:moss_carpet":1,"minecraft:deepslate_lapis_ore":9,"minecraft:cave_vines":15,"minecraft:deepslate_iron_ore":23,"minecraft:azalea":2,"minecraft:blue_orchid":3,"minecraft:stone":53,"minecraft:podzol":2,"minecraft:deepslate_redstone_ore":15,"galosphere:deepslate_silver_ore":14,"minecraft:clay":3,"minecraft:crafting_table":10,"minecraft:cornflower":1,"minecraft:torch":1,"minecraft:dark_oak_wood":4,"minecraft:calcite":829,"minecraft:warped_roots":1,"minecraft:chest":8,"minecraft:glass":2,"minecraft:tall_grass":1,"minecraft:cobblestone":15,"minecraft:lapis_ore":22,"minecraft:deepslate_gold_ore":8,"minecraft:oak_planks":2,"minecraft:wall_torch":8,"minecraft:big_dripleaf":1,"minecraft:sweet_berry_bush":1,"minecraft:spruce_log":155,"minecraft:white_wall_banner":2,"minecraft:grass":6,"minecraft:coal_ore":21,"minecraft:sand":666,"minecraft:dirt":39,"minecraft:cobweb":2,"minecraft:deepslate":20,"minecraft:fern":3},"minecraft:custom":{"minecraft:mob_kills":14,"minecraft:interact_with_crafting_table":35,"minecraft:open_barrel":2,"minecraft:leave_game":2,"minecraft:time_since_death":33027,"minecraft:climb_one_cm":38870,"minecraft:sprint_one_cm":686884,"minecraft:walk_one_cm":613969,"minecraft:drop":10,"minecraft:play_time":216073,"minecraft:deaths":4,"minecraft:sneak_time":13157,"minecraft:walk_under_water_one_cm":14053,"minecraft:jump":2136,"minecraft:walk_on_water_one_cm":40864,"minecraft:total_world_time":216073,"minecraft:interact_with_furnace":84,"minecraft:sleep_in_bed":7,"minecraft:time_since_rest":33079,"minecraft:damage_taken":3285,"minecraft:damage_dealt":2731,"minecraft:swim_one_cm":3388,"minecraft:fly_one_cm":231504,"minecraft:open_chest":121,"minecraft:crouch_one_cm":53595,"minecraft:fall_one_cm":45600}},"DataVersion":3465}