{"stats":{"minecraft:broken":{"aether:golden_gloves":1,"minecraft:iron_shovel":3,"minecraft:stone_pickaxe":7,"minecraft:iron_axe":1,"minecraft:iron_sword":1,"minecraft:stone_axe":2,"minecraft:iron_pickaxe":1},"minecraft:killed":{"minecraft:spider":5,"minecraft:skeleton":2,"minecraft:magma_cube":154,"minecraft:pig":1,"minecraft:creeper":2,"minecraft:sheep":9,"minecraft:zombie":3,"minecraft:cow":11},"minecraft:used":{"minecraft:stone_sword":62,"minecraft:red_sand":1,"minecraft:iron_shovel":936,"minecraft:spruce_slab":70,"minecraft:ladder":1,"minecraft:oak_sign":2,"minecraft:decorated_pot":2,"minecraft:spruce_planks":686,"minecraft:chest":17,"minecraft:stone":6,"minecraft:iron_sword":269,"minecraft:oak_door":2,"minecraft:torch":126,"minecraft:dirt":45,"minecraft:spruce_stairs":2,"minecraft:acacia_sapling":4,"minecraft:tuff":4,"minecraft:axolotl_bucket":2,"minecraft:glass":720,"minecraft:iron_axe":196,"minecraft:blue_orchid":2,"minecraft:dark_oak_wood":2,"minecraft:smooth_basalt":1,"minecraft:sweet_berries":2,"minecraft:furnace":11,"minecraft:acacia_planks":16,"minecraft:cobbled_deepslate":13,"minecraft:calcite":688,"minecraft:chiseled_polished_blackstone":248,"minecraft:water_bucket":1,"minecraft:stone_pickaxe":921,"minecraft:blackstone":4,"minecraft:wooden_pickaxe":24,"minecraft:stonecutter":1,"minecraft:warped_roots":1,"minecraft:glow_berries":13,"minecraft:mossy_cobblestone":3,"minecraft:crafting_table":13,"minecraft:white_bed":5,"minecraft:shears":8,"minecraft:spruce_log":4,"waystones:waystone":1,"minecraft:cornflower":6,"minecraft:iron_pickaxe":488,"minecraft:gravel":3,"minecraft:stone_axe":240,"minecraft:cobblestone":3,"travelersbackpack:magma_cube":2,"travelersbackpack:standard":8,"minecraft:smithing_table":1,"minecraft:white_banner":2,"minecraft:cooked_porkchop":62,"minecraft:bucket":32,"minecraft:bone_meal":15,"minecraft:golden_pickaxe":5},"minecraft:dropped":{"minecraft:moss_block":6,"minecraft:cooked_porkchop":1,"minecraft:cobblestone":1,"minecraft:warped_roots":1,"minecraft:cornflower":3,"minecraft:spruce_sapling":3,"minecraft:stone_sword":1,"minecraft:tuff":2,"minecraft:rotten_flesh":20,"simplyswords:iron_scythe":1,"minecraft:beetroot_seeds":10,"minecraft:azalea":2},"minecraft:crafted":{"minecraft:oak_door":3,"minecraft:oak_planks":52,"travelersbackpack:crafting_upgrade":1,"minecraft:furnace":5,"minecraft:stone":9,"aether:golden_ring":1,"aether:golden_gloves":1,"minecraft:bone_meal":18,"travelersbackpack:blank_upgrade":4,"travelersbackpack:gold_tier_upgrade":1,"travelersbackpack:magma_cube":1,"minecraft:glass":750,"minecraft:spruce_stairs":4,"travelersbackpack:white_sleeping_bag":1,"minecraft:iron_boots":1,"minecraft:iron_axe":2,"minecraft:spruce_slab":72,"minecraft:stone_pickaxe":7,"minecraft:chest":7,"galosphere:silver_ingot":14,"minecraft:dark_oak_planks":8,"travelersbackpack:diamond_tier_upgrade":1,"travelersbackpack:iron_tier_upgrade":1,"minecraft:cooked_porkchop":3,"minecraft:crafting_table":5,"minecraft:spruce_planks":664,"travelersbackpack:standard":5,"travelersbackpack:backpack_tank":4,"minecraft:iron_helmet":1,"minecraft:wooden_pickaxe":1,"minecraft:iron_sword":1,"minecraft:smithing_table":1,"minecraft:chiseled_polished_blackstone":5,"minecraft:bucket":3,"minecraft:stone_axe":2,"minecraft:air":0,"minecraft:iron_chestplate":1,"aether:golden_pendant":1,"minecraft:shield":2,"minecraft:stick":88,"minecraft:iron_ingot":35,"minecraft:iron_pickaxe":2,"minecraft:stone_sword":1,"minecraft:iron_leggings":1,"minecraft:iron_shovel":7,"minecraft:gold_ingot":17,"minecraft:stonecutter":1,"minecraft:white_bed":2,"minecraft:acacia_planks":92,"minecraft:torch":104,"minecraft:shears":1},"minecraft:picked_up":{"minecraft:crafting_table":14,"minecraft:chest_minecart":2,"minecraft:ladder":1,"minecraft:clay_ball":16,"minecraft:cornflower":11,"minecraft:moss_carpet":6,"minecraft:string":5,"minecraft:iron_axe":2,"minecraft:explorer_pottery_sherd":2,"minecraft:iron_shovel":3,"minecraft:blackstone":305,"minecraft:oak_sign":3,"minecraft:blue_orchid":12,"minecraft:activator_rail":10,"minecraft:tnt_minecart":1,"minecraft:red_sand":1,"minecraft:cobbled_deepslate":22,"minecraft:spruce_planks":190,"minecraft:beef":20,"minecraft:azalea":4,"minecraft:calcite":1174,"minecraft:spruce_slab":6,"minecraft:iron_pickaxe":1,"minecraft:chest":12,"minecraft:furnace":6,"minecraft:raw_iron":51,"minecraft:stick":56,"minecraft:big_dripleaf":2,"minecraft:torch":87,"minecraft:acacia_log":23,"minecraft:porkchop":3,"minecraft:redstone":67,"minecraft:iron_horse_armor":1,"minecraft:howl_pottery_sherd":2,"minecraft:rotten_flesh":44,"minecraft:stone_sword":4,"minecraft:arrow":4,"simplyswords:iron_scythe":1,"minecraft:decorated_pot":3,"minecraft:beetroot_seeds":8,"minecraft:gold_ingot":4,"minecraft:glow_berries":24,"minecraft:mutton":13,"minecraft:white_wool":9,"minecraft:rail":15,"minecraft:cobblestone":97,"minecraft:magma_block":4,"minecraft:magma_cream":6,"minecraft:burn_pottery_sherd":2,"minecraft:leather":14,"minecraft:flint":1,"minecraft:tuff":6,"minecraft:gunpowder":2,"minecraft:lapis_lazuli":188,"minecraft:dirt":101,"minecraft:white_banner":3,"minecraft:glass":91,"minecraft:bone":7,"minecraft:acacia_planks":49,"minecraft:wheat_seeds":3,"minecraft:raw_gold":8,"minecraft:stone_pickaxe":7,"minecraft:iron_ingot":162,"minecraft:glowstone_dust":7,"minecraft:arms_up_pottery_sherd":2,"galosphere:raw_silver":25,"minecraft:moss_block":12,"minecraft:acacia_sapling":4,"minecraft:oak_planks":18,"minecraft:iron_sword":1,"minecraft:smooth_basalt":1,"minecraft:chiseled_polished_blackstone":4,"minecraft:cooked_porkchop":122,"minecraft:sweet_berries":2,"minecraft:axolotl_bucket":2,"minecraft:gravel":11,"minecraft:sand":1186,"minecraft:spruce_sapling":65,"minecraft:white_bed":3,"minecraft:spruce_log":198,"minecraft:barrel":1,"minecraft:spider_eye":3,"minecraft:mossy_cobblestone":12,"minecraft:pumpkin_seeds":2,"minecraft:diamond":7,"minecraft:stone_axe":4,"waystones:waystone":1,"minecraft:golden_apple":1,"minecraft:bread":4,"minecraft:golden_horse_armor":1,"minecraft:warped_roots":3,"minecraft:dark_oak_wood":4,"minecraft:coal":56},"minecraft:killed_by":{"minecraft:player":2,"minecraft:enderman":1,"minecraft:zombie":2},"minecraft:mined":{"minecraft:spruce_planks":101,"minecraft:large_amethyst_bud":2,"minecraft:tuff":6,"minecraft:white_bed":3,"minecraft:mossy_cobblestone":6,"minecraft:deepslate_diamond_ore":7,"minecraft:ladder":1,"minecraft:cave_vines_plant":4,"minecraft:chiseled_polished_blackstone":4,"minecraft:acacia_log":22,"minecraft:grass_block":15,"minecraft:decorated_pot":3,"minecraft:spruce_leaves":41,"minecraft:moss_block":10,"minecraft:spawner":1,"minecraft:magma_block":6,"minecraft:glowstone":4,"minecraft:furnace":6,"minecraft:fire":1,"minecraft:iron_ore":13,"minecraft:barrel":1,"minecraft:moss_carpet":1,"minecraft:deepslate_lapis_ore":9,"minecraft:oak_sign":3,"minecraft:cave_vines":20,"minecraft:deepslate_iron_ore":23,"minecraft:azalea":2,"minecraft:blue_orchid":7,"minecraft:stone":65,"minecraft:spruce_slab":1,"minecraft:podzol":2,"minecraft:deepslate_redstone_ore":15,"minecraft:blackstone":305,"galosphere:deepslate_silver_ore":14,"minecraft:clay":3,"minecraft:crafting_table":12,"minecraft:cornflower":4,"minecraft:torch":1,"minecraft:dark_oak_wood":4,"minecraft:calcite":832,"minecraft:warped_roots":2,"minecraft:chest":12,"minecraft:glass":2,"minecraft:tall_grass":1,"minecraft:cobblestone":16,"minecraft:lapis_ore":22,"minecraft:deepslate_gold_ore":8,"twilightforest:mayapple":1,"minecraft:oak_planks":2,"minecraft:wall_torch":8,"minecraft:big_dripleaf":1,"minecraft:sweet_berry_bush":1,"minecraft:spruce_log":186,"minecraft:white_wall_banner":3,"minecraft:grass":14,"minecraft:coal_ore":21,"minecraft:sand":862,"minecraft:dirt":42,"minecraft:cobweb":2,"minecraft:smooth_basalt":1,"minecraft:acacia_planks":10,"minecraft:deepslate":20,"minecraft:fern":9},"minecraft:custom":{"minecraft:interact_with_smithing_table":5,"minecraft:mob_kills":188,"minecraft:interact_with_crafting_table":77,"minecraft:open_barrel":2,"minecraft:leave_game":2,"minecraft:time_since_death":144860,"minecraft:climb_one_cm":38870,"minecraft:sprint_one_cm":1392603,"minecraft:walk_one_cm":1079195,"minecraft:drop":16,"minecraft:play_time":366073,"minecraft:deaths":5,"minecraft:sneak_time":18417,"minecraft:walk_under_water_one_cm":15723,"minecraft:jump":3683,"minecraft:walk_on_water_one_cm":50547,"minecraft:total_world_time":366073,"minecraft:interact_with_furnace":134,"minecraft:interact_with_stonecutter":3,"minecraft:sleep_in_bed":9,"minecraft:time_since_rest":133233,"minecraft:waystone_activated":1,"minecraft:damage_taken":4629,"minecraft:damage_dealt":8504,"minecraft:swim_one_cm":15051,"minecraft:fly_one_cm":886533,"minecraft:open_chest":227,"minecraft:crouch_one_cm":79030,"minecraft:fall_one_cm":81741}},"DataVersion":3465}