{"stats":{"minecraft:mined":{"minecraft:spruce_planks":7,"minecraft:white_bed":4,"minecraft:grass_block":10,"iceandfire:lectern":1,"minecraft:oxeye_daisy":1,"minecraft:iron_ore":3,"minecraft:cobbled_deepslate":39,"minecraft:deepslate_lapis_ore":12,"minecraft:dirt_path":1,"minecraft:iron_bars":5,"ecologics:walnut_log":572,"minecraft:deepslate_redstone_ore":35,"ecologics:walnut_sapling":2,"ecologics:walnut_fence":12,"born_in_chaos_v1:infected_deepslate_diamond_ore":3,"minecraft:torch":1,"minecraft:poppy":3,"minecraft:glass":2,"minecraft:grindstone":2,"minecraft:oak_planks":287,"placeablesmod:bread_full_block":1,"minecraft:wall_torch":5,"minecraft:wheat":20,"minecraft:jukebox":1,"minecraft:wither_rose":1,"minecraft:grass":39,"minecraft:sand":257,"minecraft:dirt":29,"luminousworld:grassvariant_3":7,"luminousworld:palm_log":5,"minecraft:deepslate":8924,"minecraft:tuff":444,"minecraft:mossy_cobblestone":3,"minecraft:deepslate_diamond_ore":27,"luminousworld:blue_petunias":1,"minecraft:sea_lantern":1,"luminousworld:mossbuds_1":2,"iceandfire:frozen_stone":2,"minecraft:spruce_fence":6,"born_in_chaos_v1:black_argillite":1,"born_in_chaos_v1:puddleofintoxication":1,"luminousworld:grassvariant_2":11,"minecraft:kelp":3,"minecraft:large_fern":2,"luminousworld:yellow_grassflowers":1,"minecraft:deepslate_iron_ore":24,"minecraft:lantern":1,"minecraft:stone":56,"iceandfire:podium_spruce":2,"minecraft:glass_pane":1,"quark:oak_chest":6,"luminousworld:blueberrybush":2,"minecraft:dandelion":3,"minecraft:oak_fence":11,"minecraft:crafting_table":6,"minecraft:cornflower":1,"ecologics:walnut_leaves":176,"luminousworld:grassflowers":2,"minecraft:tall_grass":16,"ecologics:walnut_stairs":13,"minecraft:lapis_ore":5,"minecraft:deepslate_gold_ore":75,"minecraft:diorite":2,"minecraft:blue_bed":2,"minecraft:spruce_log":6,"minecraft:coal_ore":34,"iceandfire:silver_pile":1,"minecraft:gravel":86,"minecraft:cobweb":34,"ecologics:walnut_planks":3,"quark:crimson_chest":3,"undead_revamp2:arapholia":1},"minecraft:crafted":{"minecraft:oak_planks":1280,"minecraft:purple_bed":1,"ecologics:walnut_planks":504,"sophisticatedbackpacks:crafting_upgrade":1,"minecraft:glass":251,"minecraft:diamond_helmet":1,"minecraft:diamond_leggings":1,"luminousworld:palmplank":20,"iceandfire:silver_axe":1,"minecraft:crafting_table":7,"minecraft:spruce_planks":112,"minecraft:iron_helmet":1,"minecraft:wooden_pickaxe":1,"sophisticatedbackpacks:upgrade_base":1,"quark:torch_arrow":1,"minecraft:charcoal":49,"minecraft:purple_dye":2,"minecraft:stick":340,"quark:oak_chest":15,"ecologics:walnut_door":6,"minecraft:iron_ingot":22,"minecraft:iron_pickaxe":3,"minecraft:stone_sword":1,"iceandfire:silver_sword":1,"minecraft:cobbled_deepslate_slab":6,"vanillaplustools:stone_hammer":8,"minecraft:furnace":6,"minecraft:bone_meal":63,"minecraft:spruce_fence":69,"minecraft:glass_pane":224,"iceandfire:silver_pile":1,"minecraft:iron_axe":5,"minecraft:stone_pickaxe":73,"minecraft:diamond_boots":1,"minecraft:red_dye":1,"minecraft:diamond_sword":1,"minecraft:iron_sword":2,"minecraft:stone_axe":1,"minecraft:air":0,"minecraft:blue_dye":1,"ecologics:walnut_fence":210,"ecologics:walnut_stairs":24,"ecologics:walnut_boat":1,"minecraft:torch":136,"minecraft:diamond_chestplate":1},"minecraft:picked_up":{"minecraft:wheat":23,"minecraft:flower_pot":1,"minecraft:lead":1,"earthmobsmod:fancy_egg":5,"minecraft:wither_rose":1,"minecraft:turtle_egg":1,"tombstone:grave_key":1,"minecraft:string":34,"ecologics:walnut_boat":5,"minecraft:iron_leggings":1,"minecraft:cobbled_deepslate":5203,"minecraft:spruce_planks":7,"minecraft:iron_pickaxe":2,"alexsmobs:raccoon_tail":1,"minecraft:iron_boots":1,"minecraft:stick":139,"minecraft:jukebox":1,"ecologics:walnut_log":567,"minecraft:oak_fence":10,"minecraft:torch":39,"tombstone:grave_dust":14,"minecraft:diorite":2,"minecraft:golden_chestplate":1,"luminousworld:grassflowers":5,"minecraft:stone_sword":1,"minecraft:rotten_flesh":89,"quark:clear_shard":6,"luminousworld:yellow_grassflowers":2,"born_in_chaos_v1:sea_terror_eye":2,"minecraft:cod":2,"minecraft:iron_bars":5,"undead_revamp2:arapholia":2,"minecraft:cobblestone":55,"ecologics:walnut_planks":131,"ecologics:walnut":245,"minecraft:feather":2,"minecraft:brown_wool":1,"minecraft:golden_leggings":1,"minecraft:flint":8,"minecraft:tuff":320,"minecraft:horn_coral":1,"minecraft:lapis_lazuli":122,"minecraft:dirt":67,"minecraft:lantern":2,"minecraft:bone":8,"minecraft:wheat_seeds":70,"minecraft:raw_gold":75,"minecraft:grindstone":2,"minecraft:oak_planks":275,"ecologics:walnut_stairs":13,"luminousworld:bass_item":1,"iceandfire:podium_spruce":2,"minecraft:poisonous_potato":1,"minecraft:sand":251,"minecraft:lily_of_the_valley":1,"alexsmobs:animal_dictionary":1,"minecraft:mossy_cobblestone":1,"ecologics:walnut_fence":12,"minecraft:bundle":3,"minecraft:diamond":28,"iceandfire:lectern":1,"iceandfire:dragon_ice":2,"minecraft:golden_apple":3,"minecraft:chainmail_helmet":1,"minecraft:bread":9,"minecraft:emerald":8,"alexsmobs:maggot":1,"born_in_chaos_v1:rotten_fish":8,"iceandfire:silver_nugget":86,"born_in_chaos_v1:sea_terror_stomach":2,"quark:crimson_chest":3,"minecraft:fishing_rod":1,"luminousworld:groundpebbles_1":5,"minecraft:crafting_table":6,"born_in_chaos_v1:diamond_termite_shard":1,"minecraft:chicken":1,"born_in_chaos_v1:river_mint":1,"luminousworld:trout":1,"minecraft:chain":2,"minecraft:cornflower":1,"iceandfire:frozen_stone":2,"minecraft:iron_axe":2,"minecraft:white_carpet":15,"born_in_chaos_v1:intoxicating_decoction":1,"minecraft:iron_shovel":1,"luminousworld:palm_log":5,"ecologics:walnut_sapling":157,"iceandfire:bestiary":2,"minecraft:beef":8,"iceandfire:armor_silver_metal_leggings":1,"minecraft:poppy":3,"minecraft:egg":1,"minecraft:raw_iron":28,"luminousworld:spuds":2,"luminousworld:blue_petunias":1,"ecologics:coconut_slice":2,"minecraft:copper_ingot":5,"minecraft:spruce_fence":6,"minecraft:cookie":5,"minecraft:carrot":1,"minecraft:redstone":158,"minecraft:prismarine_crystals":3,"minecraft:arrow":7,"minecraft:glow_berries":1,"minecraft:oxeye_daisy":1,"born_in_chaos_v1:corpse_maggot":14,"minecraft:salmon":2,"minecraft:leather":3,"alexsmobs:acacia_blossom":1,"minecraft:chainmail_chestplate":1,"iceandfire:ectoplasm":2,"minecraft:gunpowder":5,"minecraft:blue_bed":2,"minecraft:red_carpet":11,"minecraft:kelp":4,"minecraft:iron_ingot":2,"minecraft:cobweb":5,"minecraft:iron_sword":3,"born_in_chaos_v1:ethereal_spirit":2,"minecraft:dandelion":5,"minecraft:gravel":4,"minecraft:spruce_sapling":5,"minecraft:white_bed":4,"minecraft:spruce_log":32,"quark:oak_chest":6,"minecraft:spider_eye":1,"minecraft:slime_ball":4,"iceandfire:silver_sword":1,"minecraft:iron_helmet":1,"minecraft:coal":34},"minecraft:killed":{"born_in_chaos_v1:zombie_clown":1,"born_in_chaos_v1:restless_spirit":1,"minecraft:spider":2,"undead_revamp2:thesmoker":4,"undead_revamp2:theswarmer":1,"minecraft:bee":1,"undead_revamp2:thespitter":2,"born_in_chaos_v1:diamond_termite":1,"born_in_chaos_v1:glutton_fish":1,"alexsmobs:seal":1,"minecraft:creeper":1,"born_in_chaos_v1:zombie_fisherman":1,"enemyexpansion:meature":1,"minecraft:zombie":46,"born_in_chaos_v1:corpse_fly":3,"enemyexpansion:botfly":11,"alexsmobs:fly":1,"minecraft:cow":3,"undead_revamp2:thegliter":1,"enemyexpansion:direwolf":1,"born_in_chaos_v1:maggot":9,"undead_revamp2:coppertar":2,"minecraft:drowned":3,"born_in_chaos_v1:corpse_fish":4,"born_in_chaos_v1:barrel_zombie":1,"undead_revamp2:the_moonflower":1,"earthmobsmod:wooly_cow":1,"born_in_chaos_v1:decrepit_skeleton":1,"born_in_chaos_v1:bloody_gadfly":1,"undead_revamp2:thesomnolence":1,"iceandfire:ghost":1,"enemyexpansion:huntsman":1},"minecraft:broken":{"minecraft:iron_boots":1,"minecraft:iron_chestplate":1,"minecraft:iron_leggings":1,"iceandfire:silver_sword":1,"minecraft:stone_pickaxe":1,"minecraft:stone_axe":1,"minecraft:stone_sword":1,"vanillaplustools:stone_hammer":8,"minecraft:iron_axe":3,"minecraft:iron_pickaxe":1,"minecraft:iron_helmet":1,"iceandfire:silver_axe":1},"minecraft:dropped":{"minecraft:glow_berries":1,"minecraft:lantern":1,"minecraft:cod":3,"minecraft:bone":2,"minecraft:gravel":4,"minecraft:cobbled_deepslate":3279,"minecraft:rotten_flesh":1,"minecraft:salmon":2,"minecraft:cobblestone":1,"tombstone:grave_key":1,"minecraft:iron_leggings":1,"minecraft:paper":2,"minecraft:spruce_sapling":9,"minecraft:stone_sword":1,"minecraft:tuff":321,"iceandfire:dragon_ice":2},"minecraft:used":{"iceandfire:lectern":1,"minecraft:iron_shovel":376,"minecraft:iron_sword":124,"earthmobsmod:fancy_egg":5,"iceandfire:frozen_stone":2,"minecraft:glass":132,"minecraft:lantern":1,"ecologics:walnut_planks":31,"minecraft:red_carpet":11,"minecraft:furnace":6,"minecraft:egg":1,"minecraft:diorite":2,"minecraft:stone_pickaxe":131,"minecraft:oak_planks":1316,"minecraft:wooden_pickaxe":12,"luminousworld:groundpebbles_1":1,"minecraft:blue_bed":2,"iceandfire:podium_spruce":2,"iceandfire:silver_axe":470,"minecraft:bread":33,"minecraft:brown_wool":1,"ecologics:walnut_fence":211,"minecraft:diamond_sword":116,"born_in_chaos_v1:rotten_fish":3,"minecraft:grindstone":1,"minecraft:bone_meal":63,"minecraft:stone_sword":143,"iceandfire:silver_sword":379,"ecologics:walnut_log":393,"ecologics:walnut_door":4,"minecraft:spruce_planks":7,"vanillaplustools:stone_hammer":1049,"minecraft:torch":141,"minecraft:dirt":55,"luminousworld:grassflowers":1,"minecraft:spruce_fence":15,"born_in_chaos_v1:sea_terror_eye":2,"minecraft:iron_axe":634,"minecraft:beef":1,"iceandfire:silver_pile":1,"ecologics:walnut":239,"tombstone:gift":5,"undead_revamp2:arapholia":1,"minecraft:cooked_beef":47,"minecraft:cobbled_deepslate":254,"minecraft:wheat_seeds":20,"minecraft:water_bucket":15,"ecologics:walnut_sapling":157,"luminousworld:yellow_grassflowers":1,"ecologics:walnut_stairs":35,"minecraft:mossy_cobblestone":1,"minecraft:crafting_table":9,"minecraft:white_bed":2,"minecraft:cod":1,"minecraft:flower_pot":1,"minecraft:chicken":1,"minecraft:iron_pickaxe":392,"quark:crimson_chest":3,"ecologics:walnut_boat":6,"minecraft:stone_axe":129,"minecraft:fishing_rod":2,"minecraft:cobblestone":4,"minecraft:purple_bed":1,"minecraft:cobbled_deepslate_slab":1,"minecraft:bucket":14,"minecraft:glass_pane":183,"quark:oak_chest":19,"alexsmobs:animal_dictionary":7,"minecraft:jukebox":1},"minecraft:killed_by":{"mowziesmobs:naga":1,"minecraft:creeper":2,"born_in_chaos_v1:corpse_fly":2,"born_in_chaos_v1:diamond_termite":1,"iceandfire:ice_dragon":8,"undead_revamp2:thesmoker":1,"enemyexpansion:invisicreeper":1,"undead_revamp2:therod":1,"mutantmonsters:mutant_skeleton":1,"iceandfire:ghost":1,"born_in_chaos_v1:maggot":1},"minecraft:custom":{"minecraft:animals_bred":2,"minecraft:interact_with_crafting_table":84,"minecraft:open_barrel":18,"minecraft:leave_game":8,"minecraft:time_since_death":79706,"minecraft:sprint_one_cm":1928627,"minecraft:drop":84,"minecraft:play_time":515202,"minecraft:deaths":26,"minecraft:jump":5683,"minecraft:interact_with_brewingstand":1,"minecraft:walk_on_water_one_cm":244793,"minecraft:interact_with_furnace":193,"minecraft:interact_with_cartography_table":1,"minecraft:sleep_in_bed":14,"minecraft:damage_dealt":28067,"minecraft:crouch_one_cm":57439,"tombstone:undead_killed":65,"minecraft:mob_kills":139,"minecraft:damage_dealt_resisted":460,"minecraft:climb_one_cm":5044,"minecraft:walk_one_cm":1876577,"minecraft:sneak_time":16810,"minecraft:walk_under_water_one_cm":77615,"minecraft:boat_one_cm":236700,"minecraft:interact_with_blast_furnace":2,"minecraft:total_world_time":515202,"minecraft:interact_with_grindstone":1,"minecraft:time_since_rest":77307,"minecraft:damage_taken":11623,"minecraft:swim_one_cm":123413,"minecraft:fly_one_cm":1202006,"minecraft:open_chest":328,"minecraft:fall_one_cm":130834}},"DataVersion":3465}