{"stats":{"minecraft:broken":{"minecraft:stone_pickaxe":5},"minecraft:killed":{"minecraft:spider":2,"minecraft:skeleton":1,"minecraft:pig":1,"minecraft:creeper":1,"minecraft:sheep":3,"minecraft:zombie":3},"minecraft:used":{"minecraft:stone_sword":51,"minecraft:red_sand":1,"minecraft:ladder":1,"minecraft:chest":5,"minecraft:iron_sword":93,"minecraft:oak_door":1,"minecraft:torch":75,"minecraft:dirt":37,"minecraft:acacia_sapling":4,"minecraft:tuff":4,"minecraft:axolotl_bucket":2,"minecraft:blue_orchid":2,"minecraft:dark_oak_wood":2,"minecraft:sweet_berries":2,"minecraft:furnace":3,"minecraft:cobbled_deepslate":13,"minecraft:calcite":167,"minecraft:water_bucket":1,"minecraft:stone_pickaxe":659,"minecraft:wooden_pickaxe":24,"minecraft:warped_roots":1,"minecraft:crafting_table":10,"minecraft:white_bed":2,"minecraft:cornflower":6,"minecraft:iron_pickaxe":173,"minecraft:stone_axe":28,"minecraft:white_banner":1,"minecraft:cooked_porkchop":25,"minecraft:bucket":4,"minecraft:golden_pickaxe":5},"minecraft:dropped":{"minecraft:moss_block":6,"minecraft:warped_roots":1,"minecraft:cornflower":3,"minecraft:tuff":2,"minecraft:rotten_flesh":19,"minecraft:azalea":2},"minecraft:crafted":{"minecraft:oak_door":3,"minecraft:oak_planks":52,"minecraft:furnace":2,"minecraft:stone_pickaxe":6,"minecraft:chest":1,"galosphere:silver_ingot":11,"minecraft:dark_oak_planks":8,"minecraft:cooked_porkchop":3,"minecraft:crafting_table":3,"minecraft:wooden_pickaxe":1,"minecraft:iron_sword":1,"minecraft:bucket":1,"minecraft:stone_axe":1,"minecraft:air":0,"minecraft:stick":44,"minecraft:iron_ingot":10,"minecraft:iron_pickaxe":1,"minecraft:stone_sword":1,"minecraft:gold_ingot":6,"minecraft:white_bed":1,"minecraft:acacia_planks":92,"minecraft:torch":52},"minecraft:picked_up":{"minecraft:crafting_table":11,"minecraft:chest_minecart":2,"minecraft:ladder":1,"minecraft:clay_ball":16,"minecraft:cornflower":9,"minecraft:moss_carpet":6,"minecraft:string":2,"minecraft:blue_orchid":8,"minecraft:activator_rail":10,"minecraft:tnt_minecart":1,"minecraft:red_sand":1,"minecraft:cobbled_deepslate":22,"minecraft:azalea":4,"minecraft:calcite":671,"minecraft:iron_pickaxe":1,"minecraft:chest":4,"minecraft:furnace":2,"minecraft:raw_iron":51,"minecraft:stick":26,"minecraft:big_dripleaf":2,"minecraft:torch":72,"minecraft:acacia_log":23,"minecraft:porkchop":3,"minecraft:redstone":67,"minecraft:iron_horse_armor":1,"minecraft:rotten_flesh":38,"minecraft:stone_sword":3,"minecraft:arrow":2,"minecraft:decorated_pot":3,"minecraft:beetroot_seeds":3,"minecraft:gold_ingot":4,"minecraft:glow_berries":17,"minecraft:mutton":6,"minecraft:white_wool":3,"minecraft:rail":15,"minecraft:cobblestone":58,"minecraft:magma_block":4,"minecraft:tuff":6,"minecraft:gunpowder":2,"minecraft:lapis_lazuli":188,"minecraft:dirt":44,"minecraft:white_banner":1,"minecraft:bone":6,"minecraft:acacia_planks":39,"minecraft:raw_gold":8,"minecraft:stone_pickaxe":5,"minecraft:iron_ingot":2,"galosphere:raw_silver":25,"minecraft:moss_block":12,"minecraft:acacia_sapling":4,"minecraft:oak_planks":2,"minecraft:iron_sword":1,"minecraft:cooked_porkchop":115,"minecraft:sweet_berries":2,"minecraft:white_bed":1,"minecraft:barrel":1,"minecraft:spider_eye":1,"minecraft:pumpkin_seeds":2,"minecraft:diamond":7,"minecraft:stone_axe":3,"minecraft:golden_apple":1,"minecraft:bread":4,"minecraft:golden_horse_armor":1,"minecraft:warped_roots":3,"minecraft:dark_oak_wood":4,"minecraft:coal":47},"minecraft:killed_by":{"minecraft:player":1,"minecraft:enderman":1,"minecraft:zombie":1},"minecraft:mined":{"minecraft:large_amethyst_bud":2,"minecraft:tuff":6,"minecraft:white_bed":1,"minecraft:deepslate_diamond_ore":7,"minecraft:ladder":1,"minecraft:cave_vines_plant":4,"minecraft:acacia_log":22,"minecraft:grass_block":3,"minecraft:decorated_pot":2,"minecraft:spruce_leaves":8,"minecraft:moss_block":10,"minecraft:spawner":1,"minecraft:magma_block":6,"minecraft:furnace":2,"minecraft:iron_ore":13,"minecraft:barrel":1,"minecraft:moss_carpet":1,"minecraft:deepslate_lapis_ore":9,"minecraft:cave_vines":15,"minecraft:deepslate_iron_ore":23,"minecraft:azalea":2,"minecraft:blue_orchid":3,"minecraft:stone":33,"minecraft:deepslate_redstone_ore":15,"galosphere:deepslate_silver_ore":14,"minecraft:clay":3,"minecraft:crafting_table":9,"minecraft:cornflower":1,"minecraft:torch":1,"minecraft:dark_oak_wood":4,"minecraft:calcite":612,"minecraft:warped_roots":1,"minecraft:chest":4,"minecraft:tall_grass":1,"minecraft:cobblestone":14,"minecraft:lapis_ore":22,"minecraft:deepslate_gold_ore":8,"minecraft:oak_planks":2,"minecraft:wall_torch":3,"minecraft:big_dripleaf":1,"minecraft:sweet_berry_bush":1,"minecraft:white_wall_banner":1,"minecraft:grass":6,"minecraft:coal_ore":21,"minecraft:dirt":23,"minecraft:cobweb":2,"minecraft:deepslate":20,"minecraft:fern":2},"minecraft:custom":{"minecraft:mob_kills":12,"minecraft:interact_with_crafting_table":20,"minecraft:open_barrel":2,"minecraft:leave_game":2,"minecraft:time_since_death":30033,"minecraft:climb_one_cm":38870,"minecraft:sprint_one_cm":379036,"minecraft:walk_one_cm":327246,"minecraft:drop":8,"minecraft:play_time":102727,"minecraft:deaths":3,"minecraft:sneak_time":1278,"minecraft:walk_under_water_one_cm":1057,"minecraft:jump":1284,"minecraft:walk_on_water_one_cm":11336,"minecraft:total_world_time":102727,"minecraft:interact_with_furnace":23,"minecraft:sleep_in_bed":5,"minecraft:time_since_rest":30070,"minecraft:damage_taken":2470,"minecraft:damage_dealt":2193,"minecraft:fly_one_cm":132796,"minecraft:open_chest":55,"minecraft:crouch_one_cm":3256,"minecraft:fall_one_cm":29121}},"DataVersion":3465}