{"stats":{"minecraft:killed":{"minecraft:spider":1,"enemyexpansion:direwolf":1,"born_in_chaos_v1:maggot":2,"minecraft:bee":1,"undead_revamp2:coppertar":2,"born_in_chaos_v1:barrel_zombie":1,"born_in_chaos_v1:glutton_fish":1,"minecraft:creeper":1,"born_in_chaos_v1:decrepit_skeleton":1,"iceandfire:ghost":1,"born_in_chaos_v1:corpse_fly":3,"enemyexpansion:huntsman":1},"minecraft:killed_by":{"minecraft:creeper":1,"born_in_chaos_v1:corpse_fly":2,"iceandfire:ice_dragon":8,"undead_revamp2:thesmoker":1,"iceandfire:ghost":1,"born_in_chaos_v1:maggot":1,"mowziesmobs:naga":1},"minecraft:mined":{"undead_revamp2:arapholia":1,"minecraft:spruce_planks":7,"minecraft:white_bed":1,"luminousworld:blue_petunias":1,"luminousworld:mossbuds_1":2,"iceandfire:frozen_stone":2,"minecraft:grass_block":9,"minecraft:spruce_fence":6,"born_in_chaos_v1:puddleofintoxication":1,"luminousworld:grassvariant_2":8,"minecraft:kelp":3,"minecraft:oxeye_daisy":1,"minecraft:large_fern":2,"luminousworld:yellow_grassflowers":1,"minecraft:lantern":1,"ecologics:walnut_log":542,"minecraft:stone":54,"iceandfire:podium_spruce":1,"quark:oak_chest":5,"luminousworld:blueberrybush":2,"ecologics:walnut_sapling":2,"ecologics:walnut_fence":8,"minecraft:dandelion":3,"minecraft:crafting_table":5,"minecraft:poppy":1,"ecologics:walnut_leaves":167,"luminousworld:grassflowers":1,"minecraft:tall_grass":12,"ecologics:walnut_stairs":13,"minecraft:oak_planks":281,"placeablesmod:bread_full_block":1,"minecraft:diorite":2,"minecraft:blue_bed":2,"minecraft:spruce_log":6,"minecraft:grass":24,"minecraft:coal_ore":34,"iceandfire:silver_pile":1,"minecraft:dirt":20,"luminousworld:grassvariant_3":4,"minecraft:cobweb":2,"luminousworld:palm_log":5,"ecologics:walnut_planks":3},"minecraft:used":{"minecraft:stone_sword":143,"minecraft:iron_shovel":5,"iceandfire:silver_sword":100,"ecologics:walnut_log":380,"minecraft:spruce_planks":7,"minecraft:torch":4,"minecraft:dirt":49,"luminousworld:grassflowers":1,"iceandfire:frozen_stone":2,"minecraft:spruce_fence":15,"born_in_chaos_v1:sea_terror_eye":2,"minecraft:lantern":1,"minecraft:iron_axe":470,"ecologics:walnut_planks":3,"minecraft:red_carpet":11,"iceandfire:silver_pile":1,"ecologics:walnut":238,"tombstone:gift":1,"undead_revamp2:arapholia":1,"minecraft:water_bucket":2,"minecraft:diorite":2,"minecraft:oak_planks":1312,"minecraft:wooden_pickaxe":12,"luminousworld:groundpebbles_1":1,"luminousworld:yellow_grassflowers":1,"ecologics:walnut_sapling":147,"minecraft:blue_bed":2,"ecologics:walnut_stairs":35,"iceandfire:podium_spruce":1,"minecraft:crafting_table":7,"minecraft:white_bed":1,"minecraft:cod":1,"iceandfire:silver_axe":470,"minecraft:flower_pot":1,"minecraft:chicken":1,"minecraft:bread":33,"minecraft:iron_pickaxe":81,"ecologics:walnut_boat":3,"ecologics:walnut_fence":164,"minecraft:stone_axe":129,"minecraft:cobblestone":4,"born_in_chaos_v1:rotten_fish":3,"minecraft:bucket":2,"quark:oak_chest":17,"alexsmobs:animal_dictionary":7,"minecraft:bone_meal":63},"minecraft:crafted":{"minecraft:oak_planks":1280,"ecologics:walnut_planks":376,"minecraft:bone_meal":63,"minecraft:spruce_fence":69,"iceandfire:silver_pile":1,"minecraft:iron_axe":2,"minecraft:stone_pickaxe":1,"luminousworld:palmplank":20,"iceandfire:silver_axe":1,"minecraft:crafting_table":2,"minecraft:spruce_planks":112,"minecraft:wooden_pickaxe":1,"minecraft:stone_axe":1,"ecologics:walnut_fence":192,"ecologics:walnut_stairs":24,"minecraft:stick":240,"quark:oak_chest":13,"minecraft:iron_pickaxe":1,"minecraft:stone_sword":1,"ecologics:walnut_boat":1,"minecraft:torch":4,"iceandfire:silver_sword":1},"minecraft:broken":{"minecraft:stone_sword":1,"minecraft:iron_axe":1,"minecraft:stone_axe":1,"minecraft:iron_helmet":1,"iceandfire:silver_axe":1},"minecraft:custom":{"minecraft:mob_kills":22,"minecraft:interact_with_crafting_table":35,"minecraft:open_barrel":13,"minecraft:leave_game":4,"minecraft:time_since_death":3483,"minecraft:climb_one_cm":2957,"minecraft:sprint_one_cm":947185,"minecraft:walk_one_cm":864447,"minecraft:drop":14,"minecraft:play_time":238468,"minecraft:deaths":19,"minecraft:sneak_time":12715,"minecraft:walk_under_water_one_cm":39810,"minecraft:boat_one_cm":94500,"minecraft:jump":2930,"minecraft:interact_with_brewingstand":1,"minecraft:interact_with_blast_furnace":2,"minecraft:walk_on_water_one_cm":70813,"minecraft:total_world_time":238468,"minecraft:interact_with_furnace":2,"minecraft:interact_with_cartography_table":1,"minecraft:sleep_in_bed":12,"minecraft:time_since_rest":2516,"minecraft:damage_taken":7067,"minecraft:damage_dealt":4949,"minecraft:swim_one_cm":111316,"minecraft:fly_one_cm":602356,"minecraft:open_chest":109,"minecraft:crouch_one_cm":44299,"tombstone:undead_killed":4,"minecraft:fall_one_cm":76777},"minecraft:picked_up":{"minecraft:fishing_rod":1,"luminousworld:groundpebbles_1":5,"minecraft:crafting_table":5,"minecraft:chicken":1,"minecraft:flower_pot":1,"minecraft:turtle_egg":1,"tombstone:grave_key":1,"minecraft:chain":2,"minecraft:string":3,"iceandfire:frozen_stone":2,"ecologics:walnut_boat":2,"minecraft:iron_leggings":1,"minecraft:white_carpet":15,"minecraft:iron_shovel":1,"luminousworld:palm_log":5,"ecologics:walnut_sapling":156,"iceandfire:bestiary":1,"minecraft:spruce_planks":7,"iceandfire:armor_silver_metal_leggings":1,"minecraft:poppy":1,"minecraft:stick":115,"minecraft:raw_iron":1,"luminousworld:spuds":2,"luminousworld:blue_petunias":1,"ecologics:walnut_log":537,"minecraft:copper_ingot":3,"minecraft:spruce_fence":6,"tombstone:grave_dust":4,"minecraft:diorite":2,"luminousworld:grassflowers":3,"minecraft:stone_sword":1,"minecraft:arrow":2,"minecraft:rotten_flesh":11,"luminousworld:yellow_grassflowers":2,"born_in_chaos_v1:sea_terror_eye":2,"undead_revamp2:arapholia":1,"minecraft:cod":2,"minecraft:cobblestone":54,"minecraft:oxeye_daisy":1,"ecologics:walnut_planks":131,"born_in_chaos_v1:corpse_maggot":5,"ecologics:walnut":244,"minecraft:feather":2,"minecraft:salmon":2,"iceandfire:ectoplasm":2,"minecraft:horn_coral":1,"minecraft:gunpowder":2,"minecraft:lapis_lazuli":10,"minecraft:blue_bed":2,"minecraft:dirt":57,"minecraft:lantern":2,"minecraft:bone":5,"minecraft:red_carpet":11,"minecraft:kelp":4,"minecraft:wheat_seeds":8,"minecraft:cobweb":5,"minecraft:iron_sword":1,"minecraft:oak_planks":269,"ecologics:walnut_stairs":13,"iceandfire:podium_spruce":1,"minecraft:dandelion":5,"minecraft:poisonous_potato":1,"minecraft:spruce_sapling":5,"minecraft:white_bed":1,"minecraft:spruce_log":32,"minecraft:lily_of_the_valley":1,"alexsmobs:animal_dictionary":1,"quark:oak_chest":5,"minecraft:spider_eye":1,"ecologics:walnut_fence":8,"minecraft:slime_ball":4,"minecraft:diamond":1,"iceandfire:silver_sword":1,"iceandfire:dragon_ice":2,"minecraft:emerald":8,"minecraft:bread":3,"born_in_chaos_v1:rotten_fish":4,"minecraft:coal":34,"iceandfire:silver_nugget":86,"born_in_chaos_v1:sea_terror_stomach":2},"minecraft:dropped":{"minecraft:lantern":1,"minecraft:cod":3,"tombstone:grave_key":1,"minecraft:iron_leggings":1,"minecraft:paper":2,"minecraft:spruce_sapling":9,"minecraft:stone_sword":1,"minecraft:salmon":2,"iceandfire:dragon_ice":2}},"DataVersion":3465}