{"stats":{"minecraft:custom":{"minecraft:mob_kills":55,"minecraft:interact_with_crafting_table":78,"minecraft:open_barrel":14,"minecraft:damage_dealt_resisted":332,"minecraft:leave_game":7,"minecraft:time_since_death":23107,"minecraft:climb_one_cm":5044,"minecraft:sprint_one_cm":1771848,"minecraft:walk_one_cm":1726412,"minecraft:drop":84,"minecraft:play_time":458603,"minecraft:sneak_time":13558,"minecraft:deaths":26,"minecraft:walk_under_water_one_cm":66897,"minecraft:boat_one_cm":236700,"minecraft:jump":5249,"minecraft:interact_with_brewingstand":1,"minecraft:interact_with_blast_furnace":2,"minecraft:walk_on_water_one_cm":121551,"minecraft:total_world_time":458603,"minecraft:interact_with_furnace":192,"minecraft:interact_with_cartography_table":1,"minecraft:sleep_in_bed":14,"minecraft:time_since_rest":20708,"minecraft:damage_taken":10622,"minecraft:damage_dealt":12476,"minecraft:swim_one_cm":123413,"minecraft:fly_one_cm":1109628,"minecraft:open_chest":265,"minecraft:crouch_one_cm":46248,"tombstone:undead_killed":14,"minecraft:fall_one_cm":121279},"minecraft:picked_up":{"quark:crimson_chest":3,"minecraft:fishing_rod":1,"luminousworld:groundpebbles_1":5,"born_in_chaos_v1:diamond_termite_shard":1,"minecraft:crafting_table":6,"minecraft:chicken":1,"born_in_chaos_v1:river_mint":1,"minecraft:flower_pot":1,"minecraft:lead":1,"minecraft:wither_rose":1,"luminousworld:trout":1,"minecraft:turtle_egg":1,"tombstone:grave_key":1,"minecraft:chain":2,"minecraft:cornflower":1,"minecraft:string":34,"iceandfire:frozen_stone":2,"ecologics:walnut_boat":5,"minecraft:iron_leggings":1,"born_in_chaos_v1:intoxicating_decoction":1,"minecraft:white_carpet":15,"minecraft:iron_shovel":1,"ecologics:walnut_sapling":157,"luminousworld:palm_log":5,"iceandfire:bestiary":2,"minecraft:cobbled_deepslate":5173,"minecraft:spruce_planks":7,"iceandfire:armor_silver_metal_leggings":1,"minecraft:poppy":3,"alexsmobs:raccoon_tail":1,"minecraft:stick":139,"minecraft:raw_iron":28,"luminousworld:spuds":2,"luminousworld:blue_petunias":1,"minecraft:jukebox":1,"ecologics:walnut_log":567,"ecologics:coconut_slice":2,"minecraft:copper_ingot":5,"minecraft:oak_fence":10,"minecraft:torch":32,"minecraft:spruce_fence":6,"tombstone:grave_dust":8,"minecraft:diorite":2,"minecraft:redstone":158,"minecraft:prismarine_crystals":3,"luminousworld:grassflowers":5,"minecraft:stone_sword":1,"minecraft:arrow":6,"quark:clear_shard":6,"minecraft:rotten_flesh":34,"luminousworld:yellow_grassflowers":2,"born_in_chaos_v1:sea_terror_eye":2,"minecraft:glow_berries":1,"minecraft:oxeye_daisy":1,"minecraft:cod":2,"minecraft:iron_bars":5,"undead_revamp2:arapholia":2,"minecraft:cobblestone":55,"ecologics:walnut_planks":131,"born_in_chaos_v1:corpse_maggot":7,"ecologics:walnut":245,"minecraft:feather":2,"minecraft:salmon":2,"alexsmobs:acacia_blossom":1,"minecraft:flint":8,"minecraft:tuff":320,"iceandfire:ectoplasm":2,"minecraft:gunpowder":5,"minecraft:horn_coral":1,"minecraft:lapis_lazuli":122,"minecraft:blue_bed":2,"minecraft:dirt":66,"minecraft:lantern":2,"minecraft:red_carpet":11,"minecraft:bone":8,"minecraft:kelp":4,"minecraft:wheat_seeds":9,"minecraft:raw_gold":75,"minecraft:iron_ingot":1,"minecraft:cobweb":5,"minecraft:iron_sword":1,"minecraft:oak_planks":275,"ecologics:walnut_stairs":13,"luminousworld:bass_item":1,"iceandfire:podium_spruce":2,"born_in_chaos_v1:ethereal_spirit":2,"minecraft:dandelion":5,"minecraft:poisonous_potato":1,"minecraft:gravel":4,"minecraft:sand":251,"minecraft:spruce_sapling":5,"minecraft:white_bed":4,"minecraft:spruce_log":32,"minecraft:lily_of_the_valley":1,"minecraft:spider_eye":1,"quark:oak_chest":6,"alexsmobs:animal_dictionary":1,"minecraft:mossy_cobblestone":1,"ecologics:walnut_fence":9,"minecraft:slime_ball":4,"minecraft:diamond":28,"iceandfire:lectern":1,"iceandfire:silver_sword":1,"iceandfire:dragon_ice":2,"minecraft:emerald":8,"minecraft:bread":6,"born_in_chaos_v1:rotten_fish":4,"iceandfire:silver_nugget":86,"born_in_chaos_v1:sea_terror_stomach":2,"minecraft:coal":34},"minecraft:used":{"iceandfire:lectern":1,"minecraft:stone_sword":143,"minecraft:iron_shovel":376,"iceandfire:silver_sword":280,"ecologics:walnut_log":393,"ecologics:walnut_door":4,"minecraft:spruce_planks":7,"minecraft:iron_sword":46,"vanillaplustools:stone_hammer":1049,"minecraft:torch":130,"minecraft:dirt":54,"luminousworld:grassflowers":1,"iceandfire:frozen_stone":2,"minecraft:spruce_fence":15,"born_in_chaos_v1:sea_terror_eye":2,"minecraft:glass":132,"minecraft:lantern":1,"minecraft:iron_axe":605,"ecologics:walnut_planks":31,"minecraft:red_carpet":11,"iceandfire:silver_pile":1,"minecraft:furnace":6,"ecologics:walnut":239,"tombstone:gift":3,"undead_revamp2:arapholia":1,"minecraft:cooked_beef":32,"minecraft:cobbled_deepslate":54,"minecraft:water_bucket":2,"minecraft:diorite":2,"ecologics:walnut_sapling":157,"minecraft:oak_planks":1316,"minecraft:stone_pickaxe":131,"minecraft:blue_bed":2,"minecraft:wooden_pickaxe":12,"luminousworld:yellow_grassflowers":1,"luminousworld:groundpebbles_1":1,"ecologics:walnut_stairs":35,"iceandfire:podium_spruce":2,"minecraft:mossy_cobblestone":1,"minecraft:crafting_table":9,"minecraft:white_bed":2,"minecraft:cod":1,"iceandfire:silver_axe":470,"minecraft:flower_pot":1,"minecraft:chicken":1,"minecraft:iron_pickaxe":355,"minecraft:bread":33,"ecologics:walnut_fence":211,"quark:crimson_chest":3,"ecologics:walnut_boat":6,"minecraft:stone_axe":129,"minecraft:fishing_rod":2,"minecraft:purple_bed":1,"born_in_chaos_v1:rotten_fish":3,"minecraft:cobblestone":4,"quark:oak_chest":19,"minecraft:glass_pane":183,"minecraft:bucket":2,"alexsmobs:animal_dictionary":7,"minecraft:jukebox":1,"minecraft:bone_meal":63},"minecraft:dropped":{"minecraft:glow_berries":1,"minecraft:cobblestone":1,"minecraft:lantern":1,"minecraft:cod":3,"tombstone:grave_key":1,"minecraft:iron_leggings":1,"minecraft:paper":2,"minecraft:spruce_sapling":9,"minecraft:bone":2,"minecraft:gravel":4,"minecraft:stone_sword":1,"minecraft:cobbled_deepslate":3279,"minecraft:tuff":321,"minecraft:rotten_flesh":1,"minecraft:salmon":2,"iceandfire:dragon_ice":2},"minecraft:killed":{"born_in_chaos_v1:zombie_clown":1,"undead_revamp2:thegliter":1,"born_in_chaos_v1:restless_spirit":1,"minecraft:spider":2,"undead_revamp2:thesmoker":2,"enemyexpansion:direwolf":1,"undead_revamp2:theswarmer":1,"born_in_chaos_v1:maggot":2,"minecraft:bee":1,"undead_revamp2:coppertar":2,"undead_revamp2:thespitter":1,"born_in_chaos_v1:barrel_zombie":1,"born_in_chaos_v1:diamond_termite":1,"born_in_chaos_v1:glutton_fish":1,"undead_revamp2:the_moonflower":1,"alexsmobs:seal":1,"minecraft:creeper":1,"born_in_chaos_v1:decrepit_skeleton":1,"born_in_chaos_v1:bloody_gadfly":1,"born_in_chaos_v1:zombie_fisherman":1,"undead_revamp2:thesomnolence":1,"enemyexpansion:meature":1,"minecraft:zombie":1,"iceandfire:ghost":1,"born_in_chaos_v1:corpse_fly":3,"enemyexpansion:huntsman":1},"minecraft:killed_by":{"minecraft:creeper":2,"born_in_chaos_v1:corpse_fly":2,"born_in_chaos_v1:diamond_termite":1,"undead_revamp2:therod":1,"iceandfire:ice_dragon":8,"mutantmonsters:mutant_skeleton":1,"undead_revamp2:thesmoker":1,"iceandfire:ghost":1,"born_in_chaos_v1:maggot":1,"enemyexpansion:invisicreeper":1,"mowziesmobs:naga":1},"minecraft:mined":{"minecraft:spruce_planks":7,"minecraft:tuff":444,"minecraft:white_bed":4,"minecraft:mossy_cobblestone":3,"minecraft:deepslate_diamond_ore":27,"luminousworld:blue_petunias":1,"minecraft:sea_lantern":1,"luminousworld:mossbuds_1":2,"minecraft:spruce_fence":6,"minecraft:grass_block":9,"iceandfire:frozen_stone":2,"born_in_chaos_v1:black_argillite":1,"born_in_chaos_v1:puddleofintoxication":1,"iceandfire:lectern":1,"luminousworld:grassvariant_2":11,"minecraft:kelp":3,"minecraft:oxeye_daisy":1,"minecraft:large_fern":2,"luminousworld:yellow_grassflowers":1,"minecraft:iron_ore":3,"minecraft:cobbled_deepslate":5,"minecraft:deepslate_lapis_ore":12,"minecraft:dirt_path":1,"minecraft:deepslate_iron_ore":24,"minecraft:iron_bars":5,"minecraft:lantern":1,"ecologics:walnut_log":572,"minecraft:stone":56,"iceandfire:podium_spruce":2,"minecraft:deepslate_redstone_ore":35,"minecraft:glass_pane":1,"quark:oak_chest":6,"luminousworld:blueberrybush":2,"ecologics:walnut_sapling":2,"minecraft:dandelion":3,"ecologics:walnut_fence":9,"born_in_chaos_v1:infected_deepslate_diamond_ore":3,"minecraft:oak_fence":11,"minecraft:cornflower":1,"minecraft:crafting_table":6,"minecraft:torch":1,"ecologics:walnut_leaves":176,"minecraft:poppy":3,"luminousworld:grassflowers":2,"minecraft:glass":2,"minecraft:tall_grass":15,"ecologics:walnut_stairs":13,"minecraft:deepslate_gold_ore":75,"minecraft:lapis_ore":5,"minecraft:oak_planks":287,"placeablesmod:bread_full_block":1,"minecraft:diorite":2,"minecraft:blue_bed":2,"minecraft:wall_torch":5,"minecraft:spruce_log":6,"minecraft:jukebox":1,"minecraft:wither_rose":1,"minecraft:grass":35,"minecraft:coal_ore":34,"iceandfire:silver_pile":1,"minecraft:gravel":86,"minecraft:sand":257,"minecraft:dirt":29,"luminousworld:grassvariant_3":7,"minecraft:cobweb":34,"luminousworld:palm_log":5,"quark:crimson_chest":3,"ecologics:walnut_planks":3,"minecraft:deepslate":8924,"undead_revamp2:arapholia":1},"minecraft:crafted":{"minecraft:oak_planks":1280,"vanillaplustools:stone_hammer":8,"minecraft:purple_bed":1,"ecologics:walnut_planks":504,"minecraft:furnace":6,"minecraft:bone_meal":63,"minecraft:spruce_fence":69,"minecraft:glass_pane":224,"minecraft:glass":251,"minecraft:diamond_helmet":1,"minecraft:diamond_leggings":1,"iceandfire:silver_pile":1,"minecraft:iron_axe":5,"minecraft:stone_pickaxe":73,"minecraft:diamond_boots":1,"luminousworld:palmplank":20,"iceandfire:silver_axe":1,"minecraft:red_dye":1,"minecraft:diamond_sword":1,"minecraft:crafting_table":4,"minecraft:spruce_planks":112,"minecraft:iron_helmet":1,"minecraft:wooden_pickaxe":1,"minecraft:stone_axe":1,"minecraft:air":0,"minecraft:blue_dye":1,"ecologics:walnut_fence":210,"ecologics:walnut_stairs":24,"minecraft:purple_dye":2,"minecraft:charcoal":49,"quark:torch_arrow":1,"minecraft:stick":340,"quark:oak_chest":13,"minecraft:iron_ingot":14,"ecologics:walnut_door":6,"minecraft:iron_pickaxe":3,"minecraft:stone_sword":1,"ecologics:walnut_boat":1,"minecraft:torch":136,"iceandfire:silver_sword":1,"minecraft:diamond_chestplate":1},"minecraft:broken":{"minecraft:stone_sword":1,"minecraft:iron_boots":1,"minecraft:iron_chestplate":1,"minecraft:iron_leggings":1,"minecraft:stone_pickaxe":1,"vanillaplustools:stone_hammer":8,"minecraft:iron_axe":2,"minecraft:stone_axe":1,"minecraft:iron_pickaxe":1,"minecraft:iron_helmet":1,"iceandfire:silver_axe":1}},"DataVersion":3465}