{"stats":{"minecraft:broken":{"aether:golden_gloves":1,"minecraft:iron_shovel":3,"minecraft:stone_pickaxe":6,"minecraft:stone_axe":2},"minecraft:killed":{"minecraft:spider":4,"minecraft:skeleton":1,"minecraft:pig":1,"minecraft:creeper":1,"minecraft:sheep":7,"minecraft:zombie":3,"minecraft:cow":11},"minecraft:used":{"minecraft:stone_sword":51,"minecraft:red_sand":1,"minecraft:iron_shovel":893,"minecraft:spruce_slab":70,"minecraft:ladder":1,"minecraft:oak_sign":2,"minecraft:spruce_planks":639,"minecraft:chest":13,"minecraft:iron_sword":166,"minecraft:oak_door":2,"minecraft:torch":104,"minecraft:dirt":42,"minecraft:acacia_sapling":4,"minecraft:tuff":4,"minecraft:axolotl_bucket":2,"minecraft:glass":662,"minecraft:iron_axe":72,"minecraft:blue_orchid":2,"minecraft:dark_oak_wood":2,"minecraft:sweet_berries":2,"minecraft:furnace":7,"minecraft:cobbled_deepslate":13,"minecraft:calcite":688,"minecraft:water_bucket":1,"minecraft:stone_pickaxe":876,"minecraft:wooden_pickaxe":24,"minecraft:warped_roots":1,"minecraft:mossy_cobblestone":3,"minecraft:crafting_table":11,"minecraft:white_bed":3,"minecraft:spruce_log":4,"minecraft:cornflower":6,"minecraft:iron_pickaxe":206,"minecraft:stone_axe":240,"minecraft:cobblestone":1,"minecraft:white_banner":2,"minecraft:cooked_porkchop":43,"minecraft:bucket":16,"minecraft:golden_pickaxe":5},"minecraft:dropped":{"minecraft:moss_block":6,"minecraft:cobblestone":1,"minecraft:warped_roots":1,"minecraft:cornflower":3,"minecraft:spruce_sapling":3,"minecraft:tuff":2,"minecraft:rotten_flesh":20,"minecraft:azalea":2},"minecraft:crafted":{"minecraft:oak_door":3,"minecraft:oak_planks":52,"minecraft:furnace":5,"aether:golden_ring":1,"aether:golden_gloves":1,"minecraft:glass":638,"minecraft:iron_boots":1,"minecraft:iron_axe":2,"minecraft:spruce_slab":72,"minecraft:stone_pickaxe":7,"minecraft:chest":6,"galosphere:silver_ingot":11,"minecraft:dark_oak_planks":8,"minecraft:cooked_porkchop":3,"minecraft:crafting_table":4,"minecraft:spruce_planks":664,"travelersbackpack:backpack_tank":2,"minecraft:iron_helmet":1,"minecraft:wooden_pickaxe":1,"minecraft:iron_sword":1,"minecraft:bucket":3,"minecraft:stone_axe":2,"minecraft:air":0,"minecraft:iron_chestplate":1,"aether:golden_pendant":1,"minecraft:shield":1,"minecraft:stick":60,"minecraft:iron_ingot":35,"minecraft:iron_pickaxe":1,"minecraft:stone_sword":1,"minecraft:iron_leggings":1,"minecraft:iron_shovel":7,"minecraft:gold_ingot":17,"minecraft:white_bed":2,"minecraft:acacia_planks":92,"minecraft:torch":68},"minecraft:picked_up":{"minecraft:crafting_table":12,"minecraft:chest_minecart":2,"minecraft:ladder":1,"minecraft:clay_ball":16,"minecraft:cornflower":11,"minecraft:moss_carpet":6,"minecraft:string":4,"minecraft:iron_axe":2,"minecraft:explorer_pottery_sherd":1,"minecraft:iron_shovel":3,"minecraft:oak_sign":2,"minecraft:blue_orchid":11,"minecraft:activator_rail":10,"minecraft:tnt_minecart":1,"minecraft:red_sand":1,"minecraft:cobbled_deepslate":22,"minecraft:spruce_planks":173,"minecraft:beef":20,"minecraft:azalea":4,"minecraft:calcite":1174,"minecraft:spruce_slab":6,"minecraft:iron_pickaxe":1,"minecraft:chest":8,"minecraft:furnace":2,"minecraft:raw_iron":51,"minecraft:stick":56,"minecraft:big_dripleaf":2,"minecraft:torch":87,"minecraft:acacia_log":23,"minecraft:porkchop":3,"minecraft:redstone":67,"minecraft:iron_horse_armor":1,"minecraft:howl_pottery_sherd":1,"minecraft:rotten_flesh":41,"minecraft:stone_sword":3,"minecraft:arrow":2,"minecraft:decorated_pot":3,"minecraft:beetroot_seeds":3,"minecraft:gold_ingot":4,"minecraft:glow_berries":17,"minecraft:mutton":10,"minecraft:white_wool":7,"minecraft:rail":15,"minecraft:cobblestone":86,"minecraft:magma_block":4,"minecraft:burn_pottery_sherd":1,"minecraft:leather":14,"minecraft:tuff":6,"minecraft:gunpowder":2,"minecraft:lapis_lazuli":188,"minecraft:dirt":98,"minecraft:white_banner":2,"minecraft:glass":91,"minecraft:bone":6,"minecraft:acacia_planks":39,"minecraft:wheat_seeds":3,"minecraft:raw_gold":8,"minecraft:stone_pickaxe":7,"minecraft:iron_ingot":162,"minecraft:arms_up_pottery_sherd":1,"galosphere:raw_silver":25,"minecraft:moss_block":12,"minecraft:acacia_sapling":4,"minecraft:oak_planks":18,"minecraft:iron_sword":1,"minecraft:cooked_porkchop":122,"minecraft:sweet_berries":2,"minecraft:axolotl_bucket":2,"minecraft:sand":1186,"minecraft:spruce_sapling":65,"minecraft:white_bed":2,"minecraft:spruce_log":198,"minecraft:barrel":1,"minecraft:spider_eye":3,"minecraft:mossy_cobblestone":12,"minecraft:pumpkin_seeds":2,"minecraft:diamond":7,"minecraft:stone_axe":4,"minecraft:golden_apple":1,"minecraft:bread":4,"minecraft:golden_horse_armor":1,"minecraft:warped_roots":3,"minecraft:dark_oak_wood":4,"minecraft:coal":56},"minecraft:killed_by":{"minecraft:player":2,"minecraft:enderman":1,"minecraft:zombie":2},"minecraft:mined":{"minecraft:spruce_planks":83,"minecraft:large_amethyst_bud":2,"minecraft:tuff":6,"minecraft:white_bed":2,"minecraft:mossy_cobblestone":6,"minecraft:deepslate_diamond_ore":7,"minecraft:ladder":1,"minecraft:cave_vines_plant":4,"minecraft:acacia_log":22,"minecraft:grass_block":15,"minecraft:decorated_pot":3,"minecraft:spruce_leaves":41,"minecraft:moss_block":10,"minecraft:spawner":1,"minecraft:magma_block":6,"minecraft:furnace":2,"minecraft:fire":1,"minecraft:iron_ore":13,"minecraft:barrel":1,"minecraft:moss_carpet":1,"minecraft:deepslate_lapis_ore":9,"minecraft:oak_sign":2,"minecraft:cave_vines":15,"minecraft:deepslate_iron_ore":23,"minecraft:azalea":2,"minecraft:blue_orchid":6,"minecraft:stone":54,"minecraft:spruce_slab":1,"minecraft:podzol":2,"minecraft:deepslate_redstone_ore":15,"galosphere:deepslate_silver_ore":14,"minecraft:clay":3,"minecraft:crafting_table":10,"minecraft:cornflower":4,"minecraft:torch":1,"minecraft:dark_oak_wood":4,"minecraft:calcite":832,"minecraft:warped_roots":2,"minecraft:chest":8,"minecraft:glass":2,"minecraft:tall_grass":1,"minecraft:cobblestone":15,"minecraft:lapis_ore":22,"minecraft:deepslate_gold_ore":8,"minecraft:oak_planks":2,"minecraft:wall_torch":8,"minecraft:big_dripleaf":1,"minecraft:sweet_berry_bush":1,"minecraft:spruce_log":186,"minecraft:white_wall_banner":2,"minecraft:grass":14,"minecraft:coal_ore":21,"minecraft:sand":862,"minecraft:dirt":39,"minecraft:cobweb":2,"minecraft:deepslate":20,"minecraft:fern":9},"minecraft:custom":{"minecraft:mob_kills":29,"minecraft:interact_with_crafting_table":56,"minecraft:open_barrel":2,"minecraft:leave_game":2,"minecraft:time_since_death":42860,"minecraft:climb_one_cm":38870,"minecraft:sprint_one_cm":984430,"minecraft:walk_one_cm":735368,"minecraft:drop":11,"minecraft:play_time":264073,"minecraft:deaths":5,"minecraft:sneak_time":15208,"minecraft:walk_under_water_one_cm":15684,"minecraft:jump":2691,"minecraft:walk_on_water_one_cm":50023,"minecraft:total_world_time":264073,"minecraft:interact_with_furnace":115,"minecraft:sleep_in_bed":9,"minecraft:time_since_rest":31233,"minecraft:damage_taken":3704,"minecraft:damage_dealt":4095,"minecraft:swim_one_cm":15051,"minecraft:fly_one_cm":375142,"minecraft:open_chest":161,"minecraft:crouch_one_cm":63729,"minecraft:fall_one_cm":59083}},"DataVersion":3465}