{"stats":{"minecraft:broken":{"minecraft:iron_shovel":1,"minecraft:stone_pickaxe":5,"minecraft:stone_axe":1},"minecraft:killed":{"minecraft:spider":2,"minecraft:skeleton":1,"minecraft:pig":1,"minecraft:creeper":1,"minecraft:sheep":3,"minecraft:zombie":3},"minecraft:used":{"minecraft:stone_sword":51,"minecraft:red_sand":1,"minecraft:iron_shovel":329,"minecraft:ladder":1,"minecraft:spruce_planks":276,"minecraft:chest":13,"minecraft:iron_sword":93,"minecraft:oak_door":2,"minecraft:torch":84,"minecraft:dirt":37,"minecraft:acacia_sapling":4,"minecraft:tuff":4,"minecraft:axolotl_bucket":2,"minecraft:blue_orchid":2,"minecraft:dark_oak_wood":2,"minecraft:sweet_berries":2,"minecraft:furnace":4,"minecraft:cobbled_deepslate":13,"minecraft:calcite":474,"minecraft:water_bucket":1,"minecraft:stone_pickaxe":674,"minecraft:wooden_pickaxe":24,"minecraft:warped_roots":1,"minecraft:crafting_table":11,"minecraft:white_bed":3,"minecraft:cornflower":6,"minecraft:iron_pickaxe":205,"minecraft:stone_axe":183,"minecraft:white_banner":2,"minecraft:cooked_porkchop":31,"minecraft:bucket":4,"minecraft:golden_pickaxe":5},"minecraft:dropped":{"minecraft:moss_block":6,"minecraft:cobblestone":1,"minecraft:warped_roots":1,"minecraft:cornflower":3,"minecraft:tuff":2,"minecraft:rotten_flesh":19,"minecraft:azalea":2},"minecraft:crafted":{"minecraft:oak_door":3,"minecraft:oak_planks":52,"minecraft:furnace":2,"minecraft:stone_pickaxe":6,"minecraft:chest":5,"galosphere:silver_ingot":11,"minecraft:dark_oak_planks":8,"minecraft:cooked_porkchop":3,"minecraft:crafting_table":4,"minecraft:spruce_planks":472,"minecraft:wooden_pickaxe":1,"minecraft:iron_sword":1,"minecraft:bucket":1,"minecraft:stone_axe":2,"minecraft:air":0,"minecraft:stick":52,"minecraft:iron_ingot":10,"minecraft:iron_pickaxe":1,"minecraft:stone_sword":1,"minecraft:iron_shovel":4,"minecraft:gold_ingot":17,"minecraft:white_bed":1,"minecraft:acacia_planks":92,"minecraft:torch":56},"minecraft:picked_up":{"minecraft:crafting_table":12,"minecraft:chest_minecart":2,"minecraft:ladder":1,"minecraft:clay_ball":16,"minecraft:cornflower":9,"minecraft:moss_carpet":6,"minecraft:string":2,"minecraft:blue_orchid":8,"minecraft:activator_rail":10,"minecraft:tnt_minecart":1,"minecraft:red_sand":1,"minecraft:cobbled_deepslate":22,"minecraft:spruce_planks":30,"minecraft:azalea":4,"minecraft:calcite":718,"minecraft:iron_pickaxe":1,"minecraft:chest":8,"minecraft:furnace":2,"minecraft:raw_iron":51,"minecraft:stick":50,"minecraft:big_dripleaf":2,"minecraft:torch":73,"minecraft:acacia_log":23,"minecraft:porkchop":3,"minecraft:redstone":67,"minecraft:iron_horse_armor":1,"minecraft:rotten_flesh":38,"minecraft:stone_sword":3,"minecraft:arrow":2,"minecraft:decorated_pot":3,"minecraft:beetroot_seeds":3,"minecraft:gold_ingot":4,"minecraft:glow_berries":17,"minecraft:mutton":6,"minecraft:white_wool":3,"minecraft:rail":15,"minecraft:cobblestone":59,"minecraft:magma_block":4,"minecraft:tuff":6,"minecraft:gunpowder":2,"minecraft:lapis_lazuli":188,"minecraft:dirt":64,"minecraft:white_banner":2,"minecraft:bone":6,"minecraft:acacia_planks":39,"minecraft:wheat_seeds":1,"minecraft:raw_gold":8,"minecraft:stone_pickaxe":5,"minecraft:iron_ingot":2,"galosphere:raw_silver":25,"minecraft:moss_block":12,"minecraft:acacia_sapling":4,"minecraft:oak_planks":18,"minecraft:iron_sword":1,"minecraft:cooked_porkchop":121,"minecraft:sweet_berries":2,"minecraft:sand":299,"minecraft:spruce_sapling":48,"minecraft:white_bed":2,"minecraft:spruce_log":118,"minecraft:barrel":1,"minecraft:spider_eye":1,"minecraft:pumpkin_seeds":2,"minecraft:diamond":7,"minecraft:stone_axe":3,"minecraft:golden_apple":1,"minecraft:bread":4,"minecraft:golden_horse_armor":1,"minecraft:warped_roots":3,"minecraft:dark_oak_wood":4,"minecraft:coal":47},"minecraft:killed_by":{"minecraft:player":1,"minecraft:enderman":1,"minecraft:zombie":1},"minecraft:mined":{"minecraft:spruce_planks":31,"minecraft:large_amethyst_bud":2,"minecraft:tuff":6,"minecraft:white_bed":2,"minecraft:deepslate_diamond_ore":7,"minecraft:ladder":1,"minecraft:cave_vines_plant":4,"minecraft:acacia_log":22,"minecraft:grass_block":13,"minecraft:decorated_pot":2,"minecraft:spruce_leaves":21,"minecraft:moss_block":10,"minecraft:spawner":1,"minecraft:magma_block":6,"minecraft:furnace":2,"minecraft:iron_ore":13,"minecraft:barrel":1,"minecraft:moss_carpet":1,"minecraft:deepslate_lapis_ore":9,"minecraft:cave_vines":15,"minecraft:deepslate_iron_ore":23,"minecraft:azalea":2,"minecraft:blue_orchid":3,"minecraft:stone":33,"minecraft:podzol":2,"minecraft:deepslate_redstone_ore":15,"galosphere:deepslate_silver_ore":14,"minecraft:clay":3,"minecraft:crafting_table":10,"minecraft:cornflower":1,"minecraft:torch":1,"minecraft:dark_oak_wood":4,"minecraft:calcite":659,"minecraft:warped_roots":1,"minecraft:chest":8,"minecraft:tall_grass":1,"minecraft:cobblestone":14,"minecraft:lapis_ore":22,"minecraft:deepslate_gold_ore":8,"minecraft:oak_planks":2,"minecraft:wall_torch":4,"minecraft:big_dripleaf":1,"minecraft:sweet_berry_bush":1,"minecraft:spruce_log":120,"minecraft:white_wall_banner":2,"minecraft:grass":6,"minecraft:coal_ore":21,"minecraft:sand":317,"minecraft:dirt":32,"minecraft:cobweb":2,"minecraft:deepslate":20,"minecraft:fern":3},"minecraft:custom":{"minecraft:mob_kills":12,"minecraft:interact_with_crafting_table":26,"minecraft:open_barrel":2,"minecraft:leave_game":2,"minecraft:time_since_death":83379,"minecraft:climb_one_cm":38870,"minecraft:sprint_one_cm":561234,"minecraft:walk_one_cm":439932,"minecraft:drop":9,"minecraft:play_time":156073,"minecraft:deaths":3,"minecraft:sneak_time":4402,"minecraft:walk_under_water_one_cm":10811,"minecraft:jump":1756,"minecraft:walk_on_water_one_cm":31652,"minecraft:total_world_time":156073,"minecraft:interact_with_furnace":28,"minecraft:sleep_in_bed":7,"minecraft:time_since_rest":21872,"minecraft:damage_taken":2630,"minecraft:damage_dealt":2193,"minecraft:fly_one_cm":201345,"minecraft:open_chest":101,"minecraft:crouch_one_cm":16088,"minecraft:fall_one_cm":37874}},"DataVersion":3465}