{"stats":{"minecraft:killed":{"born_in_chaos_v1:glutton_fish":1,"iceandfire:ghost":1,"born_in_chaos_v1:corpse_fly":1},"minecraft:used":{"minecraft:water_bucket":2,"minecraft:stone_sword":98,"minecraft:spruce_planks":7,"minecraft:wooden_pickaxe":12,"luminousworld:yellow_grassflowers":1,"ecologics:walnut_sapling":1,"minecraft:blue_bed":2,"iceandfire:podium_spruce":1,"minecraft:dirt":6,"minecraft:crafting_table":3,"luminousworld:grassflowers":1,"iceandfire:frozen_stone":2,"minecraft:white_bed":1,"minecraft:cod":1,"minecraft:spruce_fence":13,"born_in_chaos_v1:sea_terror_eye":2,"minecraft:flower_pot":1,"minecraft:bread":23,"ecologics:walnut_boat":2,"minecraft:stone_axe":23,"minecraft:red_carpet":11,"born_in_chaos_v1:rotten_fish":2,"iceandfire:silver_pile":1,"minecraft:bucket":2,"tombstone:gift":1,"alexsmobs:animal_dictionary":7,"undead_revamp2:arapholia":1},"minecraft:mined":{"undead_revamp2:arapholia":1,"minecraft:spruce_planks":7,"minecraft:white_bed":1,"luminousworld:blueberrybush":2,"luminousworld:mossbuds_1":2,"minecraft:crafting_table":3,"iceandfire:frozen_stone":2,"minecraft:grass_block":5,"minecraft:spruce_fence":4,"ecologics:walnut_leaves":3,"born_in_chaos_v1:puddleofintoxication":1,"luminousworld:grassvariant_2":1,"placeablesmod:bread_full_block":1,"minecraft:blue_bed":2,"minecraft:large_fern":2,"luminousworld:yellow_grassflowers":1,"minecraft:spruce_log":6,"minecraft:grass":4,"iceandfire:silver_pile":1,"minecraft:dirt":8,"luminousworld:palm_log":5,"ecologics:walnut_log":3,"minecraft:stone":10,"iceandfire:podium_spruce":1},"minecraft:killed_by":{"iceandfire:ice_dragon":8,"born_in_chaos_v1:corpse_fly":2,"iceandfire:ghost":1,"born_in_chaos_v1:maggot":1},"minecraft:picked_up":{"minecraft:crafting_table":3,"minecraft:flower_pot":1,"minecraft:salmon":2,"tombstone:grave_key":1,"iceandfire:ectoplasm":1,"minecraft:dirt":13,"minecraft:blue_bed":2,"iceandfire:frozen_stone":2,"ecologics:walnut_boat":2,"minecraft:iron_leggings":1,"minecraft:white_carpet":15,"minecraft:red_carpet":11,"luminousworld:palm_log":5,"ecologics:walnut_sapling":1,"iceandfire:bestiary":1,"minecraft:spruce_planks":7,"minecraft:stick":5,"luminousworld:spuds":2,"ecologics:walnut_log":3,"iceandfire:podium_spruce":1,"minecraft:copper_ingot":3,"minecraft:spruce_fence":4,"minecraft:spruce_sapling":5,"minecraft:white_bed":1,"minecraft:spruce_log":32,"minecraft:lily_of_the_valley":1,"luminousworld:grassflowers":1,"minecraft:slime_ball":2,"luminousworld:yellow_grassflowers":1,"born_in_chaos_v1:sea_terror_eye":2,"iceandfire:dragon_ice":2,"minecraft:emerald":1,"minecraft:bread":1,"born_in_chaos_v1:rotten_fish":2,"minecraft:cod":1,"born_in_chaos_v1:sea_terror_stomach":2,"iceandfire:silver_nugget":22,"undead_revamp2:arapholia":1,"minecraft:cobblestone":10},"minecraft:dropped":{"minecraft:salmon":2,"minecraft:cod":3,"iceandfire:dragon_ice":2,"tombstone:grave_key":1,"minecraft:iron_leggings":1,"minecraft:paper":2,"minecraft:spruce_sapling":9},"minecraft:custom":{"minecraft:interact_with_furnace":2,"minecraft:mob_kills":3,"minecraft:interact_with_crafting_table":14,"minecraft:interact_with_cartography_table":1,"minecraft:open_barrel":13,"minecraft:leave_game":4,"minecraft:time_since_death":1123,"minecraft:sleep_in_bed":3,"minecraft:climb_one_cm":2957,"minecraft:time_since_rest":867,"minecraft:sprint_one_cm":289852,"minecraft:damage_taken":4413,"minecraft:walk_one_cm":218721,"minecraft:drop":12,"minecraft:damage_dealt":929,"minecraft:swim_one_cm":109870,"minecraft:fly_one_cm":292373,"minecraft:open_chest":28,"minecraft:crouch_one_cm":2241,"minecraft:play_time":81841,"tombstone:undead_killed":1,"minecraft:deaths":13,"minecraft:sneak_time":1837,"minecraft:walk_under_water_one_cm":32299,"minecraft:boat_one_cm":35460,"minecraft:jump":1384,"minecraft:interact_with_brewingstand":1,"minecraft:interact_with_blast_furnace":2,"minecraft:walk_on_water_one_cm":64199,"minecraft:total_world_time":81841,"minecraft:fall_one_cm":38618},"minecraft:crafted":{"minecraft:crafting_table":1,"minecraft:spruce_planks":112,"ecologics:walnut_planks":12,"minecraft:wooden_pickaxe":1,"minecraft:spruce_fence":69,"minecraft:stone_axe":1,"iceandfire:silver_pile":1,"minecraft:stick":48,"minecraft:stone_pickaxe":1,"minecraft:stone_sword":1,"ecologics:walnut_boat":1,"luminousworld:palmplank":20}},"DataVersion":3465}