{"stats":{"minecraft:mined":{"undead_revamp2:arapholia":1,"minecraft:white_bed":1,"minecraft:spruce_planks":7,"luminousworld:mossbuds_1":2,"iceandfire:frozen_stone":2,"minecraft:grass_block":7,"minecraft:spruce_fence":4,"born_in_chaos_v1:puddleofintoxication":1,"luminousworld:grassvariant_2":3,"minecraft:kelp":3,"minecraft:large_fern":2,"luminousworld:yellow_grassflowers":1,"ecologics:walnut_log":189,"minecraft:stone":50,"iceandfire:podium_spruce":1,"quark:oak_chest":1,"luminousworld:blueberrybush":2,"ecologics:walnut_sapling":1,"ecologics:walnut_fence":4,"minecraft:dandelion":1,"minecraft:crafting_table":4,"ecologics:walnut_leaves":70,"minecraft:poppy":1,"luminousworld:grassflowers":1,"minecraft:tall_grass":7,"minecraft:oak_planks":8,"placeablesmod:bread_full_block":1,"minecraft:diorite":2,"minecraft:blue_bed":2,"minecraft:spruce_log":6,"minecraft:grass":14,"iceandfire:silver_pile":1,"minecraft:dirt":19,"luminousworld:grassvariant_3":1,"minecraft:cobweb":2,"luminousworld:palm_log":5,"ecologics:walnut_planks":3},"minecraft:crafted":{"minecraft:oak_planks":552,"ecologics:walnut_planks":376,"minecraft:bone_meal":54,"minecraft:spruce_fence":69,"iceandfire:silver_pile":1,"minecraft:stone_pickaxe":1,"luminousworld:palmplank":20,"iceandfire:silver_axe":1,"minecraft:crafting_table":1,"minecraft:spruce_planks":112,"minecraft:wooden_pickaxe":1,"minecraft:stone_axe":1,"ecologics:walnut_fence":129,"minecraft:stick":112,"quark:oak_chest":5,"minecraft:iron_pickaxe":1,"minecraft:stone_sword":1,"ecologics:walnut_boat":1,"iceandfire:silver_sword":1},"minecraft:picked_up":{"minecraft:fishing_rod":1,"luminousworld:groundpebbles_1":4,"minecraft:crafting_table":4,"minecraft:flower_pot":1,"minecraft:turtle_egg":1,"minecraft:chain":2,"tombstone:grave_key":1,"minecraft:string":2,"iceandfire:frozen_stone":2,"ecologics:walnut_boat":2,"minecraft:iron_leggings":1,"minecraft:white_carpet":15,"minecraft:iron_shovel":1,"luminousworld:palm_log":5,"ecologics:walnut_sapling":92,"iceandfire:bestiary":1,"minecraft:spruce_planks":7,"iceandfire:armor_silver_metal_leggings":1,"minecraft:poppy":1,"minecraft:stick":65,"minecraft:raw_iron":1,"luminousworld:spuds":2,"ecologics:walnut_log":189,"minecraft:copper_ingot":3,"minecraft:spruce_fence":4,"tombstone:grave_dust":2,"minecraft:diorite":2,"luminousworld:grassflowers":2,"minecraft:stone_sword":1,"minecraft:rotten_flesh":1,"luminousworld:yellow_grassflowers":1,"born_in_chaos_v1:sea_terror_eye":2,"minecraft:cod":2,"undead_revamp2:arapholia":1,"minecraft:cobblestone":50,"ecologics:walnut_planks":130,"born_in_chaos_v1:corpse_maggot":5,"ecologics:walnut":146,"minecraft:salmon":2,"iceandfire:ectoplasm":2,"minecraft:gunpowder":2,"minecraft:horn_coral":1,"minecraft:lapis_lazuli":10,"minecraft:dirt":38,"minecraft:blue_bed":2,"minecraft:red_carpet":11,"minecraft:kelp":4,"minecraft:wheat_seeds":6,"minecraft:cobweb":5,"minecraft:oak_planks":8,"iceandfire:podium_spruce":1,"minecraft:dandelion":3,"minecraft:poisonous_potato":1,"minecraft:spruce_sapling":5,"minecraft:white_bed":1,"minecraft:spruce_log":32,"minecraft:lily_of_the_valley":1,"quark:oak_chest":1,"ecologics:walnut_fence":4,"minecraft:slime_ball":4,"minecraft:diamond":1,"iceandfire:dragon_ice":2,"minecraft:bread":1,"minecraft:emerald":8,"born_in_chaos_v1:rotten_fish":4,"iceandfire:silver_nugget":86,"born_in_chaos_v1:sea_terror_stomach":2},"minecraft:killed":{"born_in_chaos_v1:maggot":2,"undead_revamp2:coppertar":2,"born_in_chaos_v1:barrel_zombie":1,"born_in_chaos_v1:glutton_fish":1,"iceandfire:ghost":1,"born_in_chaos_v1:corpse_fly":3},"minecraft:dropped":{"minecraft:cod":3,"tombstone:grave_key":1,"minecraft:iron_leggings":1,"minecraft:paper":2,"minecraft:spruce_sapling":9,"minecraft:stone_sword":1,"minecraft:salmon":2,"iceandfire:dragon_ice":2},"minecraft:broken":{"minecraft:stone_sword":1,"minecraft:stone_axe":1},"minecraft:killed_by":{"born_in_chaos_v1:corpse_fly":2,"iceandfire:ice_dragon":8,"iceandfire:ghost":1,"born_in_chaos_v1:maggot":1},"minecraft:used":{"minecraft:stone_sword":143,"iceandfire:silver_sword":12,"ecologics:walnut_log":83,"minecraft:spruce_planks":7,"minecraft:dirt":31,"luminousworld:grassflowers":1,"iceandfire:frozen_stone":2,"minecraft:spruce_fence":13,"born_in_chaos_v1:sea_terror_eye":2,"ecologics:walnut_planks":3,"minecraft:red_carpet":11,"iceandfire:silver_pile":1,"ecologics:walnut":97,"tombstone:gift":1,"undead_revamp2:arapholia":1,"minecraft:water_bucket":2,"minecraft:diorite":2,"minecraft:oak_planks":507,"minecraft:wooden_pickaxe":12,"ecologics:walnut_sapling":91,"luminousworld:yellow_grassflowers":1,"minecraft:blue_bed":2,"iceandfire:podium_spruce":1,"minecraft:crafting_table":5,"minecraft:white_bed":1,"minecraft:cod":1,"iceandfire:silver_axe":184,"minecraft:flower_pot":1,"minecraft:bread":28,"minecraft:iron_pickaxe":42,"ecologics:walnut_boat":2,"ecologics:walnut_fence":90,"minecraft:stone_axe":129,"born_in_chaos_v1:rotten_fish":3,"minecraft:bucket":2,"quark:oak_chest":5,"alexsmobs:animal_dictionary":7,"minecraft:bone_meal":28},"minecraft:custom":{"minecraft:mob_kills":11,"minecraft:interact_with_crafting_table":26,"minecraft:open_barrel":13,"minecraft:leave_game":4,"minecraft:time_since_death":7712,"minecraft:climb_one_cm":2957,"minecraft:sprint_one_cm":568767,"minecraft:walk_one_cm":394532,"minecraft:drop":13,"minecraft:play_time":137869,"minecraft:deaths":14,"minecraft:sneak_time":8623,"minecraft:walk_under_water_one_cm":38214,"minecraft:boat_one_cm":35460,"minecraft:jump":1929,"minecraft:interact_with_brewingstand":1,"minecraft:interact_with_blast_furnace":2,"minecraft:walk_on_water_one_cm":66502,"minecraft:total_world_time":137869,"minecraft:interact_with_furnace":2,"minecraft:interact_with_cartography_table":1,"minecraft:sleep_in_bed":9,"minecraft:time_since_rest":1228,"minecraft:damage_taken":5101,"minecraft:damage_dealt":1897,"minecraft:swim_one_cm":110755,"minecraft:fly_one_cm":400339,"minecraft:open_chest":54,"minecraft:crouch_one_cm":26896,"tombstone:undead_killed":2,"minecraft:fall_one_cm":50686}},"DataVersion":3465}