{"stats":{"minecraft:custom":{"minecraft:mob_kills":46,"minecraft:interact_with_crafting_table":63,"minecraft:open_barrel":14,"minecraft:damage_dealt_resisted":332,"minecraft:leave_game":6,"minecraft:time_since_death":15445,"minecraft:climb_one_cm":5044,"minecraft:sprint_one_cm":1616702,"minecraft:walk_one_cm":1478915,"minecraft:drop":31,"minecraft:play_time":380427,"minecraft:sneak_time":13555,"minecraft:deaths":25,"minecraft:walk_under_water_one_cm":66897,"minecraft:boat_one_cm":236700,"minecraft:jump":4570,"minecraft:interact_with_brewingstand":1,"minecraft:interact_with_blast_furnace":2,"minecraft:walk_on_water_one_cm":119507,"minecraft:total_world_time":380427,"minecraft:interact_with_furnace":165,"minecraft:interact_with_cartography_table":1,"minecraft:sleep_in_bed":14,"minecraft:time_since_rest":10121,"minecraft:damage_taken":10135,"minecraft:damage_dealt":11512,"minecraft:swim_one_cm":123413,"minecraft:fly_one_cm":987448,"minecraft:open_chest":231,"minecraft:crouch_one_cm":46246,"tombstone:undead_killed":12,"minecraft:fall_one_cm":113762},"minecraft:picked_up":{"minecraft:fishing_rod":1,"luminousworld:groundpebbles_1":5,"born_in_chaos_v1:diamond_termite_shard":1,"minecraft:crafting_table":5,"minecraft:chicken":1,"minecraft:flower_pot":1,"minecraft:lead":1,"luminousworld:trout":1,"minecraft:wither_rose":1,"minecraft:turtle_egg":1,"tombstone:grave_key":1,"minecraft:chain":2,"minecraft:cornflower":1,"minecraft:string":34,"iceandfire:frozen_stone":2,"ecologics:walnut_boat":5,"minecraft:iron_leggings":1,"born_in_chaos_v1:intoxicating_decoction":1,"minecraft:white_carpet":15,"minecraft:iron_shovel":1,"luminousworld:palm_log":5,"ecologics:walnut_sapling":157,"iceandfire:bestiary":2,"minecraft:cobbled_deepslate":1454,"minecraft:spruce_planks":7,"iceandfire:armor_silver_metal_leggings":1,"minecraft:poppy":3,"alexsmobs:raccoon_tail":1,"minecraft:stick":115,"minecraft:raw_iron":6,"luminousworld:spuds":2,"minecraft:jukebox":1,"luminousworld:blue_petunias":1,"ecologics:walnut_log":567,"ecologics:coconut_slice":2,"minecraft:oak_fence":10,"minecraft:copper_ingot":5,"minecraft:torch":2,"minecraft:spruce_fence":6,"tombstone:grave_dust":6,"minecraft:diorite":2,"minecraft:redstone":121,"minecraft:prismarine_crystals":3,"luminousworld:grassflowers":5,"minecraft:stone_sword":1,"minecraft:arrow":6,"minecraft:rotten_flesh":33,"quark:clear_shard":6,"luminousworld:yellow_grassflowers":2,"born_in_chaos_v1:sea_terror_eye":2,"minecraft:iron_bars":5,"minecraft:cod":2,"undead_revamp2:arapholia":2,"minecraft:cobblestone":54,"minecraft:oxeye_daisy":1,"ecologics:walnut_planks":131,"born_in_chaos_v1:corpse_maggot":7,"ecologics:walnut":245,"minecraft:feather":2,"minecraft:salmon":2,"alexsmobs:acacia_blossom":1,"minecraft:flint":7,"minecraft:tuff":128,"iceandfire:ectoplasm":2,"minecraft:horn_coral":1,"minecraft:gunpowder":2,"minecraft:lapis_lazuli":10,"minecraft:dirt":66,"minecraft:blue_bed":2,"minecraft:lantern":2,"minecraft:red_carpet":11,"minecraft:bone":8,"minecraft:kelp":4,"minecraft:wheat_seeds":9,"minecraft:raw_gold":34,"minecraft:iron_ingot":1,"minecraft:cobweb":5,"minecraft:iron_sword":1,"minecraft:oak_planks":275,"ecologics:walnut_stairs":13,"luminousworld:bass_item":1,"iceandfire:podium_spruce":2,"minecraft:gravel":4,"born_in_chaos_v1:ethereal_spirit":2,"minecraft:dandelion":5,"minecraft:poisonous_potato":1,"minecraft:sand":251,"minecraft:spruce_sapling":5,"minecraft:white_bed":3,"minecraft:spruce_log":32,"minecraft:lily_of_the_valley":1,"quark:oak_chest":6,"minecraft:spider_eye":1,"alexsmobs:animal_dictionary":1,"minecraft:mossy_cobblestone":1,"ecologics:walnut_fence":9,"minecraft:slime_ball":4,"minecraft:diamond":9,"iceandfire:lectern":1,"iceandfire:silver_sword":1,"iceandfire:dragon_ice":2,"minecraft:emerald":8,"minecraft:bread":6,"born_in_chaos_v1:rotten_fish":4,"iceandfire:silver_nugget":86,"minecraft:coal":34,"born_in_chaos_v1:sea_terror_stomach":2,"quark:crimson_chest":3},"minecraft:used":{"iceandfire:lectern":1,"minecraft:stone_sword":143,"minecraft:iron_shovel":344,"iceandfire:silver_sword":280,"ecologics:walnut_log":393,"ecologics:walnut_door":4,"minecraft:spruce_planks":7,"minecraft:iron_sword":19,"vanillaplustools:stone_hammer":207,"minecraft:torch":38,"minecraft:dirt":54,"luminousworld:grassflowers":1,"iceandfire:frozen_stone":2,"minecraft:spruce_fence":15,"born_in_chaos_v1:sea_terror_eye":2,"minecraft:glass":132,"minecraft:lantern":1,"minecraft:iron_axe":603,"ecologics:walnut_planks":31,"minecraft:red_carpet":11,"iceandfire:silver_pile":1,"minecraft:furnace":6,"ecologics:walnut":239,"tombstone:gift":3,"undead_revamp2:arapholia":1,"minecraft:cooked_beef":28,"minecraft:cobbled_deepslate":9,"minecraft:water_bucket":2,"minecraft:diorite":2,"minecraft:stone_pickaxe":131,"minecraft:oak_planks":1316,"minecraft:wooden_pickaxe":12,"ecologics:walnut_sapling":157,"minecraft:blue_bed":2,"luminousworld:yellow_grassflowers":1,"luminousworld:groundpebbles_1":1,"ecologics:walnut_stairs":35,"iceandfire:podium_spruce":2,"minecraft:mossy_cobblestone":1,"minecraft:crafting_table":8,"minecraft:white_bed":2,"minecraft:cod":1,"iceandfire:silver_axe":470,"minecraft:flower_pot":1,"minecraft:chicken":1,"minecraft:iron_pickaxe":229,"minecraft:bread":33,"quark:crimson_chest":3,"ecologics:walnut_fence":211,"ecologics:walnut_boat":6,"minecraft:stone_axe":129,"minecraft:fishing_rod":2,"born_in_chaos_v1:rotten_fish":3,"minecraft:cobblestone":4,"minecraft:purple_bed":1,"minecraft:bucket":2,"minecraft:glass_pane":183,"quark:oak_chest":19,"alexsmobs:animal_dictionary":7,"minecraft:jukebox":1,"minecraft:bone_meal":63},"minecraft:dropped":{"minecraft:lantern":1,"minecraft:cod":3,"tombstone:grave_key":1,"minecraft:iron_leggings":1,"minecraft:paper":2,"minecraft:spruce_sapling":9,"minecraft:gravel":4,"minecraft:tuff":128,"minecraft:cobbled_deepslate":770,"minecraft:stone_sword":1,"minecraft:salmon":2,"iceandfire:dragon_ice":2},"minecraft:killed":{"born_in_chaos_v1:zombie_clown":1,"born_in_chaos_v1:restless_spirit":1,"minecraft:spider":2,"undead_revamp2:thesmoker":2,"enemyexpansion:direwolf":1,"undead_revamp2:theswarmer":1,"born_in_chaos_v1:maggot":2,"minecraft:bee":1,"undead_revamp2:coppertar":2,"undead_revamp2:thespitter":1,"born_in_chaos_v1:barrel_zombie":1,"born_in_chaos_v1:diamond_termite":1,"born_in_chaos_v1:glutton_fish":1,"alexsmobs:seal":1,"undead_revamp2:the_moonflower":1,"minecraft:creeper":1,"born_in_chaos_v1:decrepit_skeleton":1,"born_in_chaos_v1:bloody_gadfly":1,"enemyexpansion:meature":1,"minecraft:zombie":1,"iceandfire:ghost":1,"born_in_chaos_v1:corpse_fly":3,"enemyexpansion:huntsman":1},"minecraft:killed_by":{"minecraft:creeper":2,"born_in_chaos_v1:corpse_fly":2,"born_in_chaos_v1:diamond_termite":1,"undead_revamp2:therod":1,"iceandfire:ice_dragon":8,"mutantmonsters:mutant_skeleton":1,"undead_revamp2:thesmoker":1,"iceandfire:ghost":1,"born_in_chaos_v1:maggot":1,"mowziesmobs:naga":1},"minecraft:mined":{"undead_revamp2:arapholia":1,"minecraft:tuff":248,"minecraft:spruce_planks":7,"minecraft:white_bed":3,"minecraft:mossy_cobblestone":3,"minecraft:deepslate_diamond_ore":8,"luminousworld:blue_petunias":1,"minecraft:sea_lantern":1,"luminousworld:mossbuds_1":2,"iceandfire:frozen_stone":2,"minecraft:grass_block":9,"minecraft:spruce_fence":6,"born_in_chaos_v1:puddleofintoxication":1,"iceandfire:lectern":1,"luminousworld:grassvariant_2":11,"minecraft:kelp":3,"minecraft:oxeye_daisy":1,"minecraft:large_fern":2,"luminousworld:yellow_grassflowers":1,"minecraft:deepslate_iron_ore":5,"minecraft:dirt_path":1,"minecraft:iron_bars":5,"minecraft:lantern":1,"ecologics:walnut_log":572,"minecraft:stone":54,"iceandfire:podium_spruce":2,"minecraft:deepslate_redstone_ore":27,"minecraft:glass_pane":1,"quark:oak_chest":6,"luminousworld:blueberrybush":2,"born_in_chaos_v1:infected_deepslate_diamond_ore":3,"ecologics:walnut_sapling":2,"minecraft:oak_fence":11,"ecologics:walnut_fence":9,"minecraft:dandelion":3,"minecraft:crafting_table":5,"minecraft:cornflower":1,"minecraft:torch":1,"ecologics:walnut_leaves":176,"minecraft:poppy":3,"luminousworld:grassflowers":2,"minecraft:glass":2,"minecraft:tall_grass":15,"ecologics:walnut_stairs":13,"minecraft:deepslate_gold_ore":34,"minecraft:oak_planks":287,"placeablesmod:bread_full_block":1,"minecraft:diorite":2,"minecraft:blue_bed":2,"minecraft:jukebox":1,"minecraft:wither_rose":1,"minecraft:spruce_log":6,"minecraft:grass":35,"minecraft:coal_ore":34,"iceandfire:silver_pile":1,"minecraft:gravel":47,"minecraft:sand":257,"minecraft:dirt":29,"luminousworld:grassvariant_3":7,"minecraft:cobweb":33,"quark:crimson_chest":3,"luminousworld:palm_log":5,"ecologics:walnut_planks":3,"minecraft:deepslate":1707},"minecraft:crafted":{"minecraft:oak_planks":1280,"vanillaplustools:stone_hammer":2,"minecraft:purple_bed":1,"ecologics:walnut_planks":432,"minecraft:furnace":6,"minecraft:bone_meal":63,"minecraft:spruce_fence":69,"minecraft:glass_pane":224,"minecraft:glass":251,"iceandfire:silver_pile":1,"minecraft:iron_axe":5,"minecraft:stone_pickaxe":19,"luminousworld:palmplank":20,"iceandfire:silver_axe":1,"minecraft:red_dye":1,"minecraft:iron_helmet":1,"minecraft:crafting_table":3,"minecraft:spruce_planks":112,"minecraft:wooden_pickaxe":1,"minecraft:stone_axe":1,"minecraft:air":0,"minecraft:blue_dye":1,"ecologics:walnut_fence":210,"ecologics:walnut_stairs":24,"quark:torch_arrow":1,"minecraft:purple_dye":2,"minecraft:charcoal":49,"minecraft:iron_ingot":6,"minecraft:stick":276,"quark:oak_chest":13,"ecologics:walnut_door":6,"minecraft:iron_pickaxe":2,"minecraft:stone_sword":1,"ecologics:walnut_boat":1,"minecraft:torch":76,"iceandfire:silver_sword":1},"minecraft:broken":{"minecraft:stone_sword":1,"minecraft:iron_boots":1,"minecraft:iron_chestplate":1,"minecraft:iron_leggings":1,"minecraft:stone_pickaxe":1,"vanillaplustools:stone_hammer":1,"minecraft:iron_axe":2,"minecraft:stone_axe":1,"minecraft:iron_pickaxe":1,"minecraft:iron_helmet":1,"iceandfire:silver_axe":1}},"DataVersion":3465}