{"stats":{"minecraft:broken":{"aether:golden_gloves":1,"minecraft:iron_shovel":3,"minecraft:stone_pickaxe":7,"minecraft:stone_axe":2,"minecraft:iron_pickaxe":1},"minecraft:killed":{"minecraft:spider":5,"minecraft:skeleton":1,"minecraft:pig":1,"minecraft:creeper":1,"minecraft:sheep":9,"minecraft:zombie":3,"minecraft:cow":11},"minecraft:used":{"minecraft:stone_sword":59,"minecraft:red_sand":1,"minecraft:iron_shovel":894,"minecraft:spruce_slab":70,"minecraft:ladder":1,"minecraft:oak_sign":2,"minecraft:spruce_planks":685,"minecraft:chest":13,"minecraft:iron_sword":166,"minecraft:oak_door":2,"minecraft:torch":104,"minecraft:dirt":42,"minecraft:spruce_stairs":2,"minecraft:acacia_sapling":4,"minecraft:tuff":4,"minecraft:axolotl_bucket":2,"minecraft:glass":720,"minecraft:iron_axe":91,"minecraft:blue_orchid":2,"minecraft:dark_oak_wood":2,"minecraft:sweet_berries":2,"minecraft:furnace":7,"minecraft:cobbled_deepslate":13,"minecraft:calcite":688,"minecraft:water_bucket":1,"minecraft:stone_pickaxe":921,"minecraft:wooden_pickaxe":24,"minecraft:warped_roots":1,"minecraft:mossy_cobblestone":3,"minecraft:crafting_table":12,"minecraft:white_bed":5,"minecraft:spruce_log":4,"waystones:waystone":1,"minecraft:cornflower":6,"minecraft:iron_pickaxe":378,"minecraft:stone_axe":240,"minecraft:cobblestone":1,"travelersbackpack:standard":6,"minecraft:smithing_table":1,"minecraft:white_banner":2,"minecraft:cooked_porkchop":47,"minecraft:bucket":16,"minecraft:golden_pickaxe":5},"minecraft:dropped":{"minecraft:moss_block":6,"minecraft:cobblestone":1,"minecraft:warped_roots":1,"minecraft:cornflower":3,"minecraft:spruce_sapling":3,"minecraft:stone_sword":1,"minecraft:tuff":2,"minecraft:rotten_flesh":20,"minecraft:azalea":2},"minecraft:crafted":{"minecraft:oak_door":3,"minecraft:oak_planks":52,"travelersbackpack:crafting_upgrade":1,"minecraft:furnace":5,"aether:golden_ring":1,"aether:golden_gloves":1,"travelersbackpack:blank_upgrade":4,"minecraft:glass":750,"minecraft:spruce_stairs":4,"travelersbackpack:white_sleeping_bag":1,"minecraft:iron_boots":1,"minecraft:iron_axe":2,"minecraft:spruce_slab":72,"minecraft:stone_pickaxe":7,"minecraft:chest":7,"galosphere:silver_ingot":11,"minecraft:dark_oak_planks":8,"travelersbackpack:diamond_tier_upgrade":1,"travelersbackpack:iron_tier_upgrade":1,"minecraft:cooked_porkchop":3,"minecraft:crafting_table":5,"minecraft:spruce_planks":664,"travelersbackpack:standard":3,"travelersbackpack:backpack_tank":4,"minecraft:iron_helmet":1,"minecraft:wooden_pickaxe":1,"minecraft:iron_sword":1,"minecraft:smithing_table":1,"minecraft:bucket":3,"minecraft:stone_axe":2,"minecraft:air":0,"minecraft:iron_chestplate":1,"aether:golden_pendant":1,"minecraft:shield":1,"minecraft:stick":60,"minecraft:iron_ingot":35,"minecraft:iron_pickaxe":2,"minecraft:stone_sword":1,"minecraft:iron_leggings":1,"minecraft:iron_shovel":7,"minecraft:gold_ingot":17,"minecraft:white_bed":2,"minecraft:acacia_planks":92,"minecraft:torch":68},"minecraft:picked_up":{"minecraft:crafting_table":13,"minecraft:chest_minecart":2,"minecraft:ladder":1,"minecraft:clay_ball":16,"minecraft:cornflower":11,"minecraft:moss_carpet":6,"minecraft:string":5,"minecraft:iron_axe":2,"minecraft:explorer_pottery_sherd":1,"minecraft:iron_shovel":3,"minecraft:blackstone":215,"minecraft:oak_sign":3,"minecraft:blue_orchid":12,"minecraft:activator_rail":10,"minecraft:tnt_minecart":1,"minecraft:red_sand":1,"minecraft:cobbled_deepslate":22,"minecraft:spruce_planks":189,"minecraft:beef":20,"minecraft:azalea":4,"minecraft:calcite":1174,"minecraft:spruce_slab":6,"minecraft:iron_pickaxe":1,"minecraft:chest":8,"minecraft:furnace":2,"minecraft:raw_iron":51,"minecraft:stick":56,"minecraft:big_dripleaf":2,"minecraft:torch":87,"minecraft:acacia_log":23,"minecraft:porkchop":3,"minecraft:redstone":67,"minecraft:iron_horse_armor":1,"minecraft:howl_pottery_sherd":1,"minecraft:rotten_flesh":42,"minecraft:stone_sword":4,"minecraft:arrow":2,"minecraft:decorated_pot":3,"minecraft:beetroot_seeds":3,"minecraft:gold_ingot":4,"minecraft:glow_berries":17,"minecraft:mutton":13,"minecraft:white_wool":9,"minecraft:rail":15,"minecraft:cobblestone":87,"minecraft:magma_block":4,"minecraft:burn_pottery_sherd":1,"minecraft:leather":14,"minecraft:tuff":6,"minecraft:gunpowder":2,"minecraft:lapis_lazuli":188,"minecraft:dirt":98,"minecraft:white_banner":2,"minecraft:glass":91,"minecraft:bone":6,"minecraft:acacia_planks":39,"minecraft:wheat_seeds":3,"minecraft:raw_gold":8,"minecraft:stone_pickaxe":7,"minecraft:iron_ingot":162,"minecraft:arms_up_pottery_sherd":1,"galosphere:raw_silver":25,"minecraft:moss_block":12,"minecraft:acacia_sapling":4,"minecraft:oak_planks":18,"minecraft:iron_sword":1,"minecraft:cooked_porkchop":122,"minecraft:sweet_berries":2,"minecraft:axolotl_bucket":2,"minecraft:sand":1186,"minecraft:spruce_sapling":65,"minecraft:white_bed":3,"minecraft:spruce_log":198,"minecraft:barrel":1,"minecraft:spider_eye":3,"minecraft:mossy_cobblestone":12,"minecraft:pumpkin_seeds":2,"minecraft:diamond":7,"minecraft:stone_axe":4,"waystones:waystone":1,"minecraft:golden_apple":1,"minecraft:bread":4,"minecraft:golden_horse_armor":1,"minecraft:warped_roots":3,"minecraft:dark_oak_wood":4,"minecraft:coal":56},"minecraft:killed_by":{"minecraft:player":2,"minecraft:enderman":1,"minecraft:zombie":2},"minecraft:mined":{"minecraft:spruce_planks":100,"minecraft:large_amethyst_bud":2,"minecraft:tuff":6,"minecraft:white_bed":3,"minecraft:mossy_cobblestone":6,"minecraft:deepslate_diamond_ore":7,"minecraft:ladder":1,"minecraft:cave_vines_plant":4,"minecraft:acacia_log":22,"minecraft:grass_block":15,"minecraft:decorated_pot":3,"minecraft:spruce_leaves":41,"minecraft:moss_block":10,"minecraft:spawner":1,"minecraft:magma_block":6,"minecraft:furnace":2,"minecraft:fire":1,"minecraft:iron_ore":13,"minecraft:barrel":1,"minecraft:moss_carpet":1,"minecraft:deepslate_lapis_ore":9,"minecraft:oak_sign":3,"minecraft:cave_vines":15,"minecraft:deepslate_iron_ore":23,"minecraft:azalea":2,"minecraft:blue_orchid":7,"minecraft:stone":55,"minecraft:spruce_slab":1,"minecraft:podzol":2,"minecraft:deepslate_redstone_ore":15,"minecraft:blackstone":215,"galosphere:deepslate_silver_ore":14,"minecraft:clay":3,"minecraft:crafting_table":11,"minecraft:cornflower":4,"minecraft:torch":1,"minecraft:dark_oak_wood":4,"minecraft:calcite":832,"minecraft:warped_roots":2,"minecraft:chest":8,"minecraft:glass":2,"minecraft:tall_grass":1,"minecraft:cobblestone":15,"minecraft:lapis_ore":22,"minecraft:deepslate_gold_ore":8,"minecraft:oak_planks":2,"minecraft:wall_torch":8,"minecraft:big_dripleaf":1,"minecraft:sweet_berry_bush":1,"minecraft:spruce_log":186,"minecraft:white_wall_banner":2,"minecraft:grass":14,"minecraft:coal_ore":21,"minecraft:sand":862,"minecraft:dirt":39,"minecraft:cobweb":2,"minecraft:deepslate":20,"minecraft:fern":9},"minecraft:custom":{"minecraft:interact_with_smithing_table":4,"minecraft:mob_kills":32,"minecraft:interact_with_crafting_table":69,"minecraft:open_barrel":2,"minecraft:leave_game":2,"minecraft:time_since_death":78860,"minecraft:climb_one_cm":38870,"minecraft:sprint_one_cm":1106071,"minecraft:walk_one_cm":802201,"minecraft:drop":12,"minecraft:play_time":300073,"minecraft:deaths":5,"minecraft:sneak_time":15783,"minecraft:walk_under_water_one_cm":15723,"minecraft:jump":3051,"minecraft:walk_on_water_one_cm":50327,"minecraft:total_world_time":300073,"minecraft:interact_with_furnace":122,"minecraft:sleep_in_bed":9,"minecraft:time_since_rest":67233,"minecraft:waystone_activated":1,"minecraft:damage_taken":3887,"minecraft:damage_dealt":4295,"minecraft:swim_one_cm":15051,"minecraft:fly_one_cm":469317,"minecraft:open_chest":173,"minecraft:crouch_one_cm":66843,"minecraft:fall_one_cm":69601}},"DataVersion":3465}