{"stats":{"minecraft:killed":{"minecraft:spider":2,"minecraft:skeleton":10,"minecraft:chicken":2,"minecraft:pig":6,"minecraft:bat":2,"minecraft:zombie":60,"minecraft:glow_squid":1,"minecraft:cow":22},"minecraft:dropped":{"minecraft:wheat_seeds":1,"minecraft:moss_block":8,"minecraft:brown_mushroom":2,"minecraft:cooked_porkchop":4,"minecraft:feather":2,"minecraft:cobblestone":101,"minecraft:cracked_stone_bricks":3,"galosphere:raw_silver":1,"minecraft:iron_trapdoor":4,"minecraft:dark_oak_fence":3,"minecraft:iron_axe":1,"minecraft:cyan_carpet":1,"minecraft:stone_brick_slab":11,"minecraft:gravel":3,"minecraft:stone_sword":1,"minecraft:cobbled_deepslate":4,"minecraft:tuff":26,"minecraft:birch_sapling":2,"minecraft:rotten_flesh":2,"minecraft:clay_ball":96,"minecraft:mossy_stone_brick_slab":4,"minecraft:azure_bluet":1,"minecraft:big_dripleaf":1,"minecraft:potato":1,"minecraft:spruce_trapdoor":9,"minecraft:mossy_stone_bricks":4,"minecraft:stone_brick_wall":2,"minecraft:stone_bricks":25,"minecraft:brown_carpet":2,"minecraft:arrow":4,"minecraft:wooden_pickaxe":2,"minecraft:stone_pickaxe":1,"minecraft:stone_brick_stairs":6},"minecraft:broken":{"aether:iron_gloves":1,"minecraft:golden_axe":1,"minecraft:iron_pickaxe":2},"minecraft:mined":{"minecraft:dark_oak_planks":6,"minecraft:white_bed":1,"minecraft:tuff":65,"minecraft:mossy_cobblestone":2,"minecraft:mossy_stone_brick_slab":2,"minecraft:spruce_trapdoor":18,"minecraft:dark_oak_fence":3,"minecraft:stone_brick_wall":3,"minecraft:cave_vines_plant":1,"minecraft:chiseled_polished_blackstone":25,"minecraft:acacia_log":9,"minecraft:grass_block":9,"minecraft:jungle_log":11,"minecraft:cracked_polished_blackstone_bricks":3,"minecraft:coal_block":2,"travelersbackpack:iron":1,"minecraft:spruce_leaves":12,"minecraft:moss_block":10,"minecraft:chiseled_stone_bricks":5,"minecraft:spawner":13,"minecraft:large_fern":5,"minecraft:polished_blackstone_bricks":3,"minecraft:furnace":4,"minecraft:iron_ore":45,"minecraft:cobbled_deepslate":9,"minecraft:anvil":1,"minecraft:deepslate_lapis_ore":4,"minecraft:big_dripleaf_stem":1,"minecraft:bookshelf":45,"minecraft:potatoes":7,"minecraft:dirt_path":1,"minecraft:deepslate_iron_ore":5,"minecraft:vine":9,"minecraft:stripped_mangrove_wood":1,"minecraft:stone":262,"minecraft:podzol":2,"minecraft:smithing_table":1,"minecraft:mangrove_stairs":1,"minecraft:stone_brick_slab":32,"galosphere:deepslate_silver_ore":1,"minecraft:clay":24,"minecraft:crafting_table":6,"minecraft:cornflower":3,"minecraft:torch":1,"minecraft:calcite":3,"minecraft:chest":5,"minecraft:spruce_wall_sign":3,"minecraft:smooth_quartz_slab":1,"minecraft:cobblestone":109,"minecraft:lapis_ore":2,"minecraft:oak_planks":5,"minecraft:damaged_anvil":1,"minecraft:purple_bed":2,"minecraft:coarse_dirt":2,"minecraft:bamboo_trapdoor":7,"minecraft:birch_log":13,"minecraft:wheat":15,"minecraft:sweet_berry_bush":90,"minecraft:spruce_log":12,"minecraft:jukebox":1,"minecraft:birch_leaves":1,"minecraft:mangrove_planks":1,"minecraft:stone_brick_stairs":29,"minecraft:grass":2,"minecraft:oak_log":43,"minecraft:coal_ore":24,"minecraft:gravel":7,"minecraft:sand":24,"minecraft:dirt":28,"minecraft:cracked_stone_bricks":26,"minecraft:stone_bricks":65,"minecraft:mossy_stone_bricks":22,"minecraft:iron_trapdoor":2,"minecraft:deepslate":224,"minecraft:fern":8},"minecraft:crafted":{"minecraft:oak_planks":172,"travelersbackpack:iron":1,"minecraft:coal":18,"minecraft:iron_nugget":9,"minecraft:spruce_button":1,"minecraft:bookshelf":19,"travelersbackpack:blank_upgrade":4,"travelersbackpack:gold_tier_upgrade":1,"minecraft:glass":24,"travelersbackpack:white_sleeping_bag":1,"minecraft:bow":1,"minecraft:iron_boots":1,"minecraft:iron_axe":1,"minecraft:stone_pickaxe":1,"minecraft:chest":18,"simplyswords:iron_cutlass":1,"minecraft:cooked_beef":23,"travelersbackpack:iron_tier_upgrade":1,"minecraft:cooked_porkchop":12,"minecraft:enchanting_table":1,"minecraft:crafting_table":4,"minecraft:spruce_planks":64,"travelersbackpack:backpack_tank":4,"travelersbackpack:standard":3,"minecraft:wooden_pickaxe":2,"minecraft:iron_sword":2,"minecraft:smithing_table":1,"minecraft:bucket":3,"minecraft:birch_planks":52,"minecraft:stone_axe":1,"minecraft:air":0,"minecraft:jungle_planks":40,"aether:iron_gloves":2,"minecraft:blue_dye":1,"minecraft:shield":1,"minecraft:stick":28,"minecraft:iron_ingot":50,"minecraft:iron_pickaxe":4,"minecraft:stone_sword":1,"minecraft:iron_leggings":1,"aether:white_cape":1,"minecraft:acacia_planks":36,"minecraft:torch":32,"aether:book_of_lore":1,"minecraft:shears":1},"minecraft:used":{"minecraft:moss_block":6,"simplyswords:iron_cutlass":174,"minecraft:stone_sword":19,"minecraft:chest":21,"minecraft:spruce_planks":1,"minecraft:shield":11,"minecraft:iron_sword":62,"minecraft:cooked_chicken":1,"minecraft:rotten_flesh":1,"minecraft:iron_chestplate":1,"minecraft:torch":23,"minecraft:anvil":1,"minecraft:dirt":19,"minecraft:tuff":33,"minecraft:dark_oak_planks":1,"minecraft:lava_bucket":28,"minecraft:bookshelf":19,"minecraft:lantern":1,"minecraft:iron_axe":188,"minecraft:spruce_button":1,"minecraft:jungle_log":1,"minecraft:iron_helmet":1,"minecraft:stone_bricks":10,"minecraft:bow":2,"minecraft:sweet_berries":75,"minecraft:furnace":4,"minecraft:cobbled_deepslate":39,"minecraft:golden_axe":32,"minecraft:calcite":2,"minecraft:wheat_seeds":39,"minecraft:chiseled_polished_blackstone":1,"minecraft:water_bucket":11,"minecraft:oak_planks":9,"minecraft:mangrove_planks":1,"minecraft:stone_pickaxe":71,"minecraft:wooden_pickaxe":28,"minecraft:spruce_sign":3,"minecraft:cracked_stone_bricks":1,"anthropology_items__structures:hunters_machete":145,"minecraft:crafting_table":9,"minecraft:white_bed":1,"minecraft:shears":1,"minecraft:cake":1,"waystones:waystone":3,"minecraft:diamond_pickaxe":64,"minecraft:cornflower":4,"travelersbackpack:bookshelf":7,"minecraft:iron_pickaxe":874,"minecraft:spruce_trapdoor":9,"minecraft:stone_axe":1,"minecraft:purple_bed":1,"minecraft:diamond_sword":172,"travelersbackpack:standard":1,"minecraft:cobblestone":231,"minecraft:potion":1,"minecraft:smithing_table":2,"minecraft:cooked_porkchop":18,"minecraft:bucket":41,"minecraft:enchanting_table":1,"minecraft:sea_pickle":3,"minecraft:coarse_dirt":1,"minecraft:experience_bottle":11},"minecraft:killed_by":{"minecraft:creeper":1,"minecraft:skeleton":1},"minecraft:picked_up":{"minecraft:azure_bluet":1,"minecraft:coarse_dirt":1,"minecraft:crafting_table":7,"minecraft:iron_chestplate":2,"minecraft:wheat":14,"minecraft:iron_trapdoor":4,"minecraft:diamond_sword":1,"minecraft:chicken":4,"minecraft:clay_ball":120,"aether:iron_gloves":2,"minecraft:smithing_table":1,"minecraft:brown_mushroom":2,"minecraft:wooden_pickaxe":1,"minecraft:stone_brick_wall":2,"minecraft:potion":3,"minecraft:stone_brick_stairs":23,"minecraft:shield":3,"minecraft:cornflower":4,"minecraft:string":6,"minecraft:moss_carpet":3,"minecraft:raw_copper":12,"minecraft:iron_axe":6,"minecraft:iron_leggings":4,"minecraft:item_frame":2,"minecraft:cyan_carpet":1,"minecraft:sea_pickle":3,"minecraft:cracked_stone_bricks":14,"minecraft:cobbled_deepslate":251,"minecraft:spruce_planks":35,"minecraft:beef":49,"minecraft:calcite":3,"minecraft:iron_pickaxe":1,"minecraft:coal_block":2,"minecraft:chest":5,"minecraft:birch_sapling":2,"minecraft:spruce_trapdoor":18,"minecraft:furnace":8,"minecraft:iron_boots":3,"minecraft:egg":1,"minecraft:stick":57,"minecraft:raw_iron":150,"minecraft:stripped_mangrove_wood":1,"minecraft:jukebox":1,"minecraft:big_dripleaf":1,"minecraft:torch":9,"minecraft:acacia_log":9,"minecraft:porkchop":32,"minecraft:polished_blackstone_bricks":3,"minecraft:golden_axe":1,"minecraft:mangrove_sign":2,"minecraft:redstone":2,"minecraft:iron_horse_armor":1,"minecraft:brown_carpet":2,"minecraft:dark_oak_planks":6,"travelersbackpack:iron":1,"minecraft:diamond_chestplate":1,"minecraft:rotten_flesh":55,"minecraft:arrow":21,"minecraft:mangrove_stairs":1,"minecraft:pumpkin_pie":2,"minecraft:shears":1,"aether:white_cape":1,"minecraft:birch_log":13,"minecraft:white_wool":29,"minecraft:cobblestone":514,"minecraft:feather":4,"minecraft:glow_ink_sac":6,"minecraft:water_bucket":1,"minecraft:jungle_log":11,"minecraft:leather":34,"minecraft:potato":29,"minecraft:flint":1,"minecraft:tuff":60,"anthropology_items__structures:hunters_machete":1,"minecraft:oak_log":43,"minecraft:lapis_lazuli":60,"minecraft:dirt":40,"minecraft:lantern":1,"travelersbackpack:bookshelf":2,"minecraft:bone":27,"minecraft:stone_bricks":49,"minecraft:bow":1,"minecraft:wheat_seeds":40,"minecraft:iron_ingot":90,"minecraft:cooked_chicken":1,"minecraft:mossy_stone_bricks":14,"minecraft:diamond_helmet":1,"galosphere:raw_silver":1,"minecraft:moss_block":21,"minecraft:mangrove_planks":1,"minecraft:oak_planks":5,"minecraft:book":130,"minecraft:chiseled_polished_blackstone":23,"minecraft:cooked_porkchop":176,"minecraft:sweet_berries":432,"minecraft:chiseled_stone_bricks":2,"minecraft:stone_brick_slab":22,"minecraft:gravel":5,"minecraft:lava_bucket":5,"minecraft:sand":24,"minecraft:white_bed":1,"minecraft:spruce_log":16,"minecraft:mossy_stone_brick_slab":4,"minecraft:purple_bed":4,"minecraft:bamboo_trapdoor":6,"waystones:waystone":7,"minecraft:cracked_polished_blackstone_bricks":3,"minecraft:iron_helmet":4,"minecraft:painting":1,"minecraft:golden_apple":2,"minecraft:emerald":1,"minecraft:spruce_sign":3,"minecraft:dark_oak_fence":3,"minecraft:smooth_quartz_slab":1,"minecraft:damaged_anvil":1,"minecraft:black_wool":2,"minecraft:coal":132,"minecraft:anvil":1,"minecraft:diamond_pickaxe":1},"minecraft:custom":{"minecraft:interact_with_smithing_table":6,"minecraft:mob_kills":127,"minecraft:animals_bred":2,"minecraft:interact_with_crafting_table":41,"minecraft:open_barrel":26,"minecraft:leave_game":2,"minecraft:time_since_death":57748,"minecraft:climb_one_cm":12970,"minecraft:damage_resisted":18,"minecraft:sprint_one_cm":537163,"minecraft:walk_one_cm":367698,"minecraft:damage_blocked_by_shield":180,"minecraft:drop":49,"minecraft:play_time":189187,"minecraft:sneak_time":36065,"minecraft:deaths":3,"minecraft:walk_under_water_one_cm":8743,"minecraft:jump":1928,"minecraft:interact_with_blast_furnace":4,"minecraft:walk_on_water_one_cm":11038,"minecraft:enchant_item":1,"minecraft:total_world_time":189187,"minecraft:interact_with_furnace":61,"minecraft:tune_noteblock":1,"minecraft:interact_with_loom":4,"minecraft:sleep_in_bed":4,"minecraft:time_since_rest":33041,"minecraft:waystone_activated":4,"minecraft:damage_taken":1588,"minecraft:damage_dealt":14969,"minecraft:swim_one_cm":21320,"minecraft:fly_one_cm":393466,"minecraft:open_chest":216,"minecraft:crouch_one_cm":76143,"minecraft:interact_with_anvil":2,"minecraft:interact_with_smoker":1,"minecraft:fall_one_cm":43152}},"DataVersion":3465}