{"stats":{"minecraft:killed":{"twilightforest:boar":4,"minecraft:zombified_piglin":1,"minecraft:spider":2,"minecraft:vindicator":2,"minecraft:skeleton":15,"minecraft:magma_cube":82,"minecraft:zombie_villager":1,"twilightforest:raven":1,"minecraft:creeper":1,"twilightforest:skeleton_druid":1,"minecraft:sheep":3,"minecraft:pillager":1,"minecraft:zombie":8,"minecraft:glow_squid":2,"minecraft:wither_skeleton":12,"minecraft:cow":12,"minecraft:enderman":1,"minecraft:blaze":4},"minecraft:used":{"moonsweaponry:diamond_greatsword":186,"minecraft:moss_block":3,"minecraft:moss_carpet":1,"minecraft:flint_and_steel":5,"minecraft:poppy":9,"minecraft:decorated_pot":1,"minecraft:iron_sword":109,"minecraft:cooked_chicken":2,"minecraft:iron_chestplate":4,"minecraft:torch":5,"minecraft:mutton":4,"minecraft:diamond_helmet":1,"minecraft:axolotl_bucket":1,"minecraft:iron_helmet":2,"simplyswords:iron_scythe":29,"minecraft:cooked_beef":12,"minecraft:cobbled_deepslate":35,"minecraft:iron_leggings":2,"minecraft:wheat_seeds":10,"minecraft:water_bucket":7,"minecraft:oak_planks":68,"minecraft:golden_apple":1,"minecraft:crafting_table":3,"minecraft:wooden_hoe":2,"minecraft:bread":6,"minecraft:iron_pickaxe":226,"minecraft:cracked_nether_bricks":2,"minecraft:diamond_sword":81,"minecraft:cooked_porkchop":51,"minecraft:bucket":12,"minecraft:dandelion":4,"minecraft:chainmail_leggings":1},"minecraft:dropped":{"minecraft:enchanted_book":1,"minecraft:iron_ingot":13,"minecraft:moss_block":6,"minecraft:wheat_seeds":16,"minecraft:diamond":5,"minecraft:iron_helmet":1,"minecraft:coal":2,"minecraft:stick":4,"minecraft:iron_leggings":1,"minecraft:axolotl_bucket":1,"minecraft:raw_iron_block":1,"minecraft:gold_ingot":16,"minecraft:bone":5,"minecraft:cobbled_deepslate":64,"minecraft:tuff":25,"minecraft:raw_iron":3,"minecraft:rotten_flesh":6,"minecraft:oak_planks":104,"minecraft:iron_boots":1,"minecraft:light_gray_concrete":1,"twilightforest:torchberries":1,"minecraft:pumpkin_seeds":1,"simplyswords:iron_scythe":1},"minecraft:picked_up":{"minecraft:crafting_table":6,"minecraft:iron_chestplate":3,"minecraft:wheat":30,"minecraft:nether_brick_fence":2,"minecraft:nether_wart":83,"minecraft:clay_ball":124,"minecraft:diamond_sword":3,"galosphere:silver_ingot":12,"minecraft:enchanted_book":5,"minecraft:cornflower":1,"minecraft:moss_carpet":1,"minecraft:raw_copper":1,"minecraft:flint_and_steel":6,"minecraft:iron_leggings":4,"minecraft:item_frame":3,"minecraft:blackstone":4,"minecraft:gold_nugget":5,"minecraft:diamond_leggings":1,"moonsweaponry:diamond_greatsword":2,"minecraft:cobbled_deepslate":51,"minecraft:bucket":3,"minecraft:beef":25,"minecraft:poppy":58,"minecraft:iron_pickaxe":6,"minecraft:iron_boots":3,"minecraft:blue_wool":1,"minecraft:raw_iron":13,"minecraft:big_dripleaf":2,"minecraft:torch":34,"minecraft:porkchop":9,"minecraft:fire_charge":2,"minecraft:iron_horse_armor":1,"minecraft:stone_sword":1,"minecraft:rotten_flesh":7,"minecraft:arrow":19,"minecraft:diamond_chestplate":1,"minecraft:tropical_fish":5,"minecraft:decorated_pot":1,"minecraft:nether_bricks":4,"minecraft:diamond_boots":5,"minecraft:saddle":3,"minecraft:gold_ingot":30,"minecraft:blaze_rod":9,"minecraft:glow_berries":2,"minecraft:obsidian":6,"minecraft:mutton":4,"minecraft:blaze_powder":2,"minecraft:white_wool":2,"minecraft:cobblestone":8,"minecraft:magma_block":7,"minecraft:cooked_beef":32,"minecraft:magma_cream":10,"minecraft:glow_ink_sac":8,"minecraft:brown_wool":1,"minecraft:leather":13,"minecraft:tuff":25,"minecraft:oak_log":64,"minecraft:dirt":13,"minecraft:bone":19,"minecraft:wheat_seeds":41,"minecraft:raw_gold":24,"minecraft:spore_blossom":2,"minecraft:iron_ingot":181,"minecraft:cooked_chicken":5,"minecraft:diamond_helmet":4,"minecraft:glowstone_dust":83,"galosphere:raw_silver":58,"minecraft:moss_block":17,"minecraft:iron_sword":6,"minecraft:oak_planks":436,"minecraft:soul_sand":20,"minecraft:cooked_porkchop":163,"minecraft:cracked_nether_bricks":10,"minecraft:axolotl_bucket":1,"minecraft:dandelion":4,"minecraft:raw_iron_block":1,"minecraft:lava_bucket":3,"minecraft:spectral_arrow":3,"minecraft:trapped_chest":4,"minecraft:light_gray_concrete":1,"minecraft:pumpkin_seeds":2,"minecraft:diamond":30,"minecraft:chainmail_leggings":2,"twilightforest:raven_feather":1,"minecraft:iron_helmet":2,"minecraft:golden_apple":3,"minecraft:golden_horse_armor":2,"minecraft:emerald":6,"twilightforest:torchberries":3,"minecraft:coal":55,"minecraft:ender_pearl":3},"minecraft:crafted":{"hangglider:glider_framework":1,"minecraft:oak_planks":256,"hangglider:hang_glider":1,"hangglider:glider_wing":2,"travelersbackpack:magma_cube":1,"minecraft:glass":59,"minecraft:diamond_helmet":1,"minecraft:diamond_leggings":1,"minecraft:iron_boots":1,"minecraft:chest":1,"minecraft:diamond_boots":1,"galosphere:silver_ingot":29,"twilightforest:magic_map_focus":1,"minecraft:cooked_beef":25,"minecraft:red_dye":2,"minecraft:crafting_table":2,"travelersbackpack:backpack_tank":2,"minecraft:iron_helmet":2,"travelersbackpack:standard":1,"minecraft:iron_sword":1,"minecraft:red_wool":2,"minecraft:bucket":3,"minecraft:air":0,"minecraft:bread":3,"travelersbackpack:red_sleeping_bag":1,"simplyswords:iron_scythe":1,"minecraft:wooden_hoe":1,"minecraft:iron_chestplate":2,"minecraft:shield":1,"minecraft:stick":24,"minecraft:iron_pickaxe":1,"minecraft:iron_leggings":1,"minecraft:gold_ingot":12,"minecraft:torch":16,"minecraft:diamond_chestplate":1},"minecraft:killed_by":{"minecraft:player":1,"minecraft:wither_skeleton":2,"minecraft:blaze":1},"minecraft:mined":{"minecraft:tuff":9,"minecraft:deepslate_diamond_ore":22,"minecraft:sculk_vein":3,"minecraft:glow_lichen":1,"minecraft:nether_bricks":3,"minecraft:grass_block":12,"minecraft:decorated_pot":1,"minecraft:redstone_wire":1,"minecraft:spruce_leaves":1,"minecraft:moss_block":6,"minecraft:nether_wart":5,"minecraft:spawner":1,"minecraft:spore_blossom":1,"minecraft:raw_iron_block":1,"minecraft:glowstone":23,"minecraft:cobbled_deepslate":2,"minecraft:fire":4,"minecraft:cave_vines":2,"minecraft:deepslate_iron_ore":6,"minecraft:light_gray_concrete":2,"minecraft:azalea":1,"minecraft:stone":14,"minecraft:tripwire":3,"minecraft:flowering_azalea":1,"minecraft:blackstone":1,"minecraft:soul_sand":4,"galosphere:deepslate_silver_ore":29,"minecraft:dandelion":4,"minecraft:crafting_table":2,"minecraft:cornflower":1,"twilightforest:torchberry_plant":3,"minecraft:poppy":12,"minecraft:calcite":2,"minecraft:tall_grass":3,"minecraft:cobblestone":5,"minecraft:deepslate_gold_ore":12,"minecraft:amethyst_block":4,"minecraft:wheat":10,"minecraft:stone_brick_stairs":1,"minecraft:grass":14,"minecraft:coal_ore":27,"minecraft:dirt":10,"minecraft:smooth_basalt":2,"minecraft:small_dripleaf":1,"minecraft:oak_leaves":2,"minecraft:deepslate":49,"minecraft:fern":1},"minecraft:custom":{"minecraft:interact_with_smithing_table":1,"minecraft:interact_with_anvil":8,"minecraft:mob_kills":158,"minecraft:interact_with_crafting_table":49,"minecraft:open_barrel":50,"minecraft:leave_game":2,"minecraft:time_since_death":38504,"minecraft:climb_one_cm":43137,"minecraft:sprint_one_cm":1043871,"minecraft:walk_one_cm":761441,"minecraft:drop":63,"minecraft:play_time":256204,"minecraft:sneak_time":3468,"minecraft:deaths":6,"minecraft:walk_under_water_one_cm":9850,"minecraft:jump":4405,"minecraft:interact_with_blast_furnace":1,"minecraft:walk_on_water_one_cm":34219,"minecraft:enchant_item":1,"minecraft:total_world_time":256204,"minecraft:interact_with_furnace":31,"minecraft:interact_with_loom":1,"minecraft:sleep_in_bed":1,"minecraft:time_since_rest":38592,"minecraft:waystone_activated":1,"minecraft:damage_taken":7298,"minecraft:damage_absorbed":40,"minecraft:damage_dealt":15524,"minecraft:swim_one_cm":9703,"minecraft:fly_one_cm":1525223,"minecraft:open_chest":94,"minecraft:crouch_one_cm":11202,"minecraft:fall_one_cm":108917,"minecraft:use_cauldron":1,"minecraft:inspect_dispenser":1}},"DataVersion":3465}