{"stats":{"minecraft:killed":{"born_in_chaos_v1:restless_spirit":1,"minecraft:spider":3,"undead_revamp2:thesmoker":1,"enemyexpansion:direwolf":5,"born_in_chaos_v1:zombie_bruiser":1,"undead_revamp2:theswarmer":1,"born_in_chaos_v1:maggot":9,"naturalist:coral_snake":1,"minecraft:skeleton":3,"minecraft:bee":1,"undead_revamp2:therod":1,"born_in_chaos_v1:corpse_fish":2,"minecraft:drowned":3,"undead_revamp2:thespitter":1,"born_in_chaos_v1:barrel_zombie":1,"iceandfire:hippocampus":2,"born_in_chaos_v1:diamond_termite":8,"naturalist:snake":1,"undead_revamp2:the_moonflower":4,"enemyexpansion:sprinter":1,"luminousworld:mourning_cloak":2,"born_in_chaos_v1:zombie_fisherman":1,"enemyexpansion:meature":1,"minecraft:zombie":7,"born_in_chaos_v1:corpse_fly":1,"enemyexpansion:botfly":3,"enemyexpansion:huntsman":2,"born_in_chaos_v1:nightmare_stalker":2,"minecraft:cow":2},"minecraft:killed_by":{"minecraft:player":1,"minecraft:spider":1,"iceandfire:ice_dragon":4},"minecraft:mined":{"minecraft:large_amethyst_bud":3,"minecraft:tuff":499,"minecraft:white_bed":1,"iceandfire:silver_ore":12,"minecraft:mossy_cobblestone":2,"minecraft:deepslate_diamond_ore":46,"born_in_chaos_v1:infected_diamond_ore":8,"minecraft:obsidian":4,"minecraft:budding_amethyst":1,"minecraft:granite":38,"minecraft:grass_block":4,"iceandfire:frozen_grass":5,"born_in_chaos_v1:black_argillite":30,"luminousworld:grassvariant_2":4,"minecraft:spruce_leaves":3,"minecraft:hay_block":11,"minecraft:raw_iron_block":2,"minecraft:iron_ore":12,"minecraft:cobbled_deepslate":3,"minecraft:fire":1,"minecraft:andesite":146,"minecraft:deepslate_lapis_ore":3,"minecraft:bookshelf":26,"minecraft:deepslate_iron_ore":23,"ecologics:walnut_log":4,"minecraft:stone":769,"minecraft:deepslate_redstone_ore":19,"minecraft:medium_amethyst_bud":2,"minecraft:amethyst_cluster":4,"born_in_chaos_v1:infected_deepslate_diamond_ore":4,"minecraft:crafting_table":7,"minecraft:torch":1,"minecraft:calcite":29,"ecologics:walnut_leaves":29,"minecraft:copper_ore":1,"minecraft:tall_grass":1,"minecraft:deepslate_gold_ore":19,"minecraft:lapis_ore":2,"minecraft:diorite":20,"minecraft:amethyst_block":9,"supplementaries:urn":2,"minecraft:ice":1,"minecraft:wheat":2,"minecraft:spruce_log":8,"minecraft:grass":25,"minecraft:oak_log":16,"minecraft:coal_ore":16,"luminousworld:ishstone":14,"minecraft:gravel":24,"minecraft:dirt":111,"minecraft:sand":1225,"luminousworld:grassvariant_3":5,"minecraft:cobweb":4,"minecraft:smooth_basalt":46,"minecraft:oak_leaves":1,"minecraft:deepslate":4927},"minecraft:used":{"minecraft:iron_shovel":244,"minecraft:stone_sword":117,"minecraft:enchanting_table":1,"minecraft:iron_sword":344,"vanillaplustools:stone_hammer":224,"minecraft:iron_chestplate":1,"minecraft:stick":3,"minecraft:torch":19,"minecraft:dirt":87,"iceandfire:frozen_grass":4,"minecraft:lava_bucket":6,"minecraft:bookshelf":27,"minecraft:lantern":2,"minecraft:iron_helmet":2,"minecraft:iron_boots":1,"vanillaplustools:wooden_shovel":124,"supplementaries:ash":1,"minecraft:furnace":1,"ecologics:walnut":1,"tombstone:gift":4,"minecraft:egg":2,"minecraft:cooked_beef":54,"minecraft:potato":1,"minecraft:cobbled_deepslate":123,"minecraft:iron_leggings":1,"minecraft:water_bucket":11,"minecraft:oak_planks":72,"minecraft:stone_pickaxe":93,"minecraft:wooden_pickaxe":16,"ecologics:walnut_sapling":5,"minecraft:cookie":3,"vanillaplustools:diamond_hammer":2,"minecraft:sand":3,"minecraft:crafting_table":10,"minecraft:white_bed":1,"minecraft:diamond_pickaxe":6,"minecraft:suspicious_stew":1,"minecraft:bread":52,"minecraft:iron_pickaxe":243,"minecraft:stone_axe":17,"ecologics:coconut_slice":2,"minecraft:diamond_sword":252,"minecraft:cobblestone":3,"vanillaplustools:iron_hammer":500,"minecraft:bucket":18,"alexsmobs:animal_dictionary":3,"minecraft:golden_pickaxe":32},"minecraft:crafted":{"minecraft:oak_planks":200,"minecraft:raw_iron":18,"vanillaplustools:stone_hammer":2,"quark:sturdy_stone":1,"minecraft:furnace":1,"minecraft:bone_meal":3,"minecraft:bookshelf":27,"minecraft:diamond":1,"vanillaplustools:iron_hammer":2,"minecraft:diamond_helmet":1,"minecraft:diamond_leggings":1,"minecraft:stone_pickaxe":10,"minecraft:diamond_boots":1,"vanillaplustools:wooden_shovel":3,"minecraft:wheat":99,"minecraft:wooden_shovel":27,"minecraft:diamond_sword":1,"sophisticatedbackpacks:backpack":1,"minecraft:crafting_table":2,"minecraft:spruce_planks":48,"minecraft:enchanting_table":1,"minecraft:wooden_pickaxe":1,"minecraft:iron_helmet":1,"minecraft:iron_sword":1,"minecraft:bucket":2,"minecraft:bread":52,"minecraft:diamond_pickaxe":1,"minecraft:stick":128,"minecraft:iron_ingot":54,"minecraft:iron_pickaxe":18,"minecraft:stone_sword":1,"minecraft:iron_shovel":1,"minecraft:torch":20,"minecraft:diamond_chestplate":1},"minecraft:broken":{"vanillaplustools:iron_hammer":2,"minecraft:iron_boots":1,"vanillaplustools:wooden_shovel":2,"vanillaplustools:stone_hammer":1,"minecraft:iron_helmet":1,"minecraft:golden_pickaxe":1},"minecraft:custom":{"minecraft:mob_kills":79,"minecraft:interact_with_crafting_table":99,"minecraft:open_barrel":65,"minecraft:damage_dealt_resisted":18,"minecraft:leave_game":9,"minecraft:time_since_death":32209,"minecraft:climb_one_cm":1415,"minecraft:sprint_one_cm":641904,"minecraft:walk_one_cm":658863,"minecraft:drop":405,"minecraft:damage_dealt_absorbed":120,"minecraft:talked_to_villager":1,"minecraft:play_time":313969,"minecraft:sneak_time":2161,"minecraft:deaths":6,"minecraft:walk_under_water_one_cm":167051,"minecraft:jump":4417,"minecraft:walk_on_water_one_cm":133330,"minecraft:enchant_item":2,"minecraft:total_world_time":313969,"minecraft:interact_with_furnace":10,"minecraft:interact_with_grindstone":1,"minecraft:sleep_in_bed":3,"minecraft:time_since_rest":30077,"minecraft:damage_taken":8162,"minecraft:damage_dealt":17757,"tombstone:cast_on_ally":1,"minecraft:swim_one_cm":358537,"minecraft:fly_one_cm":852219,"minecraft:open_chest":53,"minecraft:crouch_one_cm":1556,"tombstone:undead_killed":28,"minecraft:fall_one_cm":91367},"minecraft:picked_up":{"minecraft:iron_chestplate":4,"minecraft:crafting_table":11,"born_in_chaos_v1:diamond_termite_shard":9,"minecraft:wheat":2,"minecraft:chicken":1,"minecraft:golden_pickaxe":1,"minecraft:fire_coral":1,"minecraft:amethyst_block":9,"born_in_chaos_v1:black_argillite":2,"iceandfire:frozen_grass":4,"minecraft:string":9,"minecraft:iron_leggings":1,"minecraft:pufferfish":1,"ecologics:walnut_sapling":5,"minecraft:cobbled_deepslate":1252,"minecraft:spruce_planks":69,"minecraft:wooden_shovel":37,"minecraft:poppy":1,"minecraft:egg":2,"minecraft:stick":20,"minecraft:raw_iron":86,"ecologics:walnut_log":4,"ecologics:coconut_slice":6,"born_in_chaos_v1:phantom_powder":4,"minecraft:cookie":5,"tombstone:grave_dust":12,"minecraft:diorite":17,"born_in_chaos_v1:nightmare_claw":2,"born_in_chaos_v1:pieceofdarkmetal":1,"minecraft:stone_sword":2,"minecraft:rotten_flesh":22,"minecraft:hay_block":11,"minecraft:iron_block":1,"supplementaries:ash":7,"minecraft:obsidian":4,"minecraft:cobblestone":548,"born_in_chaos_v1:corpse_maggot":2,"ecologics:walnut":8,"minecraft:cooked_beef":8,"minecraft:glow_ink_sac":2,"minecraft:andesite":16,"minecraft:leather":4,"vanillaplustools:diamond_hammer":1,"minecraft:potato":1,"minecraft:flint":5,"minecraft:oak_log":18,"minecraft:tuff":378,"minecraft:chainmail_chestplate":1,"iceandfire:ectoplasm":1,"tombstone:voodoo_poppet":1,"minecraft:lapis_lazuli":19,"minecraft:dirt":113,"minecraft:lantern":5,"tombstone:gift":3,"born_in_chaos_v1:monster_skin":8,"minecraft:bone":3,"supplementaries:cartographers_quill":1,"undead_revamp2:blacpetalblock":1,"minecraft:wheat_seeds":8,"minecraft:raw_gold":33,"minecraft:iron_ingot":2,"minecraft:stone_pickaxe":9,"ecologics:crab_meat":1,"minecraft:oak_planks":62,"minecraft:iron_sword":3,"minecraft:book":78,"born_in_chaos_v1:ethereal_spirit":1,"minecraft:sand":536,"minecraft:raw_iron_block":2,"minecraft:gravel":17,"iceandfire:shiny_scales":5,"minecraft:amethyst_shard":18,"minecraft:white_bed":1,"minecraft:spruce_log":12,"alexsmobs:animal_dictionary":1,"minecraft:diamond":46,"minecraft:chainmail_leggings":1,"minecraft:granite":37,"minecraft:bread":1,"born_in_chaos_v1:rotten_fish":1,"minecraft:coal":33,"iceandfire:raw_silver":11},"minecraft:dropped":{"minecraft:iron_sword":3,"minecraft:wheat_seeds":2,"minecraft:oak_log":2,"ecologics:crab_meat":1,"minecraft:glow_ink_sac":2,"minecraft:golden_pickaxe":1,"minecraft:crafting_table":3,"ecologics:coconut_slice":4,"minecraft:cookie":2,"minecraft:iron_helmet":1,"minecraft:cobblestone":124,"minecraft:book":1,"minecraft:granite":37,"iceandfire:ectoplasm":1,"minecraft:coal":31,"minecraft:pufferfish":1,"minecraft:stick":13,"minecraft:flint":4,"minecraft:iron_block":1,"minecraft:dirt":26,"born_in_chaos_v1:black_argillite":1,"minecraft:torch":1,"tombstone:grave_dust":5,"minecraft:iron_leggings":2,"minecraft:sand":384,"minecraft:iron_pickaxe":1,"undead_revamp2:blacpetalblock":1,"minecraft:iron_shovel":1,"minecraft:string":9,"tombstone:voodoo_poppet":1,"vanillaplustools:diamond_hammer":1,"minecraft:gravel":12,"minecraft:stone_sword":3,"alexsmobs:animal_dictionary":1,"minecraft:cobbled_deepslate":886,"minecraft:bowl":1,"minecraft:tuff":379,"tombstone:gift":3,"minecraft:raw_iron":52,"quark:sturdy_stone":1,"minecraft:rotten_flesh":19,"minecraft:oak_planks":74,"minecraft:filled_map":2,"minecraft:poppy":4,"supplementaries:ash":6,"ecologics:walnut":7,"minecraft:spruce_planks":72,"minecraft:iron_chestplate":4,"vanillaplustools:wooden_shovel":1,"minecraft:fire_coral":1,"born_in_chaos_v1:corpse_maggot":2,"minecraft:wooden_shovel":37,"ecologics:coconut_husk":2,"minecraft:stone_pickaxe":1,"minecraft:wooden_pickaxe":1,"minecraft:raw_gold":14,"iceandfire:manuscript":1}},"DataVersion":3465}