{"stats":{"minecraft:killed":{"minecraft:spider":2,"minecraft:vindicator":2,"minecraft:skeleton":14,"minecraft:magma_cube":42,"minecraft:zombie_villager":1,"minecraft:sheep":3,"minecraft:pillager":1,"minecraft:zombie":8,"minecraft:glow_squid":2,"minecraft:wither_skeleton":9,"minecraft:blaze":4,"minecraft:enderman":1,"minecraft:cow":12},"minecraft:used":{"moonsweaponry:diamond_greatsword":186,"minecraft:moss_block":3,"minecraft:moss_carpet":1,"minecraft:flint_and_steel":5,"minecraft:decorated_pot":1,"minecraft:iron_sword":16,"minecraft:iron_chestplate":1,"minecraft:torch":5,"minecraft:diamond_helmet":1,"minecraft:axolotl_bucket":1,"minecraft:iron_helmet":1,"minecraft:cobbled_deepslate":35,"minecraft:iron_leggings":1,"minecraft:wheat_seeds":10,"minecraft:water_bucket":3,"minecraft:oak_planks":68,"minecraft:golden_apple":1,"minecraft:crafting_table":1,"minecraft:iron_pickaxe":225,"minecraft:diamond_sword":60,"minecraft:cooked_porkchop":49,"minecraft:bucket":6},"minecraft:dropped":{"minecraft:enchanted_book":1,"minecraft:iron_ingot":13,"minecraft:moss_block":6,"minecraft:wheat_seeds":16,"minecraft:diamond":4,"minecraft:iron_helmet":1,"minecraft:coal":2,"minecraft:stick":4,"minecraft:iron_leggings":1,"minecraft:axolotl_bucket":1,"minecraft:raw_iron_block":1,"minecraft:gold_ingot":16,"minecraft:bone":5,"minecraft:cobbled_deepslate":64,"minecraft:tuff":25,"minecraft:raw_iron":3,"minecraft:rotten_flesh":6,"minecraft:oak_planks":104,"minecraft:iron_boots":1,"minecraft:light_gray_concrete":1,"minecraft:pumpkin_seeds":1},"minecraft:picked_up":{"minecraft:iron_chestplate":2,"minecraft:crafting_table":2,"minecraft:wheat":30,"minecraft:nether_wart":11,"minecraft:nether_brick_fence":2,"minecraft:clay_ball":124,"minecraft:diamond_sword":2,"minecraft:enchanted_book":5,"minecraft:moss_carpet":1,"minecraft:raw_copper":1,"minecraft:item_frame":3,"minecraft:flint_and_steel":1,"minecraft:iron_leggings":3,"minecraft:blackstone":1,"minecraft:diamond_leggings":1,"moonsweaponry:diamond_greatsword":2,"minecraft:cobbled_deepslate":51,"minecraft:bucket":1,"minecraft:beef":25,"minecraft:poppy":22,"minecraft:iron_pickaxe":2,"minecraft:iron_boots":3,"minecraft:raw_iron":13,"minecraft:big_dripleaf":2,"minecraft:torch":12,"minecraft:fire_charge":2,"minecraft:stone_sword":1,"minecraft:rotten_flesh":6,"minecraft:arrow":10,"minecraft:diamond_chestplate":1,"minecraft:tropical_fish":2,"minecraft:decorated_pot":1,"minecraft:nether_bricks":4,"minecraft:diamond_boots":1,"minecraft:gold_ingot":10,"minecraft:blaze_powder":2,"minecraft:blaze_rod":3,"minecraft:obsidian":2,"minecraft:glow_berries":2,"minecraft:mutton":4,"minecraft:white_wool":2,"minecraft:cobblestone":8,"minecraft:magma_block":1,"minecraft:magma_cream":2,"minecraft:glow_ink_sac":8,"minecraft:leather":13,"minecraft:brown_wool":1,"minecraft:tuff":25,"minecraft:oak_log":64,"minecraft:bone":16,"minecraft:wheat_seeds":41,"minecraft:raw_gold":24,"minecraft:spore_blossom":2,"minecraft:iron_ingot":179,"minecraft:diamond_helmet":1,"minecraft:glowstone_dust":83,"galosphere:raw_silver":58,"minecraft:moss_block":17,"minecraft:soul_sand":4,"minecraft:oak_planks":436,"minecraft:iron_sword":2,"minecraft:cooked_porkchop":160,"minecraft:cracked_nether_bricks":2,"minecraft:axolotl_bucket":1,"minecraft:raw_iron_block":1,"minecraft:spectral_arrow":1,"minecraft:trapped_chest":1,"minecraft:light_gray_concrete":1,"minecraft:pumpkin_seeds":2,"minecraft:diamond":30,"minecraft:iron_helmet":2,"minecraft:golden_apple":3,"minecraft:emerald":6,"minecraft:coal":55,"minecraft:ender_pearl":3},"minecraft:crafted":{"hangglider:glider_framework":1,"minecraft:oak_planks":256,"hangglider:hang_glider":1,"hangglider:glider_wing":2,"minecraft:glass":59,"minecraft:diamond_helmet":1,"minecraft:diamond_leggings":1,"minecraft:iron_boots":1,"minecraft:chest":1,"minecraft:diamond_boots":1,"galosphere:silver_ingot":29,"minecraft:cooked_beef":25,"minecraft:red_dye":2,"minecraft:crafting_table":1,"travelersbackpack:backpack_tank":2,"minecraft:iron_helmet":1,"travelersbackpack:standard":1,"minecraft:iron_sword":1,"minecraft:red_wool":2,"minecraft:bucket":2,"minecraft:bread":3,"minecraft:air":0,"travelersbackpack:red_sleeping_bag":1,"minecraft:iron_chestplate":1,"minecraft:stick":20,"minecraft:iron_pickaxe":1,"minecraft:iron_leggings":1,"minecraft:gold_ingot":12,"minecraft:torch":16,"minecraft:diamond_chestplate":1},"minecraft:killed_by":{"minecraft:wither_skeleton":1},"minecraft:mined":{"minecraft:tuff":9,"minecraft:deepslate_diamond_ore":22,"minecraft:nether_bricks":3,"minecraft:glow_lichen":1,"minecraft:grass_block":3,"minecraft:decorated_pot":1,"minecraft:redstone_wire":1,"minecraft:spruce_leaves":1,"minecraft:moss_block":6,"minecraft:nether_wart":5,"minecraft:spore_blossom":1,"minecraft:raw_iron_block":1,"minecraft:glowstone":23,"minecraft:fire":4,"minecraft:cobbled_deepslate":2,"minecraft:cave_vines":2,"minecraft:deepslate_iron_ore":6,"minecraft:light_gray_concrete":2,"minecraft:azalea":1,"minecraft:stone":14,"minecraft:tripwire":3,"minecraft:flowering_azalea":1,"minecraft:blackstone":1,"minecraft:soul_sand":4,"galosphere:deepslate_silver_ore":29,"minecraft:crafting_table":1,"minecraft:calcite":2,"minecraft:poppy":12,"minecraft:tall_grass":3,"minecraft:cobblestone":5,"minecraft:deepslate_gold_ore":12,"minecraft:amethyst_block":4,"minecraft:wheat":10,"minecraft:stone_brick_stairs":1,"minecraft:grass":4,"minecraft:coal_ore":27,"minecraft:dirt":6,"minecraft:smooth_basalt":2,"minecraft:small_dripleaf":1,"minecraft:oak_leaves":2,"minecraft:deepslate":49,"minecraft:fern":1},"minecraft:custom":{"minecraft:mob_kills":102,"minecraft:interact_with_anvil":5,"minecraft:interact_with_crafting_table":29,"minecraft:open_barrel":48,"minecraft:leave_game":1,"minecraft:time_since_death":1843,"minecraft:climb_one_cm":29623,"minecraft:sprint_one_cm":674800,"minecraft:walk_one_cm":570565,"minecraft:drop":60,"minecraft:play_time":191229,"minecraft:deaths":3,"minecraft:sneak_time":2373,"minecraft:walk_under_water_one_cm":5625,"minecraft:jump":3105,"minecraft:interact_with_blast_furnace":1,"minecraft:walk_on_water_one_cm":33212,"minecraft:enchant_item":1,"minecraft:total_world_time":191229,"minecraft:interact_with_furnace":28,"minecraft:interact_with_loom":1,"minecraft:sleep_in_bed":1,"minecraft:time_since_rest":1880,"minecraft:damage_taken":5329,"minecraft:damage_absorbed":40,"minecraft:damage_dealt":12213,"minecraft:swim_one_cm":9703,"minecraft:fly_one_cm":623296,"minecraft:open_chest":58,"minecraft:crouch_one_cm":6901,"minecraft:use_cauldron":1,"minecraft:fall_one_cm":81328,"minecraft:inspect_dispenser":1}},"DataVersion":3465}