{"stats":{"minecraft:custom":{"minecraft:interact_with_crafting_table":168,"minecraft:open_barrel":210,"minecraft:leave_game":26,"minecraft:time_since_death":127462,"minecraft:damage_blocked_by_shield":160,"minecraft:play_time":1219464,"minecraft:deaths":29,"minecraft:jump":20228,"tombstone:kill_undead_boss":1,"minecraft:enchant_item":8,"minecraft:interact_with_furnace":26,"minecraft:traded_with_villager":8,"minecraft:sleep_in_bed":14,"minecraft:damage_dealt":178839,"tombstone:undead_killed":499,"minecraft:inspect_dispenser":2,"minecraft:interact_with_smithing_table":1,"minecraft:interact_with_anvil":31,"twilightforest:keeping_charms_activated":1,"minecraft:damage_dealt_absorbed":235,"minecraft:sneak_time":8882,"minecraft:total_world_time":1219464,"tombstone:raider_killed":28,"minecraft:time_since_rest":127223,"tombstone:cast_on_ally":1,"minecraft:swim_one_cm":977993,"minecraft:fly_one_cm":6463158,"minecraft:open_chest":415,"minecraft:fall_one_cm":463621,"minecraft:sprint_one_cm":4089272,"minecraft:drop":1245,"minecraft:talked_to_villager":6,"minecraft:walk_on_water_one_cm":465010,"twilightforest:uncrafting_table_interactions":9,"minecraft:interact_with_loom":1,"minecraft:player_kills":1,"minecraft:crouch_one_cm":13203,"minecraft:mob_kills":1119,"minecraft:damage_dealt_resisted":2266,"minecraft:climb_one_cm":43937,"minecraft:walk_one_cm":3153391,"tombstone:consume_soul":1,"minecraft:walk_under_water_one_cm":402696,"minecraft:boat_one_cm":736040,"minecraft:interact_with_grindstone":28,"minecraft:damage_taken":37719,"minecraft:damage_absorbed":80,"minecraft:trigger_trapped_chest":7},"minecraft:picked_up":{"twilightforest:lich_trophy":1,"minecraft:iron_chestplate":9,"minecraft:chainmail_boots":1,"minecraft:prismarine_shard":3,"twilightforest:naga_trophy":1,"minecraft:diamond_sword":10,"minecraft:oak_stairs":1,"minecraft:enchanted_book":2,"minecraft:amethyst_block":9,"twilightforest:alpha_yeti_trophy":1,"minecraft:string":27,"minecraft:pufferfish":1,"minecraft:beetroot":1,"minecraft:diamond_leggings":1,"minecraft:gold_nugget":1,"minecraft:cobbled_deepslate":1901,"minecraft:spruce_planks":78,"minecraft:written_book":1,"hangglider:hang_glider":1,"minecraft:golden_helmet":1,"minecraft:acacia_log":3,"iceandfire:lightning_dragon_flesh":6,"minecraft:warped_planks":12,"luminousworld:grassflowers":1,"minecraft:stone_sword":4,"minecraft:vex_armor_trim_smithing_template":1,"minecraft:iron_block":4,"tombstone:scroll_of_aquatic_life":2,"supplementaries:ash":107,"minecraft:iron_bars":20,"minecraft:feather":13,"minecraft:cooked_beef":60,"minecraft:brown_wool":1,"minecraft:jungle_wood":3,"vanillaplustools:diamond_hammer":1,"minecraft:flint":5,"minecraft:lantern":6,"supplementaries:cartographers_quill":1,"undead_revamp2:blacpetalblock":1,"luminousworld:elephant_grass":4,"twilightforest:mazestone_brick":4,"iceandfire:dragonscales_sapphire":20,"iceandfire:shiny_scales":18,"iceandfire:lightning_dragon_heart":2,"minecraft:dark_oak_log":2,"alexsmobs:animal_dictionary":1,"naturalist:duck_egg":2,"undead_revamp2:heavytooth":1,"minecraft:bundle":4,"minecraft:iron_hoe":7,"minecraft:writable_book":1,"minecraft:granite":37,"minecraft:chainmail_helmet":2,"minecraft:bread":6,"alexsmobs:maggot":4,"born_in_chaos_v1:rotten_fish":15,"minecraft:crimson_roots":13,"iceandfire:raw_silver":19,"minecraft:diamond_pickaxe":1,"iceandfire:dragon_skull_lightning":4,"luminousworld:groundpebbles_1":16,"minecraft:mud":1,"minecraft:crafting_table":11,"minecraft:coarse_dirt":2,"minecraft:nether_wart":70,"iceandfire:witherbone":7,"twilightforest:cooked_meef":1,"born_in_chaos_v1:seedof_chaos":3,"minecraft:golden_pickaxe":1,"minecraft:fire_coral":1,"iceandfire:frozen_grass":4,"minecraft:flint_and_steel":1,"twilightforest:filled_magic_map":2,"born_in_chaos_v1:intoxicating_decoction":2,"minecraft:iron_shovel":1,"minecraft:cracked_stone_bricks":1,"minecraft:beef":3,"born_in_chaos_v1:gnawed_bones":2,"minecraft:iron_nugget":6,"minecraft:poppy":1,"minecraft:spruce_slab":1,"minecraft:egg":3,"naturalist:duck":1,"sophisticatedbackpacks:backpack":1,"minecraft:white_dye":2,"born_in_chaos_v1:pieceofdarkmetal":5,"minecraft:carrot":6,"minecraft:mangrove_trapdoor":1,"iceandfire:dragon_skull_ice":5,"mowziesmobs:umvuthana_mask_faith":1,"twilightforest:mazestone":1,"minecraft:diamond_chestplate":1,"minecraft:diamond_boots":1,"minecraft:hay_block":18,"mowziesmobs:umvuthana_mask_bliss":1,"born_in_chaos_v1:spiny_shell":1,"minecraft:gold_ingot":6,"tombstone:essence_of_undeath":3,"minecraft:mutton":2,"minecraft:oxeye_daisy":2,"iceandfire:sea_serpent_fang":1,"born_in_chaos_v1:monster_flesh":14,"born_in_chaos_v1:pumpkin_staff":2,"iceandfire:armor_sapphire_leggings":1,"minecraft:oak_log":22,"minecraft:golden_boots":3,"alexsmobs:mosquito_proboscis":3,"minecraft:paper":49,"tombstone:gift":4,"born_in_chaos_v1:soul_cutlass":1,"minecraft:kelp":8,"minecraft:stone_pickaxe":21,"tombstone:bag_of_seeds":12,"minecraft:glass_bottle":3,"minecraft:iron_sword":16,"twilightforest:cracked_mazestone":1,"quark:vertical_oak_planks":3,"iceandfire:copper_nugget":48,"born_in_chaos_v1:ethereal_spirit":14,"minecraft:gravel":22,"minecraft:spruce_sapling":4,"born_in_chaos_v1:fangofthe_hound_leader":3,"minecraft:spruce_log":12,"minecraft:leather_helmet":1,"minecraft:slime_ball":5,"undead_revamp2:beespheromones":2,"minecraft:scute":1,"minecraft:painting":16,"iceandfire:ice_dragon_flesh":2,"mowziesmobs:umvuthana_mask_fear":1,"minecraft:baked_potato":1,"minecraft:ender_pearl":2,"minecraft:wheat":51,"illagerinvasion:platinum_chunk":5,"tombstone:tablet_of_home":1,"earthmobsmod:fancy_egg":1,"minecraft:stone_brick_stairs":1,"minecraft:crimson_planks":77,"born_in_chaos_v1:holiday_candy":25,"born_in_chaos_v1:black_argillite":2,"mutantmonsters:mutant_skeleton_skull":1,"minecraft:raw_copper":2,"minecraft:iron_leggings":9,"alexsmobs:blood_sac":12,"minecraft:wooden_shovel":37,"minecraft:iron_pickaxe":3,"minecraft:iron_boots":5,"minecraft:stick":85,"minecraft:acacia_fence":1,"iceandfire:crackled_dirt":1,"ecologics:walnut_log":4,"minecraft:oak_fence":1,"born_in_chaos_v1:phantom_powder":4,"minecraft:torch":42,"luminousworld:savannah_soil":4,"iceandfire:crackled_gravel":1,"iceandfire:lightning_dragon_blood":3,"tombstone:grave_dust":77,"minecraft:diorite":17,"born_in_chaos_v1:nightmare_claw":4,"enemyexpansion:meathead_helmet":1,"quark:ancient_tome":1,"minecraft:rotten_flesh":532,"born_in_chaos_v1:sea_terror_eye":4,"luminousworld:tall_deadbush":7,"mutantmonsters:mutant_skeleton_shoulder_pad":1,"minecraft:obsidian":4,"minecraft:cod":1,"minecraft:cobblestone":564,"minecraft:nautilus_shell":1,"luminousworld:savannah_ground":1,"ecologics:walnut":8,"twilightforest:twilight_oak_log":1,"minecraft:andesite":16,"twilightforest:twilight_oak_wood":2,"minecraft:golden_leggings":1,"minecraft:potato":3,"minecraft:tuff":378,"twilightforest:minoshroom_trophy":1,"supplementaries:flax_seeds":5,"minecraft:lapis_lazuli":36,"minecraft:dirt":198,"born_in_chaos_v1:monster_skin":23,"minecraft:leather_boots":1,"minecraft:bone":68,"minecraft:bow":3,"minecraft:wheat_seeds":145,"minecraft:raw_gold":33,"twilightforest:decorative_mazestone":10,"minecraft:oak_planks":95,"friendsandfoes:totem_of_freezing":1,"minecraft:cooked_porkchop":20,"minecraft:sand":541,"sophisticatedbackpacks:jukebox_upgrade":1,"iceandfire:dragonbone_sword_lightning":2,"born_in_chaos_v1:fire_dust":6,"twilightforest:twilight_oak_sapling":1,"minecraft:diamond":102,"iceandfire:dragon_ice":3,"minecraft:cracked_polished_blackstone_bricks":17,"minecraft:bone_meal":2,"minecraft:emerald":17,"twilightforest:arctic_fur":4,"minecraft:netherrack":16,"born_in_chaos_v1:sea_terror_stomach":1,"born_in_chaos_v1:diamond_termite_shard":9,"minecraft:chicken":1,"minecraft:brown_mushroom":5,"luminousworld:bao_bob_wood":2,"minecraft:gold_block":17,"minecraft:diamond_horse_armor":2,"twilightforest:nagastone":1,"minecraft:iron_axe":1,"minecraft:item_frame":2,"minecraft:blackstone":3,"ecologics:walnut_sapling":5,"twilightforest:nagastone_head":1,"minecraft:oak_boat":2,"minecraft:sugar_cane":10,"iceandfire:ice_dragon_heart":1,"minecraft:raw_iron":86,"iceandfire:dragonbone":89,"ecologics:coconut_slice":6,"minecraft:copper_ingot":5,"minecraft:gray_dye":1,"minecraft:polished_blackstone_bricks":18,"minecraft:cookie":25,"minecraft:dark_oak_planks":3,"supplementaries:sign_post_oak":1,"minecraft:arrow":192,"minecraft:saddle":2,"born_in_chaos_v1:fused_bone":3,"born_in_chaos_v1:corpse_maggot":51,"minecraft:basalt":3,"minecraft:glow_ink_sac":2,"minecraft:crimson_stem":3,"minecraft:salmon":2,"minecraft:leather":17,"quark:smithing_template_rune":1,"minecraft:crimson_fungus":1,"minecraft:chainmail_chestplate":4,"iceandfire:ectoplasm":1,"minecraft:gunpowder":100,"tombstone:voodoo_poppet":1,"minecraft:iron_ingot":24,"ecologics:crab_meat":1,"luminousworld:white_petunias":1,"minecraft:soul_sand":24,"minecraft:book":85,"minecraft:pumpkin":5,"minecraft:quartz":7,"minecraft:dandelion":12,"minecraft:raw_iron_block":2,"luminousworld:sunset_petunias":2,"born_in_chaos_v1:dark_rod":3,"minecraft:amethyst_shard":18,"minecraft:white_bed":7,"minecraft:spider_eye":4,"twilightforest:meef_stroganoff":1,"mowziesmobs:naga_fang":2,"minecraft:chainmail_leggings":8,"minecraft:iron_helmet":4,"iceandfire:sea_serpent_scales_red":2,"tombstone:magic_scroll":14,"minecraft:coal":46},"minecraft:used":{"mowziesmobs:umvuthana_mask_fear":1,"iceandfire:dragon_skull_ice":1,"earthmobsmod:fancy_egg":1,"enemyexpansion:meathead_helmet":1,"born_in_chaos_v1:soul_cutlass":104,"iceandfire:frozen_grass":4,"minecraft:lava_bucket":7,"twilightforest:twilight_oak_planks":4,"minecraft:stone_brick_stairs":1,"friendsandfoes:totem_of_freezing":1,"vanillaplustools:wooden_shovel":124,"minecraft:bow":488,"supplementaries:ash":1,"minecraft:furnace":1,"minecraft:acacia_fence":1,"minecraft:egg":3,"minecraft:potato":4,"minecraft:damaged_anvil":1,"minecraft:blackstone":3,"minecraft:wooden_pickaxe":16,"naturalist:duck_egg":2,"minecraft:cookie":23,"minecraft:golden_apple":2,"minecraft:sand":3,"born_in_chaos_v1:holiday_candy":3,"minecraft:diamond_sword":3167,"minecraft:oak_boat":8,"minecraft:enchanting_table":1,"minecraft:stone_sword":117,"luminousworld:tall_deadbush":2,"vanillaplustools:stone_hammer":486,"minecraft:netherrack":12,"minecraft:stick":3,"minecraft:torch":44,"minecraft:chainmail_chestplate":1,"born_in_chaos_v1:sea_terror_eye":1,"minecraft:diamond_chestplate":3,"minecraft:basalt":3,"luminousworld:savannah_soil":1,"ecologics:walnut":1,"tombstone:gift":4,"minecraft:cobbled_deepslate":123,"minecraft:crimson_stem":3,"minecraft:wheat_seeds":34,"minecraft:water_bucket":37,"minecraft:polished_blackstone_bricks":18,"minecraft:cracked_stone_bricks":1,"minecraft:crafting_table":13,"minecraft:white_bed":6,"minecraft:diamond_pickaxe":345,"minecraft:oxeye_daisy":1,"minecraft:iron_pickaxe":243,"minecraft:suspicious_stew":1,"minecraft:spruce_sapling":1,"minecraft:cobblestone":13,"vanillaplustools:iron_hammer":750,"minecraft:cooked_porkchop":21,"minecraft:dandelion":12,"minecraft:diamond_leggings":3,"minecraft:iron_shovel":244,"minecraft:shield":10,"minecraft:iron_sword":1168,"luminousworld:savannah_ground":1,"minecraft:iron_chestplate":9,"minecraft:carrot":2,"born_in_chaos_v1:corpse_maggot":21,"minecraft:lantern":2,"minecraft:iron_helmet":3,"luminousworld:elephant_grass":3,"minecraft:written_book":2,"minecraft:golden_boots":1,"minecraft:diamond_boots":2,"minecraft:stone_pickaxe":93,"minecraft:oak_planks":74,"vanillaplustools:diamond_hammer":2,"iceandfire:dragonbone_sword_lightning":47,"minecraft:melon_slice":29,"minecraft:bread":128,"minecraft:brown_wool":1,"ecologics:coconut_slice":2,"born_in_chaos_v1:rotten_fish":1,"minecraft:golden_pickaxe":32,"minecraft:flint_and_steel":9,"minecraft:dirt":123,"minecraft:diamond_helmet":2,"minecraft:dark_oak_planks":11,"minecraft:bookshelf":27,"minecraft:iron_boots":1,"minecraft:crimson_planks":40,"minecraft:cooked_beef":313,"minecraft:iron_leggings":1,"twilightforest:mazestone_brick":1,"ecologics:walnut_sapling":5,"minecraft:jungle_wood":3,"luminousworld:white_petunias":1,"tombstone:tablet_of_home":2,"tombstone:bag_of_seeds":4,"minecraft:cracked_polished_blackstone_bricks":17,"minecraft:stone_axe":17,"minecraft:bucket":46,"minecraft:pumpkin_pie":1,"alexsmobs:animal_dictionary":3},"minecraft:killed":{"illagerinvasion:archivist":1,"minecraft:cave_spider":4,"born_in_chaos_v1:mr_pumpkin":6,"born_in_chaos_v1:restless_spirit":3,"born_in_chaos_v1:zombie_lumberjack":1,"born_in_chaos_v1:skeleton_demoman":1,"born_in_chaos_v1:door_knight_not_despawn":1,"born_in_chaos_v1:sir_the_headless":1,"enemyexpansion:equestrian":3,"luminousworld:frost_bitten_skeleton":3,"undead_revamp2:axestrom":1,"twilightforest:maze_slime":1,"twilightforest:lich_minion":1,"born_in_chaos_v1:siamese_skeletonsright":2,"undead_revamp2:theswarmer":4,"minecraft:skeleton":30,"luminousworld:ringlet":1,"twilightforest:lich":1,"mowziesmobs:umvuthana_crane":13,"undead_revamp2:thespitter":4,"minecraft:magma_cube":50,"naturalist:snake":1,"born_in_chaos_v1:bone_imp":3,"undead_revamp2:theheavy":1,"mutantmonsters:mutant_skeleton":1,"minecraft:pillager":10,"enemyexpansion:meature":2,"minecraft:zombie":342,"alexsmobs:cachalot_whale":1,"born_in_chaos_v1:corpse_fly":6,"enemyexpansion:botfly":108,"iceandfire:lightning_dragon":1,"twilightforest:lower_goblin_knight":1,"twilightforest:winter_wolf":1,"mowziesmobs:naga":7,"iceandfire:sea_serpent":1,"minecraft:cow":10,"luminousworld:frostbitten_zombie":2,"twilightforest:deer":2,"minecraft:vindicator":15,"undead_revamp2:bomber":1,"born_in_chaos_v1:firelight":11,"born_in_chaos_v1:pumpkinhead":1,"naturalist:coral_snake":1,"born_in_chaos_v1:dire_hound_leader":2,"twilightforest:loyal_zombie":1,"twilightforest:death_tome":4,"born_in_chaos_v1:barrel_zombie":4,"iceandfire:hippocampus":5,"minecraft:husk":1,"undead_revamp2:the_moonflower":10,"enemyexpansion:sprinter":3,"earthmobsmod:cream_cow":3,"born_in_chaos_v1:decrepit_skeleton":5,"born_in_chaos_v1:bloody_gadfly":1,"iceandfire:ghost":8,"born_in_chaos_v1:dark_vortex":1,"iceandfire:ice_dragon":1,"twilightforest:bighorn_sheep":2,"minecraft:enderman":2,"born_in_chaos_v1:zombie_clown":1,"minecraft:zombified_piglin":3,"minecraft:witch":1,"minecraft:spider":11,"undead_revamp2:thesmoker":1,"born_in_chaos_v1:scarlet_persecutor":7,"minecraft:bee":1,"undead_revamp2:therod":1,"minecraft:piglin_brute":11,"born_in_chaos_v1:firelight_not_despawn":1,"twilightforest:minotaur":4,"twilightforest:slime_beetle":1,"minecraft:piglin":15,"born_in_chaos_v1:bonescaller":1,"minecraft:pig":1,"minecraft:zombie_villager":3,"born_in_chaos_v1:diamond_termite":8,"born_in_chaos_v1:glutton_fish":2,"minecraft:creeper":11,"twilightforest:skeleton_druid":2,"alexsmobs:crimson_mosquito":24,"born_in_chaos_v1:zombie_fisherman":2,"born_in_chaos_v1:dread_hound":5,"minecraft:ghast":2,"alexsmobs:fly":2,"born_in_chaos_v1:siamese_skeletonsleft":2,"minecraft:blaze":7,"luminousworld:sunken_skeleton":2,"enemyexpansion:direwolf":15,"born_in_chaos_v1:zombie_bruiser":2,"born_in_chaos_v1:maggot":75,"twilightforest:fire_beetle":4,"undead_revamp2:coppertar":3,"minecraft:drowned":22,"born_in_chaos_v1:corpse_fish":7,"luminousworld:savannah_zombie":1,"friendsandfoes:iceologer":1,"mowziesmobs:umvuthana":15,"born_in_chaos_v1:fallen_chaos_knight":2,"born_in_chaos_v1:felsteed":1,"born_in_chaos_v1:baby_skeleton":2,"quark:foxhound":1,"minecraft:hoglin":6,"earthmobsmod:umbra_cow":3,"born_in_chaos_v1:phantom_creeper_copy":1,"luminousworld:mourning_cloak":2,"enemyexpansion:huntsman":2,"born_in_chaos_v1:nightmare_stalker":3,"minecraft:wither_skeleton":16,"twilightforest:yeti":2,"enemyexpansion:slugger":1},"minecraft:dropped":{"twilightforest:nagastone":1,"minecraft:iron_sword":3,"iceandfire:raw_silver":3,"minecraft:cooked_beef":1,"minecraft:glow_ink_sac":2,"minecraft:glass_bottle":3,"minecraft:diamond":29,"quark:vertical_oak_planks":6,"minecraft:crafting_table":4,"minecraft:cookie":2,"iceandfire:ectoplasm":1,"mutantmonsters:mutant_skeleton_shoulder_pad":1,"minecraft:leather_helmet":1,"minecraft:dirt":74,"luminousworld:bao_bob_wood":2,"minecraft:gold_nugget":1,"minecraft:bone_meal":2,"minecraft:sand":385,"minecraft:iron_pickaxe":4,"undead_revamp2:blacpetalblock":1,"minecraft:gray_dye":1,"quark:ancient_tome":1,"twilightforest:decorative_mazestone":11,"minecraft:bone":6,"minecraft:iron_nugget":6,"tombstone:scroll_of_aquatic_life":1,"alexsmobs:animal_dictionary":1,"minecraft:cobbled_deepslate":937,"tombstone:gift":4,"quark:sturdy_stone":1,"minecraft:rotten_flesh":510,"twilightforest:alpha_yeti_trophy":1,"minecraft:oak_planks":93,"iceandfire:crackled_gravel":1,"minecraft:salmon":2,"supplementaries:flax_seeds":5,"vanillaplustools:wooden_shovel":1,"minecraft:leather_boots":1,"minecraft:glass":66,"minecraft:beef":3,"minecraft:iron_ingot":47,"minecraft:golden_boots":4,"iceandfire:manuscript":62,"minecraft:enchanted_book":2,"minecraft:crimson_planks":37,"minecraft:wheat_seeds":70,"minecraft:mangrove_trapdoor":1,"minecraft:oak_fence":1,"minecraft:book":7,"minecraft:iron_helmet":4,"minecraft:cobblestone":133,"minecraft:granite":37,"twilightforest:etched_nagastone":1,"minecraft:chainmail_helmet":2,"minecraft:coal":33,"minecraft:polished_andesite":2,"minecraft:pufferfish":1,"minecraft:oxeye_daisy":1,"minecraft:diamond_horse_armor":1,"born_in_chaos_v1:black_argillite":1,"iceandfire:copper_nugget":6,"minecraft:potion":1,"minecraft:oak_stairs":1,"supplementaries:sign_post_oak":1,"minecraft:chainmail_leggings":7,"minecraft:iron_shovel":2,"minecraft:string":24,"tombstone:voodoo_poppet":1,"minecraft:spruce_sapling":3,"vanillaplustools:diamond_hammer":1,"minecraft:stone_sword":5,"minecraft:bowl":1,"born_in_chaos_v1:rotten_fish":11,"minecraft:iron_boots":2,"iceandfire:dragon_skull_ice":2,"minecraft:pumpkin_seeds":5,"iceandfire:dragon_ice":2,"minecraft:diamond_sword":1,"minecraft:potato":2,"ecologics:walnut":7,"minecraft:spruce_planks":72,"minecraft:bundle":4,"minecraft:diamond_pickaxe":1,"minecraft:wooden_shovel":37,"minecraft:spider_eye":3,"luminousworld:elephant_grass":1,"minecraft:bow":2,"iceandfire:dragonbone_sword_lightning":1,"minecraft:vex_armor_trim_smithing_template":1,"iceandfire:dragon_skull_lightning":2,"naturalist:duck":1,"minecraft:brown_mushroom":1,"twilightforest:mazestone_brick":4,"minecraft:oak_log":2,"ecologics:crab_meat":1,"minecraft:golden_pickaxe":1,"ecologics:coconut_slice":4,"luminousworld:spuds":1,"minecraft:lantern":1,"minecraft:cod":1,"minecraft:flint":4,"tombstone:bag_of_seeds":5,"minecraft:crimson_roots":3,"minecraft:gravel":17,"minecraft:crimson_fungus":1,"minecraft:beetroot":1,"luminousworld:savannah_soil":1,"minecraft:carrot":3,"minecraft:chainmail_chestplate":2,"minecraft:poppy":4,"supplementaries:ash":18,"minecraft:gunpowder":94,"born_in_chaos_v1:corpse_maggot":26,"minecraft:melon_seeds":1,"ecologics:coconut_husk":2,"vanillaplustools:stone_hammer":1,"minecraft:chainmail_boots":1,"minecraft:iron_bars":16,"minecraft:arrow":63,"minecraft:netherrack":4,"twilightforest:zombie_scepter":1,"minecraft:bread":1,"iceandfire:lightning_dragon_blood":3,"luminousworld:sunset_petunias":2,"undead_revamp2:beespheromones":1,"minecraft:golden_helmet":1,"twilightforest:filled_magic_map":2,"twilightforest:nagastone_head":1,"minecraft:diamond_leggings":1,"minecraft:copper_ingot":2,"twilightforest:twilight_oak_sapling":1,"iceandfire:lightning_dragon_flesh":3,"minecraft:stick":27,"minecraft:iron_block":1,"born_in_chaos_v1:pumpkin_staff":1,"iceandfire:crackled_dirt":1,"tombstone:magic_scroll":1,"minecraft:torch":1,"tombstone:grave_key":2,"tombstone:grave_dust":7,"minecraft:iron_leggings":10,"sophisticatedbackpacks:jukebox_upgrade":1,"minecraft:bucket":1,"iceandfire:armor_sapphire_leggings":1,"iceandfire:dragonbone":24,"minecraft:kelp":5,"alexsmobs:maggot":2,"minecraft:nether_wart":2,"minecraft:coarse_dirt":2,"iceandfire:lightning_dragon_heart":1,"minecraft:raw_copper":2,"minecraft:tuff":379,"minecraft:raw_iron":52,"minecraft:iron_hoe":6,"minecraft:flint_and_steel":1,"minecraft:filled_map":2,"minecraft:shield":1,"twilightforest:minoshroom_trophy":1,"minecraft:diamond_chestplate":1,"minecraft:iron_chestplate":8,"luminousworld:groundpebbles_1":16,"minecraft:fire_coral":1,"minecraft:golden_leggings":1,"minecraft:diamond_boots":1,"minecraft:slime_ball":2,"minecraft:stone_pickaxe":13,"minecraft:wooden_pickaxe":1,"minecraft:raw_gold":14},"minecraft:killed_by":{"iceandfire:siren":2,"twilightforest:death_tome":1,"mowziesmobs:umvuthana":3,"born_in_chaos_v1:dread_hound":1,"mowziesmobs:naga":1,"iceandfire:sea_serpent":1,"undead_revamp2:clogger":1,"mowziesmobs:umvuthi":2,"minecraft:piglin":1,"iceandfire:ice_dragon":6,"iceandfire:fire_dragon":1,"minecraft:player":1,"enemyexpansion:trollenraged":1,"minecraft:spider":1},"minecraft:mined":{"minecraft:dark_oak_planks":3,"minecraft:white_bed":7,"minecraft:obsidian":4,"minecraft:granite":38,"minecraft:acacia_log":1,"minecraft:crimson_fungus":2,"minecraft:nether_wart":7,"minecraft:oxeye_daisy":1,"luminousworld:savanna_grass_2":13,"minecraft:spawner":5,"minecraft:polished_blackstone_bricks":33,"minecraft:cobbled_deepslate":6,"minecraft:fire":2,"twilightforest:twilight_oak_wood":2,"minecraft:pumpkin":5,"minecraft:deepslate_lapis_ore":7,"minecraft:dirt_path":1,"minecraft:iron_block":3,"minecraft:tripwire":1,"minecraft:kelp_plant":3,"minecraft:crimson_nylium":2,"minecraft:amethyst_cluster":4,"born_in_chaos_v1:infected_deepslate_diamond_ore":4,"minecraft:torch":2,"minecraft:sugar_cane":3,"minecraft:amethyst_block":9,"minecraft:jungle_wood":3,"minecraft:mud":1,"minecraft:wheat":36,"minecraft:stone_brick_stairs":1,"minecraft:grass":57,"luminousworld:grassvariant_3":6,"minecraft:smooth_basalt":46,"born_in_chaos_v1:infernal_evil_pumpkin_s":1,"minecraft:deepslate":9020,"luminousworld:savannah_ground":1,"iceandfire:silver_ore":18,"minecraft:mossy_cobblestone":2,"quark:blue_blossom_leaves":29,"iceandfire:frozen_grass":5,"born_in_chaos_v1:black_argillite":30,"minecraft:crimson_roots":11,"luminousworld:grassvariant_2":6,"minecraft:kelp":4,"twilightforest:mushgloom":1,"minecraft:andesite":146,"twilightforest:twilight_oak_leaves":6,"minecraft:vine":1,"luminousworld:savannah_soil":6,"minecraft:soul_sand":24,"minecraft:dandelion":11,"twilightforest:mazestone_brick":1,"ecologics:walnut_leaves":29,"twilightforest:nagastone":1,"minecraft:tall_grass":14,"minecraft:copper_ore":1,"minecraft:deepslate_gold_ore":19,"minecraft:diorite":20,"minecraft:coarse_dirt":4,"minecraft:spruce_log":8,"luminousworld:ishstone":14,"minecraft:gravel":32,"minecraft:cobweb":19,"luminousworld:elephant_grass":7,"minecraft:fern":1,"luminousworld:white_petunias":1,"minecraft:large_amethyst_bud":3,"minecraft:budding_amethyst":1,"minecraft:grass_block":36,"twilightforest:decorative_mazestone":1,"minecraft:cracked_polished_blackstone_bricks":30,"minecraft:polished_diorite":1,"minecraft:raw_iron_block":2,"minecraft:iron_ore":12,"iceandfire:crackled_dirt":1,"minecraft:dark_oak_stairs":1,"minecraft:iron_bars":23,"ecologics:walnut_log":4,"luminousworld:decorative_brown_2":1,"minecraft:spruce_slab":1,"minecraft:deepslate_redstone_ore":38,"minecraft:blackstone":10,"luminousworld:tall_deadbush":6,"minecraft:medium_amethyst_bud":2,"iceandfire:dragon_ice_spikes":2,"minecraft:calcite":29,"twilightforest:twilight_oak_log":1,"minecraft:oak_planks":9,"minecraft:wall_torch":1,"born_in_chaos_v1:river_mint":1,"minecraft:oak_log":17,"minecraft:acacia_fence":1,"minecraft:sand":1230,"minecraft:dirt":124,"minecraft:crimson_planks":4,"minecraft:netherrack":40,"luminousworld:savannah_grass_4":21,"minecraft:oak_leaves":5,"minecraft:tuff":931,"minecraft:deepslate_diamond_ore":73,"born_in_chaos_v1:infected_diamond_ore":8,"minecraft:purple_terracotta":1,"luminousworld:mossbuds_2":1,"minecraft:mangrove_trapdoor":1,"minecraft:spruce_leaves":19,"twilightforest:nagastone_head":1,"minecraft:hay_block":18,"luminousworld:yellow_grassflowers":1,"minecraft:gold_block":18,"minecraft:bookshelf":26,"minecraft:deepslate_iron_ore":27,"minecraft:lantern":1,"luminousworld:snowgrass":1,"minecraft:stone":796,"minecraft:acacia_leaves":2,"twilightforest:root_strand":12,"luminousworld:blueberrybush":1,"twilightforest:hedge":3,"minecraft:basalt":10,"minecraft:crafting_table":7,"luminousworld:savannah_grass_1":8,"minecraft:lapis_ore":2,"minecraft:polished_blackstone_brick_stairs":1,"supplementaries:urn":2,"minecraft:ice":3,"minecraft:coal_ore":17,"minecraft:cracked_stone_bricks":1,"minecraft:mossy_stone_bricks":1},"minecraft:crafted":{"quark:sturdy_stone":1,"minecraft:bookshelf":27,"minecraft:glass":3,"vanillaplustools:iron_hammer":3,"minecraft:diamond_helmet":3,"minecraft:diamond_leggings":2,"vanillaplustools:wooden_shovel":3,"minecraft:glass_bottle":18,"minecraft:wooden_shovel":27,"minecraft:iron_pickaxe":27,"iceandfire:armor_sapphire_boots":1,"vanillaplustools:stone_hammer":4,"minecraft:bone_meal":3,"minecraft:diamond":1,"twilightforest:twilight_oak_planks":8,"minecraft:stone_pickaxe":28,"minecraft:diamond_boots":3,"minecraft:dark_oak_planks":8,"minecraft:wheat":153,"iceandfire:dragonbone_sword":2,"minecraft:enchanting_table":1,"sophisticatedbackpacks:gold_backpack":1,"minecraft:iron_shovel":1,"born_in_chaos_v1:staffof_magic_arrows":1,"minecraft:oak_planks":256,"iceandfire:armor_sapphire_chestplate":1,"minecraft:iron_boots":1,"iceandfire:dragonbone_sword_lightning":1,"sophisticatedbackpacks:backpack":1,"minecraft:arrow":128,"minecraft:crafting_table":6,"minecraft:spruce_planks":48,"minecraft:wooden_pickaxe":1,"minecraft:iron_helmet":2,"minecraft:pumpkin_seeds":20,"minecraft:iron_chestplate":1,"minecraft:diamond_pickaxe":1,"minecraft:shield":2,"sophisticatedbackpacks:diamond_backpack":1,"minecraft:stick":212,"minecraft:iron_ingot":54,"minecraft:stone_sword":1,"minecraft:raw_iron":18,"minecraft:furnace":1,"iceandfire:armor_sapphire_leggings":1,"born_in_chaos_v1:bone_handle":1,"sophisticatedbackpacks:iron_backpack":1,"minecraft:diamond_sword":2,"quark:vertical_oak_planks":3,"minecraft:iron_sword":1,"minecraft:bucket":4,"minecraft:bread":83,"minecraft:air":0,"minecraft:oak_boat":7,"minecraft:acacia_planks":4,"minecraft:torch":20,"minecraft:diamond_chestplate":2},"minecraft:broken":{"minecraft:diamond_helmet":2,"minecraft:iron_boots":2,"minecraft:iron_sword":4,"minecraft:diamond_leggings":1,"aether:iron_gloves":2,"vanillaplustools:stone_hammer":3,"minecraft:iron_helmet":2,"minecraft:golden_helmet":1,"vanillaplustools:iron_hammer":3,"mowziesmobs:umvuthana_mask_bliss":1,"vanillaplustools:wooden_shovel":2,"iceandfire:armor_sapphire_boots":1,"minecraft:golden_pickaxe":1}},"DataVersion":3465}