{"stats":{"minecraft:custom":{"minecraft:interact_with_crafting_table":103,"minecraft:open_barrel":73,"minecraft:leave_game":11,"minecraft:time_since_death":45746,"minecraft:sprint_one_cm":990088,"minecraft:drop":418,"minecraft:talked_to_villager":2,"minecraft:play_time":381083,"minecraft:deaths":7,"minecraft:jump":6172,"minecraft:walk_on_water_one_cm":158301,"minecraft:enchant_item":2,"minecraft:interact_with_furnace":10,"minecraft:sleep_in_bed":3,"minecraft:damage_dealt":36502,"minecraft:crouch_one_cm":1797,"tombstone:undead_killed":57,"minecraft:interact_with_anvil":2,"minecraft:mob_kills":150,"minecraft:damage_dealt_resisted":1153,"minecraft:climb_one_cm":2910,"minecraft:walk_one_cm":919305,"minecraft:damage_dealt_absorbed":120,"minecraft:sneak_time":2216,"minecraft:walk_under_water_one_cm":171881,"minecraft:total_world_time":381083,"tombstone:raider_killed":1,"minecraft:interact_with_grindstone":1,"minecraft:time_since_rest":43347,"minecraft:damage_taken":12165,"minecraft:trigger_trapped_chest":1,"tombstone:cast_on_ally":1,"minecraft:swim_one_cm":406125,"minecraft:fly_one_cm":1434549,"minecraft:open_chest":83,"minecraft:fall_one_cm":133458},"minecraft:picked_up":{"minecraft:iron_chestplate":4,"minecraft:wheat":2,"minecraft:prismarine_shard":3,"minecraft:amethyst_block":9,"born_in_chaos_v1:holiday_candy":25,"born_in_chaos_v1:black_argillite":2,"minecraft:string":9,"minecraft:raw_copper":2,"minecraft:iron_leggings":1,"minecraft:pufferfish":1,"minecraft:beetroot":1,"minecraft:cobbled_deepslate":1252,"minecraft:spruce_planks":69,"minecraft:wooden_shovel":37,"minecraft:stick":20,"ecologics:walnut_log":4,"born_in_chaos_v1:phantom_powder":4,"tombstone:grave_dust":13,"minecraft:diorite":17,"born_in_chaos_v1:nightmare_claw":4,"luminousworld:grassflowers":1,"minecraft:stone_sword":2,"minecraft:rotten_flesh":29,"minecraft:iron_block":1,"supplementaries:ash":25,"minecraft:obsidian":4,"minecraft:cod":1,"minecraft:cobblestone":548,"ecologics:walnut":8,"minecraft:cooked_beef":8,"minecraft:andesite":16,"vanillaplustools:diamond_hammer":1,"minecraft:potato":1,"minecraft:flint":5,"minecraft:tuff":378,"minecraft:lapis_lazuli":19,"minecraft:dirt":115,"minecraft:lantern":5,"born_in_chaos_v1:monster_skin":17,"minecraft:bone":25,"supplementaries:cartographers_quill":1,"undead_revamp2:blacpetalblock":1,"minecraft:bow":1,"minecraft:wheat_seeds":11,"minecraft:raw_gold":33,"minecraft:oak_planks":62,"friendsandfoes:totem_of_freezing":1,"iceandfire:shiny_scales":5,"minecraft:sand":537,"minecraft:dark_oak_log":2,"alexsmobs:animal_dictionary":1,"minecraft:diamond":46,"minecraft:granite":37,"minecraft:bread":1,"born_in_chaos_v1:rotten_fish":1,"iceandfire:raw_silver":11,"luminousworld:groundpebbles_1":6,"minecraft:crafting_table":11,"born_in_chaos_v1:diamond_termite_shard":9,"minecraft:chicken":1,"born_in_chaos_v1:seedof_chaos":1,"minecraft:golden_pickaxe":1,"minecraft:fire_coral":1,"iceandfire:frozen_grass":4,"ecologics:walnut_sapling":5,"born_in_chaos_v1:gnawed_bones":1,"minecraft:poppy":1,"minecraft:egg":2,"minecraft:raw_iron":86,"ecologics:coconut_slice":6,"minecraft:cookie":5,"born_in_chaos_v1:pieceofdarkmetal":4,"minecraft:arrow":32,"minecraft:hay_block":11,"born_in_chaos_v1:fused_bone":2,"born_in_chaos_v1:corpse_maggot":6,"born_in_chaos_v1:monster_flesh":7,"born_in_chaos_v1:pumpkin_staff":1,"minecraft:glow_ink_sac":2,"minecraft:leather":4,"minecraft:oak_log":21,"minecraft:chainmail_chestplate":2,"iceandfire:ectoplasm":1,"tombstone:voodoo_poppet":1,"tombstone:gift":3,"born_in_chaos_v1:soul_cutlass":1,"minecraft:iron_ingot":2,"minecraft:stone_pickaxe":9,"tombstone:bag_of_seeds":1,"ecologics:crab_meat":1,"minecraft:iron_sword":3,"minecraft:book":79,"minecraft:pumpkin":2,"born_in_chaos_v1:ethereal_spirit":10,"minecraft:raw_iron_block":2,"minecraft:gravel":17,"born_in_chaos_v1:dark_rod":1,"minecraft:amethyst_shard":18,"minecraft:spruce_sapling":1,"born_in_chaos_v1:fangofthe_hound_leader":3,"minecraft:white_bed":1,"minecraft:spruce_log":12,"minecraft:spider_eye":1,"minecraft:chainmail_leggings":1,"minecraft:scute":1,"minecraft:coal":33},"minecraft:used":{"minecraft:iron_shovel":244,"minecraft:iron_sword":344,"minecraft:iron_chestplate":1,"born_in_chaos_v1:soul_cutlass":6,"iceandfire:frozen_grass":4,"minecraft:lava_bucket":6,"minecraft:lantern":2,"minecraft:iron_helmet":2,"friendsandfoes:totem_of_freezing":1,"vanillaplustools:wooden_shovel":124,"minecraft:bow":4,"supplementaries:ash":1,"minecraft:furnace":1,"minecraft:egg":2,"minecraft:potato":1,"minecraft:damaged_anvil":1,"minecraft:diamond_boots":1,"minecraft:oak_planks":72,"minecraft:stone_pickaxe":93,"minecraft:wooden_pickaxe":16,"minecraft:cookie":3,"vanillaplustools:diamond_hammer":2,"minecraft:sand":3,"born_in_chaos_v1:holiday_candy":2,"minecraft:bread":52,"ecologics:coconut_slice":2,"minecraft:diamond_sword":749,"minecraft:golden_pickaxe":32,"minecraft:enchanting_table":1,"minecraft:stone_sword":117,"vanillaplustools:stone_hammer":224,"minecraft:stick":3,"minecraft:torch":19,"minecraft:dirt":87,"minecraft:chainmail_chestplate":1,"minecraft:diamond_helmet":1,"minecraft:bookshelf":27,"minecraft:iron_boots":1,"minecraft:diamond_chestplate":1,"ecologics:walnut":1,"tombstone:gift":4,"minecraft:cooked_beef":101,"minecraft:cobbled_deepslate":123,"minecraft:iron_leggings":1,"minecraft:water_bucket":13,"ecologics:walnut_sapling":5,"minecraft:crafting_table":10,"minecraft:white_bed":1,"tombstone:bag_of_seeds":2,"minecraft:diamond_pickaxe":11,"minecraft:iron_pickaxe":243,"minecraft:suspicious_stew":1,"minecraft:spruce_sapling":1,"minecraft:stone_axe":17,"minecraft:cobblestone":3,"vanillaplustools:iron_hammer":500,"minecraft:bucket":20,"alexsmobs:animal_dictionary":3,"minecraft:diamond_leggings":1},"minecraft:killed":{"born_in_chaos_v1:mr_pumpkin":6,"born_in_chaos_v1:zombie_lumberjack":1,"born_in_chaos_v1:restless_spirit":3,"born_in_chaos_v1:sir_the_headless":1,"enemyexpansion:equestrian":1,"minecraft:spider":5,"luminousworld:frost_bitten_skeleton":3,"undead_revamp2:thesmoker":1,"born_in_chaos_v1:siamese_skeletonsright":1,"undead_revamp2:theswarmer":2,"born_in_chaos_v1:scarlet_persecutor":4,"minecraft:skeleton":16,"minecraft:bee":1,"undead_revamp2:therod":1,"undead_revamp2:thespitter":1,"minecraft:zombie_villager":1,"born_in_chaos_v1:diamond_termite":8,"naturalist:snake":1,"born_in_chaos_v1:zombie_fisherman":1,"enemyexpansion:meature":1,"minecraft:zombie":8,"born_in_chaos_v1:dread_hound":2,"born_in_chaos_v1:corpse_fly":4,"enemyexpansion:botfly":3,"born_in_chaos_v1:siamese_skeletonsleft":1,"minecraft:cow":2,"enemyexpansion:direwolf":9,"born_in_chaos_v1:zombie_bruiser":2,"born_in_chaos_v1:maggot":9,"born_in_chaos_v1:pumpkinhead":1,"naturalist:coral_snake":1,"born_in_chaos_v1:dire_hound_leader":1,"undead_revamp2:coppertar":1,"minecraft:drowned":3,"born_in_chaos_v1:corpse_fish":2,"friendsandfoes:iceologer":1,"iceandfire:hippocampus":2,"born_in_chaos_v1:barrel_zombie":3,"born_in_chaos_v1:fallen_chaos_knight":1,"born_in_chaos_v1:felsteed":1,"undead_revamp2:the_moonflower":4,"enemyexpansion:sprinter":2,"luminousworld:mourning_cloak":2,"iceandfire:ghost":1,"born_in_chaos_v1:dark_vortex":1,"enemyexpansion:huntsman":2,"born_in_chaos_v1:nightmare_stalker":3},"minecraft:dropped":{"minecraft:iron_sword":3,"minecraft:oak_log":2,"ecologics:crab_meat":1,"minecraft:glow_ink_sac":2,"minecraft:golden_pickaxe":1,"minecraft:crafting_table":3,"ecologics:coconut_slice":4,"minecraft:cookie":2,"iceandfire:ectoplasm":1,"minecraft:flint":4,"minecraft:dirt":28,"minecraft:sand":384,"minecraft:iron_pickaxe":1,"undead_revamp2:blacpetalblock":1,"minecraft:gravel":12,"minecraft:cobbled_deepslate":886,"alexsmobs:animal_dictionary":1,"tombstone:gift":3,"minecraft:beetroot":1,"quark:sturdy_stone":1,"minecraft:rotten_flesh":26,"minecraft:oak_planks":74,"minecraft:chainmail_chestplate":1,"minecraft:poppy":4,"supplementaries:ash":6,"vanillaplustools:wooden_shovel":1,"minecraft:melon_seeds":1,"born_in_chaos_v1:corpse_maggot":2,"ecologics:coconut_husk":2,"vanillaplustools:stone_hammer":1,"iceandfire:manuscript":1,"minecraft:wheat_seeds":4,"minecraft:iron_helmet":1,"minecraft:cobblestone":124,"minecraft:book":1,"minecraft:granite":37,"minecraft:coal":31,"minecraft:stick":13,"minecraft:pufferfish":1,"minecraft:iron_block":1,"born_in_chaos_v1:black_argillite":1,"minecraft:torch":1,"tombstone:grave_dust":5,"minecraft:iron_leggings":2,"minecraft:iron_shovel":1,"minecraft:string":9,"tombstone:voodoo_poppet":1,"vanillaplustools:diamond_hammer":1,"minecraft:stone_sword":3,"minecraft:raw_copper":2,"minecraft:bowl":1,"minecraft:tuff":379,"minecraft:raw_iron":52,"minecraft:pumpkin_seeds":3,"minecraft:filled_map":2,"ecologics:walnut":7,"minecraft:spruce_planks":72,"minecraft:iron_chestplate":4,"luminousworld:groundpebbles_1":6,"minecraft:fire_coral":1,"minecraft:wooden_shovel":37,"minecraft:wooden_pickaxe":1,"minecraft:stone_pickaxe":1,"minecraft:raw_gold":14},"minecraft:killed_by":{"undead_revamp2:clogger":1,"iceandfire:ice_dragon":4,"minecraft:player":1,"minecraft:spider":1},"minecraft:mined":{"minecraft:large_amethyst_bud":3,"minecraft:white_bed":1,"minecraft:obsidian":4,"minecraft:granite":38,"minecraft:budding_amethyst":1,"minecraft:grass_block":6,"minecraft:raw_iron_block":2,"minecraft:iron_ore":12,"minecraft:cobbled_deepslate":3,"minecraft:fire":1,"minecraft:pumpkin":2,"minecraft:deepslate_lapis_ore":3,"ecologics:walnut_log":4,"minecraft:deepslate_redstone_ore":19,"minecraft:medium_amethyst_bud":2,"minecraft:amethyst_cluster":4,"born_in_chaos_v1:infected_deepslate_diamond_ore":4,"minecraft:torch":1,"minecraft:calcite":29,"minecraft:amethyst_block":9,"minecraft:wheat":2,"minecraft:grass":33,"minecraft:oak_log":16,"minecraft:sand":1226,"minecraft:dirt":112,"luminousworld:grassvariant_3":5,"minecraft:smooth_basalt":46,"born_in_chaos_v1:infernal_evil_pumpkin_s":1,"minecraft:oak_leaves":1,"minecraft:deepslate":4927,"minecraft:tuff":499,"iceandfire:silver_ore":12,"minecraft:mossy_cobblestone":2,"minecraft:deepslate_diamond_ore":46,"quark:blue_blossom_leaves":29,"born_in_chaos_v1:infected_diamond_ore":8,"iceandfire:frozen_grass":5,"born_in_chaos_v1:black_argillite":30,"luminousworld:grassvariant_2":4,"minecraft:spruce_leaves":8,"minecraft:hay_block":11,"minecraft:andesite":146,"minecraft:bookshelf":26,"minecraft:deepslate_iron_ore":23,"minecraft:stone":770,"luminousworld:blueberrybush":1,"minecraft:crafting_table":7,"ecologics:walnut_leaves":29,"minecraft:tall_grass":2,"minecraft:copper_ore":1,"minecraft:lapis_ore":2,"minecraft:deepslate_gold_ore":19,"minecraft:diorite":20,"supplementaries:urn":2,"minecraft:ice":3,"minecraft:spruce_log":8,"minecraft:coal_ore":16,"luminousworld:ishstone":14,"minecraft:gravel":24,"minecraft:cobweb":5},"minecraft:crafted":{"minecraft:oak_planks":200,"quark:sturdy_stone":1,"minecraft:bookshelf":27,"vanillaplustools:iron_hammer":2,"minecraft:diamond_helmet":2,"minecraft:diamond_leggings":1,"vanillaplustools:wooden_shovel":3,"minecraft:wooden_shovel":27,"sophisticatedbackpacks:backpack":1,"minecraft:crafting_table":2,"minecraft:spruce_planks":48,"minecraft:iron_helmet":1,"minecraft:wooden_pickaxe":1,"minecraft:pumpkin_seeds":8,"minecraft:diamond_pickaxe":1,"minecraft:stick":128,"minecraft:iron_ingot":54,"minecraft:iron_pickaxe":18,"minecraft:stone_sword":1,"minecraft:raw_iron":18,"vanillaplustools:stone_hammer":2,"minecraft:furnace":1,"minecraft:bone_meal":3,"minecraft:diamond":1,"minecraft:stone_pickaxe":10,"minecraft:diamond_boots":2,"minecraft:wheat":99,"minecraft:diamond_sword":1,"minecraft:enchanting_table":1,"minecraft:iron_sword":1,"minecraft:bucket":2,"minecraft:bread":52,"minecraft:iron_shovel":1,"minecraft:torch":20,"minecraft:diamond_chestplate":1},"minecraft:broken":{"minecraft:diamond_helmet":1,"vanillaplustools:iron_hammer":2,"minecraft:iron_boots":1,"aether:iron_gloves":1,"vanillaplustools:wooden_shovel":2,"vanillaplustools:stone_hammer":1,"minecraft:iron_helmet":1,"minecraft:golden_pickaxe":1}},"DataVersion":3465}