{"stats":{"minecraft:used":{"minecraft:cooked_porkchop":1,"minecraft:decorated_pot":1},"minecraft:picked_up":{"minecraft:wheat":7,"minecraft:cooked_porkchop":64,"minecraft:decorated_pot":1,"minecraft:wheat_seeds":18,"minecraft:iron_ingot":64,"minecraft:oak_log":64},"minecraft:crafted":{"minecraft:iron_sword":1,"minecraft:iron_leggings":1,"minecraft:oak_planks":256,"minecraft:iron_chestplate":1,"minecraft:iron_boots":1,"minecraft:bucket":1,"minecraft:stick":4,"minecraft:iron_pickaxe":1,"minecraft:iron_helmet":1},"minecraft:mined":{"minecraft:decorated_pot":1,"minecraft:wheat":9},"minecraft:custom":{"minecraft:open_chest":4,"minecraft:time_since_rest":5229,"minecraft:sprint_one_cm":18527,"minecraft:play_time":5229,"minecraft:damage_taken":70,"minecraft:walk_one_cm":12597,"minecraft:jump":48,"minecraft:leave_game":1,"minecraft:time_since_death":5229,"minecraft:total_world_time":5229,"minecraft:interact_with_crafting_table":3,"minecraft:fall_one_cm":2902,"minecraft:fly_one_cm":10606}},"DataVersion":3465}