{"stats":{"minecraft:crafted":{"minecraft:fishing_rod":1,"minecraft:cooked_chicken":2,"minecraft:furnace":1,"minecraft:cooked_mutton":6,"twilightforest:twilight_oak_planks":4,"minecraft:iron_axe":1,"minecraft:stone_pickaxe":3,"minecraft:diamond_sword":1,"minecraft:cooked_porkchop":6,"minecraft:crafting_table":1,"minecraft:wooden_pickaxe":1,"minecraft:iron_sword":2,"minecraft:cooked_salmon":2,"minecraft:copper_ingot":13,"minecraft:bucket":1,"minecraft:air":0,"minecraft:shield":1,"minecraft:stick":28,"minecraft:iron_ingot":16,"minecraft:iron_pickaxe":1,"minecraft:stone_sword":1,"minecraft:acacia_planks":48,"minecraft:torch":28,"minecraft:shears":1},"minecraft:picked_up":{"minecraft:fishing_rod":1,"minecraft:crafting_table":1,"minecraft:wheat":9,"minecraft:chicken":8,"minecraft:wooden_pickaxe":2,"minecraft:string":13,"minecraft:raw_copper":83,"minecraft:magenta_wool":1,"minecraft:gold_nugget":1,"minecraft:cobbled_deepslate":12,"minecraft:bucket":1,"minecraft:written_book":2,"minecraft:poppy":13,"minecraft:iron_pickaxe":2,"minecraft:chest":1,"minecraft:egg":3,"minecraft:raw_iron":16,"minecraft:stick":31,"minecraft:torch":13,"minecraft:acacia_log":14,"minecraft:porkchop":12,"minecraft:diorite":13,"minecraft:stone_sword":2,"minecraft:arrow":8,"minecraft:cooked_cod":1,"minecraft:tropical_fish":2,"twilightforest:cicada":2,"minecraft:mutton":12,"minecraft:white_wool":9,"minecraft:cobblestone":248,"minecraft:feather":20,"twilightforest:twilight_oak_log":3,"minecraft:water_bucket":1,"minecraft:andesite":2,"minecraft:salmon":2,"twilightforest:twilight_oak_wood":4,"minecraft:leather":3,"minecraft:tuff":8,"minecraft:gunpowder":5,"minecraft:dirt":96,"minecraft:cooked_mutton":2,"twilightforest:raw_venison":11,"minecraft:red_carpet":2,"minecraft:bone":17,"minecraft:acacia_planks":60,"minecraft:wheat_seeds":19,"minecraft:warped_stem":70,"minecraft:raw_gold":9,"minecraft:cooked_chicken":2,"minecraft:stone_pickaxe":5,"minecraft:iron_ingot":6,"minecraft:oak_planks":6,"minecraft:iron_sword":1,"minecraft:acacia_sapling":4,"minecraft:warped_wart_block":1,"minecraft:dandelion":10,"minecraft:sand":6,"twilightforest:canopy_log":1,"minecraft:spider_eye":2,"minecraft:mossy_cobblestone":1,"travelersbackpack:standard":1,"minecraft:diamond":2,"twilightforest:raven_feather":2,"minecraft:granite":19,"minecraft:warped_roots":1,"minecraft:baked_potato":1,"minecraft:coal":19,"minecraft:black_wool":2,"twilightforest:torchberries":8},"minecraft:killed_by":{"minecraft:player":1,"minecraft:creeper":1,"minecraft:zombie":1},"minecraft:used":{"minecraft:stone_sword":52,"minecraft:acacia_log":2,"minecraft:tropical_fish":1,"twilightforest:torchberries":1,"minecraft:poppy":13,"minecraft:shield":5,"minecraft:iron_sword":169,"minecraft:cooked_salmon":2,"minecraft:cooked_chicken":2,"minecraft:rotten_flesh":8,"minecraft:torch":32,"minecraft:dirt":3,"minecraft:lava_bucket":18,"minecraft:iron_axe":38,"twilightforest:twilight_oak_planks":3,"minecraft:red_carpet":1,"minecraft:written_book":1,"minecraft:furnace":1,"minecraft:cooked_cod":9,"minecraft:egg":1,"minecraft:cobbled_deepslate":3,"minecraft:cooked_mutton":6,"minecraft:water_bucket":15,"minecraft:diorite":1,"minecraft:stone_pickaxe":199,"minecraft:wooden_pickaxe":52,"minecraft:crafting_table":1,"minecraft:melon_slice":6,"minecraft:bread":8,"minecraft:iron_pickaxe":56,"minecraft:diamond_sword":92,"minecraft:fishing_rod":7,"minecraft:cobblestone":59,"travelersbackpack:standard":4,"minecraft:cooked_porkchop":11,"minecraft:bucket":37},"minecraft:dropped":{"minecraft:warped_stem":35,"minecraft:iron_sword":1,"minecraft:mossy_cobblestone":1,"minecraft:diamond":1,"minecraft:stick":1,"minecraft:diorite":2,"twilightforest:firefly":1,"minecraft:cobbled_deepslate":9,"minecraft:rotten_flesh":1,"minecraft:shears":1},"minecraft:custom":{"minecraft:mob_kills":53,"minecraft:inspect_hopper":1,"minecraft:interact_with_crafting_table":21,"minecraft:leave_game":1,"minecraft:time_since_death":4062,"minecraft:climb_one_cm":1513,"minecraft:sprint_one_cm":332279,"minecraft:walk_one_cm":294651,"minecraft:damage_blocked_by_shield":160,"minecraft:drop":44,"minecraft:talked_to_villager":1,"minecraft:play_time":121509,"minecraft:deaths":3,"minecraft:sneak_time":2687,"minecraft:walk_under_water_one_cm":14802,"minecraft:jump":2229,"minecraft:walk_on_water_one_cm":19067,"minecraft:total_world_time":121509,"minecraft:interact_with_furnace":24,"minecraft:time_since_rest":4092,"minecraft:damage_taken":3315,"minecraft:trigger_trapped_chest":1,"minecraft:damage_dealt":7266,"minecraft:swim_one_cm":5879,"minecraft:fly_one_cm":733522,"minecraft:open_chest":39,"minecraft:crouch_one_cm":5098,"minecraft:fish_caught":2,"minecraft:fall_one_cm":49620},"minecraft:killed":{"twilightforest:boar":1,"twilightforest:deer":5,"twilightforest:hostile_wolf":3,"minecraft:spider":2,"minecraft:skeleton":8,"minecraft:chicken":8,"twilightforest:hedge_spider":5,"minecraft:tropical_fish":1,"minecraft:pig":1,"twilightforest:kobold":2,"twilightforest:raven":1,"twilightforest:skeleton_druid":4,"minecraft:sheep":3,"minecraft:zombie":4,"minecraft:enderman":1,"twilightforest:bighorn_sheep":2},"minecraft:mined":{"minecraft:tuff":4,"minecraft:mossy_cobblestone":1,"minecraft:deepslate_diamond_ore":2,"minecraft:glow_lichen":1,"minecraft:granite":19,"minecraft:acacia_log":15,"minecraft:grass_block":44,"minecraft:brick_stairs":1,"minecraft:spawner":6,"minecraft:iron_ore":9,"minecraft:fire":1,"minecraft:andesite":2,"twilightforest:twilight_oak_wood":3,"twilightforest:twilight_oak_leaves":1,"minecraft:deepslate_iron_ore":7,"minecraft:warped_stem":37,"minecraft:stone":159,"twilightforest:canopy_fence":1,"twilightforest:root_strand":1,"minecraft:acacia_leaves":3,"minecraft:dandelion":5,"travelersbackpack:standard":1,"minecraft:crafting_table":1,"twilightforest:torchberry_plant":2,"minecraft:poppy":13,"minecraft:chest":1,"twilightforest:twilight_oak_log":3,"minecraft:copper_ore":4,"minecraft:tall_grass":11,"minecraft:cobblestone":18,"minecraft:oak_planks":3,"twilightforest:mayapple":6,"minecraft:diorite":13,"minecraft:warped_wart_block":1,"twilightforest:cicada":1,"twilightforest:root":3,"twilightforest:twilight_oak_planks":3,"minecraft:grass":107,"minecraft:coal_ore":16,"minecraft:sand":1,"minecraft:dirt":3,"twilightforest:canopy_log":1,"minecraft:gold_ore":9,"minecraft:deepslate":13},"minecraft:broken":{"minecraft:stone_pickaxe":1}},"DataVersion":3465}