{"stats":{"minecraft:killed":{"minecraft:zombie_villager":1,"minecraft:spider":2,"minecraft:skeleton":1,"minecraft:zombie":7,"minecraft:glow_squid":2,"minecraft:enderman":1},"minecraft:used":{"moonsweaponry:diamond_greatsword":30,"minecraft:wheat_seeds":10,"minecraft:moss_block":1,"minecraft:water_bucket":3,"minecraft:moss_carpet":1,"minecraft:oak_planks":53,"minecraft:decorated_pot":1,"minecraft:iron_sword":15,"minecraft:crafting_table":1,"minecraft:diamond_helmet":1,"minecraft:iron_pickaxe":194,"minecraft:diamond_sword":15,"minecraft:cooked_porkchop":20,"minecraft:bucket":4,"minecraft:cobbled_deepslate":35},"minecraft:dropped":{"minecraft:iron_ingot":13,"minecraft:enchanted_book":1,"minecraft:diamond":4,"minecraft:raw_iron":3,"minecraft:rotten_flesh":6,"minecraft:coal":2,"minecraft:stick":4,"minecraft:raw_iron_block":1,"minecraft:bone":1},"minecraft:crafted":{"minecraft:oak_planks":256,"minecraft:crafting_table":1,"minecraft:iron_helmet":1,"minecraft:iron_sword":1,"minecraft:bucket":1,"minecraft:diamond_helmet":1,"minecraft:diamond_leggings":1,"minecraft:iron_chestplate":1,"minecraft:iron_boots":1,"minecraft:stick":8,"minecraft:iron_pickaxe":1,"minecraft:diamond_boots":1,"minecraft:iron_leggings":1,"minecraft:diamond_chestplate":1},"minecraft:picked_up":{"minecraft:crafting_table":1,"minecraft:iron_chestplate":1,"minecraft:wheat":20,"minecraft:clay_ball":60,"minecraft:glow_ink_sac":4,"minecraft:diamond_sword":1,"minecraft:enchanted_book":3,"minecraft:tuff":25,"minecraft:oak_log":64,"minecraft:moss_carpet":1,"minecraft:raw_copper":1,"minecraft:iron_leggings":1,"minecraft:bone":1,"minecraft:wheat_seeds":41,"moonsweaponry:diamond_greatsword":1,"minecraft:cobbled_deepslate":51,"minecraft:raw_gold":12,"minecraft:bucket":1,"minecraft:spore_blossom":1,"minecraft:iron_ingot":128,"minecraft:poppy":2,"minecraft:iron_pickaxe":1,"galosphere:raw_silver":29,"minecraft:moss_block":9,"minecraft:iron_sword":1,"minecraft:oak_planks":256,"minecraft:iron_boots":1,"minecraft:raw_iron":8,"minecraft:cooked_porkchop":125,"minecraft:big_dripleaf":1,"minecraft:raw_iron_block":1,"minecraft:pumpkin_seeds":1,"minecraft:rotten_flesh":6,"minecraft:diamond":29,"minecraft:tropical_fish":1,"minecraft:decorated_pot":1,"minecraft:iron_helmet":1,"minecraft:glow_berries":1,"minecraft:coal":29,"minecraft:cobblestone":8},"minecraft:mined":{"minecraft:tuff":9,"minecraft:flowering_azalea":1,"minecraft:deepslate_diamond_ore":22,"galosphere:deepslate_silver_ore":29,"minecraft:crafting_table":1,"minecraft:glow_lichen":1,"minecraft:grass_block":3,"minecraft:calcite":2,"minecraft:poppy":2,"minecraft:decorated_pot":1,"minecraft:tall_grass":3,"minecraft:cobblestone":5,"minecraft:deepslate_gold_ore":12,"minecraft:moss_block":6,"minecraft:amethyst_block":4,"minecraft:spore_blossom":1,"minecraft:raw_iron_block":1,"minecraft:wheat":10,"minecraft:cobbled_deepslate":2,"minecraft:fire":2,"minecraft:grass":4,"minecraft:coal_ore":27,"minecraft:cave_vines":2,"minecraft:deepslate_iron_ore":6,"minecraft:dirt":6,"minecraft:smooth_basalt":2,"minecraft:azalea":1,"minecraft:stone":14,"minecraft:small_dripleaf":1,"minecraft:deepslate":49},"minecraft:custom":{"minecraft:interact_with_anvil":4,"minecraft:mob_kills":14,"minecraft:interact_with_crafting_table":5,"minecraft:leave_game":1,"minecraft:time_since_death":74659,"minecraft:climb_one_cm":7057,"minecraft:time_since_rest":74714,"minecraft:sprint_one_cm":255278,"minecraft:damage_taken":1576,"minecraft:walk_one_cm":263779,"minecraft:drop":26,"minecraft:damage_dealt":2933,"minecraft:swim_one_cm":423,"minecraft:fly_one_cm":230818,"minecraft:open_chest":15,"minecraft:crouch_one_cm":1719,"minecraft:play_time":83229,"minecraft:deaths":1,"minecraft:sneak_time":558,"minecraft:walk_under_water_one_cm":4766,"minecraft:jump":1637,"minecraft:interact_with_blast_furnace":1,"minecraft:walk_on_water_one_cm":29991,"minecraft:total_world_time":83229,"minecraft:fall_one_cm":38761}},"DataVersion":3465}