{"stats":{"minecraft:picked_up":{"minecraft:birch_log":1,"minecraft:stick":2,"minecraft:arrow":1,"minecraft:bone":1,"minecraft:rotten_flesh":2,"minecraft:sand":27,"minecraft:dirt":3,"minecraft:cobblestone":24},"minecraft:used":{"minecraft:dirt":3,"minecraft:sand":7},"minecraft:killed_by":{"minecraft:zombie":1,"minecraft:player":1},"minecraft:custom":{"minecraft:time_since_rest":1359,"minecraft:play_time":44546,"minecraft:sprint_one_cm":29055,"minecraft:walk_one_cm":12094,"minecraft:damage_taken":757,"minecraft:deaths":3,"minecraft:jump":220,"minecraft:damage_dealt":135,"minecraft:walk_on_water_one_cm":1532,"minecraft:time_since_death":498,"minecraft:total_world_time":44546,"minecraft:fall_one_cm":8850,"minecraft:fly_one_cm":37878},"minecraft:mined":{"minecraft:grass_block":2,"minecraft:sand":14,"minecraft:dirt":1,"minecraft:birch_leaves":1}},"DataVersion":3465}