{"stats":{"minecraft:custom":{"minecraft:interact_with_crafting_table":121,"minecraft:open_barrel":99,"minecraft:leave_game":13,"minecraft:time_since_death":10422,"minecraft:sprint_one_cm":1344876,"minecraft:drop":456,"minecraft:talked_to_villager":2,"minecraft:play_time":493788,"minecraft:deaths":12,"minecraft:jump":7609,"minecraft:walk_on_water_one_cm":204302,"minecraft:enchant_item":2,"minecraft:interact_with_furnace":15,"minecraft:sleep_in_bed":5,"minecraft:damage_dealt":50786,"minecraft:crouch_one_cm":2239,"tombstone:undead_killed":63,"minecraft:inspect_dispenser":1,"minecraft:interact_with_anvil":4,"minecraft:mob_kills":195,"minecraft:damage_dealt_resisted":1418,"minecraft:climb_one_cm":3486,"minecraft:walk_one_cm":1237830,"minecraft:damage_dealt_absorbed":120,"minecraft:sneak_time":2520,"minecraft:walk_under_water_one_cm":235112,"minecraft:total_world_time":493788,"tombstone:raider_killed":22,"minecraft:interact_with_grindstone":1,"minecraft:time_since_rest":7243,"minecraft:damage_taken":15963,"minecraft:trigger_trapped_chest":1,"tombstone:cast_on_ally":1,"minecraft:swim_one_cm":596416,"minecraft:fly_one_cm":1798269,"minecraft:open_chest":151,"minecraft:fall_one_cm":165695},"minecraft:picked_up":{"minecraft:iron_chestplate":4,"minecraft:wheat":2,"illagerinvasion:platinum_chunk":5,"minecraft:prismarine_shard":3,"minecraft:amethyst_block":9,"born_in_chaos_v1:holiday_candy":25,"born_in_chaos_v1:black_argillite":2,"minecraft:string":9,"minecraft:raw_copper":2,"minecraft:iron_leggings":1,"minecraft:pufferfish":1,"minecraft:beetroot":1,"minecraft:cobbled_deepslate":1901,"minecraft:spruce_planks":69,"minecraft:wooden_shovel":37,"minecraft:iron_boots":1,"minecraft:stick":56,"ecologics:walnut_log":4,"born_in_chaos_v1:phantom_powder":4,"minecraft:torch":1,"tombstone:grave_dust":15,"minecraft:diorite":17,"born_in_chaos_v1:nightmare_claw":4,"enemyexpansion:meathead_helmet":1,"luminousworld:grassflowers":1,"minecraft:stone_sword":2,"minecraft:rotten_flesh":33,"born_in_chaos_v1:sea_terror_eye":2,"minecraft:iron_block":1,"supplementaries:ash":30,"minecraft:obsidian":4,"minecraft:cod":1,"minecraft:cobblestone":552,"minecraft:nautilus_shell":1,"ecologics:walnut":8,"minecraft:cooked_beef":9,"minecraft:andesite":16,"vanillaplustools:diamond_hammer":1,"minecraft:potato":1,"minecraft:flint":5,"minecraft:tuff":378,"minecraft:lapis_lazuli":36,"minecraft:dirt":115,"minecraft:lantern":5,"born_in_chaos_v1:monster_skin":23,"minecraft:bone":30,"supplementaries:cartographers_quill":1,"undead_revamp2:blacpetalblock":1,"minecraft:bow":2,"minecraft:wheat_seeds":14,"minecraft:raw_gold":33,"minecraft:oak_planks":69,"friendsandfoes:totem_of_freezing":1,"iceandfire:dragonscales_sapphire":20,"iceandfire:shiny_scales":18,"minecraft:sand":538,"minecraft:dark_oak_log":2,"alexsmobs:animal_dictionary":1,"undead_revamp2:heavytooth":1,"minecraft:iron_hoe":1,"minecraft:diamond":73,"iceandfire:dragon_ice":2,"minecraft:granite":37,"minecraft:emerald":16,"minecraft:bread":1,"born_in_chaos_v1:rotten_fish":12,"born_in_chaos_v1:sea_terror_stomach":1,"iceandfire:raw_silver":11,"luminousworld:groundpebbles_1":9,"minecraft:crafting_table":11,"born_in_chaos_v1:diamond_termite_shard":9,"minecraft:chicken":1,"born_in_chaos_v1:seedof_chaos":3,"minecraft:golden_pickaxe":1,"minecraft:fire_coral":1,"iceandfire:frozen_grass":4,"minecraft:flint_and_steel":1,"ecologics:walnut_sapling":5,"born_in_chaos_v1:gnawed_bones":2,"minecraft:poppy":1,"minecraft:spruce_slab":1,"iceandfire:ice_dragon_heart":1,"minecraft:egg":2,"minecraft:raw_iron":86,"iceandfire:dragonbone":8,"ecologics:coconut_slice":6,"minecraft:cookie":5,"born_in_chaos_v1:pieceofdarkmetal":4,"minecraft:dark_oak_planks":3,"iceandfire:dragon_skull_ice":1,"supplementaries:sign_post_oak":1,"minecraft:arrow":35,"minecraft:hay_block":18,"born_in_chaos_v1:spiny_shell":1,"born_in_chaos_v1:fused_bone":2,"born_in_chaos_v1:corpse_maggot":6,"born_in_chaos_v1:monster_flesh":14,"born_in_chaos_v1:pumpkin_staff":1,"minecraft:glow_ink_sac":2,"minecraft:salmon":2,"minecraft:leather":4,"minecraft:oak_log":21,"minecraft:chainmail_chestplate":2,"iceandfire:ectoplasm":1,"minecraft:gunpowder":47,"tombstone:voodoo_poppet":1,"tombstone:gift":4,"born_in_chaos_v1:soul_cutlass":1,"minecraft:iron_ingot":2,"minecraft:stone_pickaxe":21,"tombstone:bag_of_seeds":1,"ecologics:crab_meat":1,"minecraft:iron_sword":3,"minecraft:book":79,"quark:vertical_oak_planks":3,"minecraft:pumpkin":5,"born_in_chaos_v1:ethereal_spirit":11,"minecraft:raw_iron_block":2,"minecraft:gravel":22,"born_in_chaos_v1:dark_rod":3,"minecraft:amethyst_shard":18,"minecraft:spruce_sapling":1,"born_in_chaos_v1:fangofthe_hound_leader":3,"minecraft:white_bed":2,"minecraft:spruce_log":12,"minecraft:spider_eye":1,"minecraft:slime_ball":2,"minecraft:chainmail_leggings":1,"minecraft:scute":1,"iceandfire:ice_dragon_flesh":2,"minecraft:coal":33,"minecraft:ender_pearl":1},"minecraft:used":{"minecraft:iron_shovel":244,"minecraft:iron_sword":344,"minecraft:iron_chestplate":1,"born_in_chaos_v1:soul_cutlass":91,"iceandfire:frozen_grass":4,"minecraft:lava_bucket":6,"minecraft:lantern":2,"minecraft:iron_helmet":2,"friendsandfoes:totem_of_freezing":1,"vanillaplustools:wooden_shovel":124,"minecraft:bow":4,"supplementaries:ash":1,"minecraft:furnace":1,"minecraft:egg":2,"minecraft:potato":1,"minecraft:damaged_anvil":1,"minecraft:diamond_boots":1,"minecraft:oak_planks":72,"minecraft:stone_pickaxe":93,"minecraft:wooden_pickaxe":16,"minecraft:cookie":3,"vanillaplustools:diamond_hammer":2,"minecraft:sand":3,"born_in_chaos_v1:holiday_candy":2,"minecraft:bread":52,"ecologics:coconut_slice":2,"minecraft:diamond_sword":959,"minecraft:golden_pickaxe":32,"minecraft:stone_sword":117,"minecraft:enchanting_table":1,"minecraft:flint_and_steel":9,"vanillaplustools:stone_hammer":486,"minecraft:stick":3,"minecraft:torch":20,"minecraft:dirt":87,"minecraft:chainmail_chestplate":1,"minecraft:diamond_helmet":1,"minecraft:dark_oak_planks":11,"minecraft:bookshelf":27,"minecraft:iron_boots":1,"minecraft:diamond_chestplate":1,"ecologics:walnut":1,"tombstone:gift":4,"minecraft:cooked_beef":135,"minecraft:cobbled_deepslate":123,"minecraft:iron_leggings":1,"minecraft:water_bucket":20,"ecologics:walnut_sapling":5,"minecraft:crafting_table":10,"minecraft:white_bed":2,"tombstone:bag_of_seeds":2,"minecraft:diamond_pickaxe":99,"minecraft:iron_pickaxe":243,"minecraft:suspicious_stew":1,"minecraft:spruce_sapling":1,"minecraft:stone_axe":17,"minecraft:cobblestone":6,"vanillaplustools:iron_hammer":750,"minecraft:bucket":27,"alexsmobs:animal_dictionary":3,"minecraft:diamond_leggings":1},"minecraft:killed":{"born_in_chaos_v1:mr_pumpkin":6,"born_in_chaos_v1:restless_spirit":3,"born_in_chaos_v1:zombie_lumberjack":1,"born_in_chaos_v1:sir_the_headless":1,"minecraft:spider":5,"enemyexpansion:equestrian":1,"luminousworld:frost_bitten_skeleton":3,"undead_revamp2:thesmoker":1,"born_in_chaos_v1:siamese_skeletonsright":1,"undead_revamp2:theswarmer":2,"born_in_chaos_v1:scarlet_persecutor":4,"minecraft:skeleton":17,"minecraft:bee":1,"undead_revamp2:therod":1,"undead_revamp2:thespitter":1,"born_in_chaos_v1:bonescaller":1,"minecraft:zombie_villager":1,"born_in_chaos_v1:diamond_termite":8,"naturalist:snake":1,"born_in_chaos_v1:glutton_fish":1,"undead_revamp2:theheavy":1,"born_in_chaos_v1:zombie_fisherman":1,"minecraft:pillager":10,"enemyexpansion:meature":2,"minecraft:zombie":9,"born_in_chaos_v1:dread_hound":5,"born_in_chaos_v1:corpse_fly":4,"enemyexpansion:botfly":3,"born_in_chaos_v1:siamese_skeletonsleft":1,"minecraft:cow":2,"minecraft:vindicator":11,"enemyexpansion:direwolf":9,"born_in_chaos_v1:zombie_bruiser":2,"born_in_chaos_v1:maggot":10,"born_in_chaos_v1:pumpkinhead":1,"naturalist:coral_snake":1,"born_in_chaos_v1:dire_hound_leader":2,"undead_revamp2:coppertar":1,"minecraft:drowned":3,"born_in_chaos_v1:corpse_fish":2,"friendsandfoes:iceologer":1,"iceandfire:hippocampus":5,"born_in_chaos_v1:barrel_zombie":3,"born_in_chaos_v1:fallen_chaos_knight":1,"born_in_chaos_v1:felsteed":1,"born_in_chaos_v1:baby_skeleton":1,"undead_revamp2:the_moonflower":4,"enemyexpansion:sprinter":2,"born_in_chaos_v1:phantom_creeper_copy":1,"luminousworld:mourning_cloak":2,"iceandfire:ghost":1,"born_in_chaos_v1:dark_vortex":1,"enemyexpansion:huntsman":2,"born_in_chaos_v1:nightmare_stalker":3,"iceandfire:ice_dragon":1},"minecraft:dropped":{"minecraft:iron_sword":3,"minecraft:cooked_beef":1,"minecraft:oak_log":2,"ecologics:crab_meat":1,"minecraft:glow_ink_sac":2,"minecraft:golden_pickaxe":1,"quark:vertical_oak_planks":6,"luminousworld:spuds":1,"minecraft:crafting_table":3,"ecologics:coconut_slice":4,"minecraft:cookie":2,"iceandfire:ectoplasm":1,"minecraft:flint":4,"minecraft:dirt":28,"minecraft:sand":385,"minecraft:iron_pickaxe":1,"undead_revamp2:blacpetalblock":1,"minecraft:gravel":17,"minecraft:cobbled_deepslate":937,"alexsmobs:animal_dictionary":1,"tombstone:gift":4,"minecraft:beetroot":1,"quark:sturdy_stone":1,"minecraft:rotten_flesh":30,"minecraft:oak_planks":81,"minecraft:salmon":2,"minecraft:chainmail_chestplate":1,"minecraft:poppy":4,"supplementaries:ash":6,"minecraft:gunpowder":47,"vanillaplustools:wooden_shovel":1,"minecraft:melon_seeds":1,"born_in_chaos_v1:corpse_maggot":2,"ecologics:coconut_husk":2,"vanillaplustools:stone_hammer":1,"iceandfire:manuscript":1,"minecraft:wheat_seeds":5,"minecraft:book":1,"minecraft:iron_helmet":1,"minecraft:cobblestone":128,"minecraft:granite":37,"minecraft:coal":31,"minecraft:stick":27,"minecraft:pufferfish":1,"minecraft:iron_block":1,"born_in_chaos_v1:black_argillite":1,"minecraft:torch":1,"tombstone:grave_dust":5,"minecraft:iron_leggings":2,"supplementaries:sign_post_oak":1,"minecraft:iron_shovel":1,"minecraft:string":9,"tombstone:voodoo_poppet":1,"vanillaplustools:diamond_hammer":1,"minecraft:stone_sword":3,"minecraft:raw_copper":2,"minecraft:bowl":1,"minecraft:tuff":379,"minecraft:raw_iron":52,"minecraft:pumpkin_seeds":3,"minecraft:flint_and_steel":1,"iceandfire:dragon_ice":1,"minecraft:filled_map":2,"ecologics:walnut":7,"minecraft:spruce_planks":72,"luminousworld:groundpebbles_1":10,"minecraft:iron_chestplate":4,"minecraft:fire_coral":1,"minecraft:wooden_shovel":37,"minecraft:slime_ball":2,"minecraft:bow":2,"minecraft:stone_pickaxe":13,"minecraft:wooden_pickaxe":1,"minecraft:raw_gold":14},"minecraft:killed_by":{"undead_revamp2:clogger":1,"iceandfire:ice_dragon":6,"minecraft:player":1,"enemyexpansion:trollenraged":1,"minecraft:spider":1,"born_in_chaos_v1:dread_hound":1},"minecraft:mined":{"minecraft:dark_oak_planks":3,"minecraft:large_amethyst_bud":3,"minecraft:white_bed":2,"minecraft:obsidian":4,"minecraft:granite":38,"minecraft:budding_amethyst":1,"minecraft:grass_block":6,"minecraft:spawner":1,"minecraft:raw_iron_block":2,"minecraft:iron_ore":12,"minecraft:cobbled_deepslate":6,"minecraft:fire":1,"minecraft:pumpkin":5,"minecraft:deepslate_lapis_ore":7,"minecraft:dark_oak_stairs":1,"ecologics:walnut_log":4,"luminousworld:decorative_brown_2":1,"minecraft:spruce_slab":1,"minecraft:deepslate_redstone_ore":38,"minecraft:medium_amethyst_bud":2,"minecraft:amethyst_cluster":4,"iceandfire:dragon_ice_spikes":2,"born_in_chaos_v1:infected_deepslate_diamond_ore":4,"minecraft:torch":1,"minecraft:calcite":29,"minecraft:amethyst_block":9,"minecraft:wheat":2,"minecraft:grass":34,"minecraft:oak_log":16,"minecraft:sand":1227,"minecraft:dirt":112,"minecraft:crimson_planks":1,"luminousworld:grassvariant_3":5,"minecraft:smooth_basalt":46,"born_in_chaos_v1:infernal_evil_pumpkin_s":1,"minecraft:oak_leaves":1,"minecraft:deepslate":9020,"minecraft:tuff":931,"iceandfire:silver_ore":12,"minecraft:mossy_cobblestone":2,"minecraft:deepslate_diamond_ore":73,"quark:blue_blossom_leaves":29,"born_in_chaos_v1:infected_diamond_ore":8,"minecraft:purple_terracotta":1,"luminousworld:mossbuds_2":1,"iceandfire:frozen_grass":5,"born_in_chaos_v1:black_argillite":30,"luminousworld:grassvariant_2":4,"minecraft:spruce_leaves":8,"minecraft:hay_block":18,"luminousworld:yellow_grassflowers":1,"minecraft:andesite":146,"minecraft:bookshelf":26,"minecraft:deepslate_iron_ore":27,"minecraft:stone":770,"luminousworld:blueberrybush":1,"minecraft:crafting_table":7,"ecologics:walnut_leaves":29,"minecraft:tall_grass":4,"minecraft:copper_ore":1,"minecraft:lapis_ore":2,"minecraft:deepslate_gold_ore":19,"minecraft:diorite":20,"supplementaries:urn":2,"minecraft:ice":3,"minecraft:spruce_log":8,"minecraft:coal_ore":17,"luminousworld:ishstone":14,"minecraft:gravel":32,"minecraft:cobweb":5,"minecraft:fern":1},"minecraft:crafted":{"minecraft:oak_planks":252,"quark:sturdy_stone":1,"minecraft:bookshelf":27,"vanillaplustools:iron_hammer":3,"minecraft:diamond_helmet":2,"minecraft:diamond_leggings":1,"vanillaplustools:wooden_shovel":3,"minecraft:wooden_shovel":27,"sophisticatedbackpacks:backpack":1,"minecraft:crafting_table":2,"minecraft:spruce_planks":48,"minecraft:iron_helmet":1,"minecraft:wooden_pickaxe":1,"minecraft:pumpkin_seeds":20,"minecraft:diamond_pickaxe":1,"minecraft:stick":212,"minecraft:iron_ingot":54,"minecraft:iron_pickaxe":27,"minecraft:stone_sword":1,"minecraft:raw_iron":18,"vanillaplustools:stone_hammer":4,"minecraft:furnace":1,"minecraft:bone_meal":3,"minecraft:diamond":1,"born_in_chaos_v1:bone_handle":1,"minecraft:stone_pickaxe":28,"minecraft:diamond_boots":2,"minecraft:dark_oak_planks":8,"minecraft:wheat":99,"minecraft:diamond_sword":1,"quark:vertical_oak_planks":3,"minecraft:enchanting_table":1,"minecraft:iron_sword":1,"minecraft:bucket":2,"minecraft:bread":52,"minecraft:iron_shovel":1,"minecraft:torch":20,"born_in_chaos_v1:staffof_magic_arrows":1,"minecraft:diamond_chestplate":1},"minecraft:broken":{"minecraft:diamond_helmet":1,"vanillaplustools:iron_hammer":3,"minecraft:iron_boots":1,"aether:iron_gloves":1,"vanillaplustools:wooden_shovel":2,"vanillaplustools:stone_hammer":3,"minecraft:iron_helmet":1,"minecraft:golden_pickaxe":1}},"DataVersion":3465}