{"stats":{"minecraft:custom":{"minecraft:interact_with_furnace":13,"minecraft:mob_kills":26,"minecraft:interact_with_crafting_table":8,"minecraft:open_barrel":12,"minecraft:damage_dealt_resisted":10,"minecraft:eat_cake_slice":3,"minecraft:leave_game":40,"minecraft:time_since_death":4614,"minecraft:sleep_in_bed":1,"minecraft:climb_one_cm":446,"minecraft:time_since_rest":3453,"minecraft:sprint_one_cm":256701,"minecraft:damage_taken":2215,"minecraft:walk_one_cm":360509,"minecraft:damage_blocked_by_shield":360,"minecraft:drop":1,"minecraft:damage_dealt":3506,"minecraft:swim_one_cm":85281,"minecraft:fly_one_cm":382409,"minecraft:open_chest":59,"minecraft:crouch_one_cm":97,"minecraft:play_time":90726,"tombstone:undead_killed":13,"minecraft:deaths":7,"minecraft:sneak_time":283,"minecraft:walk_under_water_one_cm":27294,"minecraft:jump":1364,"minecraft:walk_on_water_one_cm":32185,"minecraft:interact_with_smoker":5,"minecraft:total_world_time":90726,"minecraft:fall_one_cm":28946},"minecraft:picked_up":{"luminousworld:groundpebbles_1":2,"born_in_chaos_v1:corpse_maggot":5,"minecraft:crafting_table":2,"minecraft:iron_chestplate":1,"earthmobsmod:fancy_egg":3,"minecraft:flint":2,"minecraft:oak_log":5,"minecraft:gunpowder":1,"minecraft:dirt":21,"minecraft:bone":2,"minecraft:iron_ingot":46,"minecraft:beef":3,"minecraft:iron_pickaxe":1,"minecraft:sugar_cane":14,"minecraft:iron_sword":1,"minecraft:egg":1,"minecraft:raw_iron":3,"ecologics:walnut_log":5,"minecraft:oak_fence":3,"minecraft:gravel":11,"minecraft:sand":1,"tombstone:grave_dust":2,"alexsmobs:animal_dictionary":1,"naturalist:duck_egg":2,"mowziesmobs:naga_fang":1,"minecraft:rotten_flesh":20,"minecraft:slime_ball":1,"supplementaries:ash":3,"mutantmonsters:mutant_skeleton_shoulder_pad":1,"minecraft:mutton":1,"minecraft:coal":18,"minecraft:white_wool":1,"iceandfire:raw_silver":1,"minecraft:cobblestone":38},"minecraft:used":{"minecraft:oak_fence":3,"minecraft:stone_pickaxe":48,"minecraft:wooden_pickaxe":7,"minecraft:shield":24,"minecraft:iron_sword":55,"earthmobsmod:fancy_egg":3,"minecraft:cooked_chicken":4,"minecraft:rotten_flesh":6,"naturalist:duck_egg":1,"minecraft:white_wool":1,"minecraft:dirt":1,"minecraft:sand":1,"minecraft:mutton":1,"minecraft:crafting_table":2,"minecraft:wooden_axe":28,"minecraft:cobblestone":14,"minecraft:beef":3,"tombstone:gift":4,"minecraft:egg":1},"minecraft:dropped":{"minecraft:glass":64},"minecraft:killed":{"enemyexpansion:direwolf":1,"born_in_chaos_v1:decrepit_skeleton":1,"born_in_chaos_v1:maggot":4,"minecraft:sheep":1,"minecraft:zombie":11,"born_in_chaos_v1:corpse_fly":3,"minecraft:drowned":1,"minecraft:cow":1},"minecraft:killed_by":{"minecraft:player":1,"undead_revamp2:the_moonflower":1,"minecraft:creeper":2,"minecraft:spider":1,"born_in_chaos_v1:corpse_fly":1,"iceandfire:ghost":1},"minecraft:mined":{"luminousworld:groundpebbles_1":1,"iceandfire:silver_ore":1,"minecraft:kelp_plant":1,"minecraft:oak_fence":3,"minecraft:crafting_table":2,"minecraft:grass_block":1,"minecraft:tall_grass":2,"minecraft:kelp":1,"minecraft:sugar_cane":1,"minecraft:iron_ore":3,"minecraft:grass":1,"minecraft:oak_log":5,"minecraft:coal_ore":18,"luminousworld:snowgrass":1,"minecraft:sand":1,"ecologics:walnut_log":5,"minecraft:stone":32,"minecraft:oak_leaves":2},"minecraft:crafted":{"minecraft:oak_planks":20,"minecraft:crafting_table":1,"ecologics:walnut_planks":20,"minecraft:wooden_pickaxe":1,"minecraft:iron_helmet":1,"minecraft:cooked_chicken":13,"minecraft:iron_sword":2,"minecraft:air":0,"minecraft:glass":64,"minecraft:iron_boots":1,"minecraft:iron_chestplate":1,"minecraft:shield":1,"minecraft:stick":12,"minecraft:iron_ingot":3,"minecraft:iron_pickaxe":1,"minecraft:stone_pickaxe":1,"minecraft:wooden_axe":1,"minecraft:iron_leggings":1},"minecraft:broken":{"minecraft:iron_sword":1}},"DataVersion":3465}