{"stats":{"minecraft:picked_up":{"minecraft:oak_fence":3,"minecraft:sand":1,"minecraft:sugar_cane":7,"minecraft:mutton":1,"minecraft:white_wool":1},"minecraft:custom":{"minecraft:open_barrel":6,"minecraft:time_since_rest":6258,"minecraft:open_chest":22,"minecraft:crouch_one_cm":89,"minecraft:sprint_one_cm":89186,"minecraft:play_time":27294,"minecraft:deaths":2,"minecraft:damage_taken":510,"minecraft:walk_one_cm":160416,"minecraft:sneak_time":56,"minecraft:walk_under_water_one_cm":1397,"minecraft:mob_kills":1,"minecraft:jump":497,"minecraft:damage_dealt":108,"minecraft:leave_game":14,"minecraft:walk_on_water_one_cm":4081,"minecraft:time_since_death":6590,"minecraft:climb_one_cm":446,"minecraft:sleep_in_bed":1,"minecraft:total_world_time":27294,"minecraft:swim_one_cm":11132,"minecraft:interact_with_crafting_table":1,"minecraft:fall_one_cm":10977,"minecraft:fly_one_cm":183782},"minecraft:used":{"minecraft:oak_fence":3,"minecraft:white_wool":1,"minecraft:sand":1,"minecraft:mutton":1,"tombstone:gift":2},"minecraft:killed":{"minecraft:sheep":1},"minecraft:killed_by":{"iceandfire:ghost":1,"undead_revamp2:the_moonflower":1},"minecraft:mined":{"luminousworld:snowgrass":1,"minecraft:sand":1,"minecraft:sugar_cane":1,"minecraft:oak_fence":3}},"DataVersion":3465}