{"stats":{"minecraft:killed":{"born_in_chaos_v1:zombie_lumberjack":1,"minecraft:spider":1,"undead_revamp2:thesmoker":1,"minecraft:cod":1,"minecraft:skeleton":2,"minecraft:bee":1,"born_in_chaos_v1:diamond_termite":1,"born_in_chaos_v1:glutton_fish":1,"minecraft:zombie":3,"born_in_chaos_v1:dread_hound":1,"alexsmobs:fly":2,"enemyexpansion:direwolf":1,"born_in_chaos_v1:maggot":4,"minecraft:phantom":3,"undead_revamp2:coppertar":1,"minecraft:drowned":7,"born_in_chaos_v1:corpse_fish":8,"undead_revamp2:the_moonflower":7,"enemyexpansion:sprinter":2,"born_in_chaos_v1:bloody_gadfly":3,"undead_revamp2:thesomnolence":1,"iceandfire:ghost":3},"minecraft:killed_by":{"undead_revamp2:theswarmer":1,"undead_revamp2:therod":1},"minecraft:mined":{"minecraft:white_bed":1,"luminousworld:yellowpetunias":2,"minecraft:cobbled_deepslate_stairs":8,"minecraft:brewing_stand":2,"minecraft:acacia_log":18,"minecraft:grass_block":338,"minecraft:smooth_stone":2,"minecraft:iron_ore":7,"minecraft:cobbled_deepslate":34,"minecraft:barrel":2,"minecraft:dirt_path":1,"minecraft:oak_stairs":29,"minecraft:iron_block":2,"luminousworld:purple_petunias":1,"minecraft:torch":4,"minecraft:glass":1,"minecraft:sugar_cane":19,"minecraft:oak_planks":249,"minecraft:damaged_anvil":1,"minecraft:wall_torch":3,"minecraft:skeleton_skull":2,"minecraft:wheat":15,"minecraft:stone_brick_stairs":3,"minecraft:grass":26,"minecraft:oak_log":103,"minecraft:beetroots":1,"minecraft:acacia_fence":13,"minecraft:sand":354,"minecraft:dirt":634,"quark:hollow_oak_log":2,"luminousworld:grassvariant_3":9,"minecraft:stonecutter":1,"minecraft:deepslate":14,"iceandfire:silver_ore":1,"torchmaster:megatorch":2,"iceandfire:frozen_stone":2,"minecraft:spruce_fence":3,"luminousworld:grassvariant_2":4,"minecraft:sandstone":16,"minecraft:hay_block":17,"minecraft:oak_trapdoor":3,"supplementaries:timber_frame":1,"minecraft:bookshelf":46,"minecraft:potatoes":1,"minecraft:deepslate_iron_ore":3,"minecraft:lantern":40,"minecraft:stone":275,"minecraft:acacia_leaves":55,"quark:oak_chest":4,"minecraft:oak_fence":48,"minecraft:crafting_table":4,"minecraft:rose_bush":1,"minecraft:campfire":2,"minecraft:tall_grass":8,"minecraft:copper_ore":1,"placeablesmod:cooked_mutton_block":2,"minecraft:beehive":1,"minecraft:torchflower":4,"minecraft:yellow_bed":3,"minecraft:coal_ore":28,"minecraft:gravel":235,"minecraft:cobweb":20,"minecraft:cracked_stone_bricks":2},"minecraft:used":{"minecraft:iron_shovel":504,"minecraft:ladder":7,"minecraft:chest":2,"minecraft:shield":25,"minecraft:iron_sword":374,"minecraft:grass":1,"minecraft:acacia_sapling":8,"minecraft:beehive":1,"born_in_chaos_v1:corpse_maggot":3,"minecraft:glass":54,"minecraft:lantern":62,"minecraft:hay_block":1,"minecraft:furnace":8,"minecraft:cooked_cod":1,"minecraft:beetroot_seeds":7,"minecraft:acacia_fence":161,"minecraft:potato":1,"minecraft:stone_pickaxe":171,"minecraft:oak_planks":888,"minecraft:wooden_pickaxe":36,"minecraft:cookie":1,"minecraft:cobbled_deepslate_stairs":34,"quark:hollow_oak_log":2,"minecraft:bread":29,"minecraft:gravel":295,"minecraft:experience_bottle":1,"minecraft:oak_trapdoor":57,"minecraft:oak_fence":305,"minecraft:armor_stand":2,"minecraft:stone_shovel":1051,"vanillaplustools:stone_hammer":5,"minecraft:cooked_salmon":2,"minecraft:cooked_chicken":3,"minecraft:oak_door":3,"minecraft:torch":152,"minecraft:brewing_stand":1,"minecraft:dirt":156,"minecraft:spruce_fence":8,"minecraft:wooden_axe":40,"minecraft:iron_axe":252,"minecraft:oak_stairs":164,"minecraft:iron_boots":2,"minecraft:barrel":4,"minecraft:tall_grass":1,"tombstone:gift":6,"torchmaster:megatorch":1,"minecraft:cooked_beef":40,"minecraft:cobbled_deepslate":455,"minecraft:cooked_mutton":5,"furnitura:small_table_oak":1,"supplementaries:timber_frame":2,"minecraft:crafting_table":10,"minecraft:white_bed":1,"minecraft:oak_log":439,"tombstone:bag_of_seeds":2,"minecraft:wooden_hoe":57,"minecraft:iron_pickaxe":244,"minecraft:stone_axe":230,"furnitura:oak_table":1,"minecraft:yellow_bed":1,"quark:oak_chest":5,"alexsmobs:animal_dictionary":1},"minecraft:crafted":{"minecraft:oak_planks":1652,"minecraft:cooked_chicken":3,"minecraft:cooked_mutton":8,"minecraft:glass":76,"quark:hollow_oak_log":4,"furnitura:oak_table":1,"minecraft:chest":2,"minecraft:acacia_fence":150,"minecraft:oak_fence":240,"minecraft:oak_slab":126,"minecraft:deepslate":1,"minecraft:crafting_table":6,"minecraft:wooden_pickaxe":1,"minecraft:copper_ingot":17,"minecraft:wooden_hoe":1,"minecraft:charcoal":121,"minecraft:shield":1,"minecraft:stick":504,"quark:oak_chest":5,"minecraft:iron_ingot":78,"minecraft:oak_door":6,"minecraft:stone_shovel":8,"vanillaplustools:stone_hammer":3,"minecraft:iron_nugget":207,"minecraft:furnace":8,"minecraft:oak_trapdoor":120,"minecraft:lantern":25,"minecraft:iron_axe":1,"minecraft:ladder":16,"born_in_chaos_v1:fried_maggot":1,"minecraft:stone_pickaxe":35,"minecraft:cobbled_deepslate_stairs":96,"furnitura:small_table_oak":1,"minecraft:wheat":72,"minecraft:cooked_beef":3,"minecraft:cooked_cod":1,"iceandfire:silver_ingot":1,"minecraft:iron_sword":2,"minecraft:cooked_salmon":2,"minecraft:stone_axe":1,"supplementaries:timber_frame":1,"minecraft:bread":28,"minecraft:air":0,"minecraft:wooden_axe":1,"minecraft:oak_stairs":154,"minecraft:iron_shovel":1,"minecraft:acacia_planks":208,"minecraft:torch":256},"minecraft:broken":{"minecraft:iron_shovel":2,"minecraft:iron_chestplate":1,"minecraft:iron_leggings":1,"minecraft:stone_pickaxe":1,"minecraft:stone_axe":1,"minecraft:wooden_axe":1,"minecraft:stone_shovel":8,"minecraft:iron_axe":1,"minecraft:iron_pickaxe":1},"minecraft:custom":{"minecraft:animals_bred":1,"minecraft:interact_with_crafting_table":106,"minecraft:open_barrel":66,"minecraft:leave_game":3,"minecraft:time_since_death":7137,"minecraft:sprint_one_cm":491945,"minecraft:damage_blocked_by_shield":790,"minecraft:drop":63,"minecraft:talked_to_villager":9,"minecraft:play_time":432983,"minecraft:deaths":4,"minecraft:jump":3086,"minecraft:interact_with_brewingstand":1,"minecraft:walk_on_water_one_cm":209883,"minecraft:interact_with_furnace":127,"minecraft:interact_with_cartography_table":2,"minecraft:sleep_in_bed":3,"minecraft:damage_dealt":14994,"minecraft:crouch_one_cm":120106,"tombstone:undead_killed":29,"minecraft:interact_with_smoker":1,"minecraft:horse_one_cm":489068,"minecraft:interact_with_smithing_table":1,"minecraft:mob_kills":57,"minecraft:interact_with_anvil":1,"minecraft:damage_dealt_resisted":5,"minecraft:climb_one_cm":6204,"minecraft:walk_one_cm":1618581,"minecraft:sneak_time":41406,"minecraft:walk_under_water_one_cm":203088,"minecraft:total_world_time":432983,"tombstone:raider_killed":4,"minecraft:interact_with_stonecutter":1,"minecraft:time_since_rest":5920,"minecraft:damage_taken":6360,"minecraft:swim_one_cm":120711,"minecraft:fly_one_cm":80307,"minecraft:open_chest":203,"minecraft:fall_one_cm":40300},"minecraft:picked_up":{"minecraft:iron_chestplate":1,"minecraft:wheat":59,"quark:hollow_oak_log":2,"minecraft:oak_stairs":27,"minecraft:brewing_stand":2,"minecraft:string":23,"iceandfire:manuscript":1,"minecraft:raw_copper":2,"minecraft:iron_leggings":1,"minecraft:armor_stand":2,"minecraft:experience_bottle":1,"minecraft:beetroot":5,"minecraft:cobbled_deepslate":582,"minecraft:smooth_stone":4,"minecraft:rose_bush":1,"minecraft:iron_pickaxe":1,"minecraft:iron_boots":2,"minecraft:beehive":1,"minecraft:stick":47,"minecraft:acacia_fence":11,"minecraft:oak_fence":183,"minecraft:torch":92,"minecraft:acacia_log":52,"tombstone:grave_dust":1,"supplementaries:flax":2,"luminousworld:grassflowers":1,"minecraft:rotten_flesh":35,"quark:sturdy_stone":1,"quark:clear_shard":2,"luminousworld:yellow_grassflowers":2,"born_in_chaos_v1:sea_terror_eye":2,"minecraft:iron_block":2,"supplementaries:ash":1,"undead_revamp2:arapholia":2,"minecraft:cod":1,"minecraft:cobblestone":354,"minecraft:leather_chestplate":1,"ecologics:walnut":1,"vanillaplustools:diamond_hammer":1,"minecraft:potato":1,"minecraft:flint":26,"minecraft:tuff":127,"luminousworld:purple_petunias":1,"minecraft:dirt":1046,"minecraft:lantern":44,"minecraft:bone":10,"undead_revamp2:blacpetalblock":1,"minecraft:stonecutter":1,"minecraft:bow":6,"minecraft:wheat_seeds":121,"minecraft:oak_planks":288,"torchmaster:megatorch":2,"minecraft:sand":373,"minecraft:barrel":2,"luminousworld:yellowpetunias":3,"minecraft:granite":2,"minecraft:bone_meal":1,"minecraft:bread":1,"minecraft:emerald":1,"minecraft:chainmail_helmet":1,"alexsmobs:maggot":4,"born_in_chaos_v1:rotten_fish":24,"iceandfire:raw_silver":1,"luminousworld:groundpebbles_1":3,"minecraft:cocoa_beans":1,"minecraft:charcoal":4,"minecraft:crafting_table":5,"minecraft:chicken":3,"born_in_chaos_v1:seedof_chaos":2,"minecraft:wooden_pickaxe":1,"minecraft:oak_trapdoor":3,"iceandfire:frozen_stone":2,"minecraft:iron_axe":2,"minecraft:item_frame":16,"born_in_chaos_v1:intoxicating_decoction":1,"minecraft:iron_shovel":1,"iceandfire:bestiary":1,"minecraft:beef":3,"minecraft:sugar_cane":30,"minecraft:phantom_membrane":1,"minecraft:raw_iron":8,"minecraft:sandstone":16,"minecraft:copper_ingot":2,"minecraft:bowl":1,"minecraft:spruce_fence":3,"minecraft:cookie":1,"minecraft:redstone":14,"minecraft:arrow":9,"minecraft:beetroot_seeds":8,"minecraft:hay_block":17,"minecraft:gold_ingot":2,"minecraft:mutton":3,"minecraft:skeleton_skull":2,"born_in_chaos_v1:corpse_maggot":11,"born_in_chaos_v1:monster_flesh":1,"minecraft:salmon":2,"luminousworld:ishstone":1,"minecraft:torchflower":4,"minecraft:oak_log":106,"iceandfire:ectoplasm":1,"minecraft:yellow_bed":4,"minecraft:cobbled_deepslate_stairs":8,"minecraft:cooked_mutton":4,"minecraft:iron_ingot":2,"tombstone:bag_of_seeds":1,"minecraft:tall_grass":1,"supplementaries:timber_frame":1,"minecraft:acacia_sapling":4,"minecraft:iron_sword":4,"minecraft:book":140,"minecraft:torchflower_seeds":4,"minecraft:gravel":399,"minecraft:white_bed":1,"quark:oak_chest":3,"minecraft:spider_eye":1,"minecraft:iron_helmet":2,"tombstone:magic_scroll":1,"minecraft:damaged_anvil":1,"minecraft:coal":30},"minecraft:dropped":{"minecraft:oak_log":2,"minecraft:crafting_table":1,"minecraft:dirt":210,"minecraft:bone":1,"minecraft:oak_door":1,"minecraft:cobbled_deepslate":66,"minecraft:rotten_flesh":5,"minecraft:oak_planks":49,"minecraft:cooked_mutton":4,"minecraft:leather_chestplate":2,"quark:hollow_oak_log":4,"iceandfire:bestiary":1,"minecraft:arrow":1,"luminousworld:ishstone":1,"minecraft:oak_fence":135,"minecraft:torch":45,"tombstone:grave_key":1,"minecraft:rose_bush":1,"tombstone:grave_dust":2,"minecraft:oak_stairs":25,"minecraft:iron_axe":1,"minecraft:string":1,"vanillaplustools:diamond_hammer":1,"minecraft:torchflower_seeds":2,"minecraft:spruce_fence":3,"luminousworld:yellow_grassflowers":1,"minecraft:yellow_bed":1,"minecraft:bow":5,"minecraft:stone_pickaxe":9,"minecraft:wooden_pickaxe":1}},"DataVersion":3465}