{"stats":{"minecraft:custom":{"minecraft:animals_bred":10,"minecraft:interact_with_crafting_table":168,"minecraft:open_barrel":170,"minecraft:leave_game":10,"minecraft:time_since_death":21575,"minecraft:sprint_one_cm":1150071,"minecraft:damage_blocked_by_shield":1570,"minecraft:drop":98,"minecraft:talked_to_villager":9,"minecraft:play_time":759552,"minecraft:deaths":7,"minecraft:jump":4856,"minecraft:interact_with_brewingstand":1,"minecraft:walk_on_water_one_cm":268518,"minecraft:interact_with_furnace":231,"minecraft:interact_with_cartography_table":2,"minecraft:sleep_in_bed":3,"minecraft:damage_dealt":24122,"minecraft:crouch_one_cm":165166,"tombstone:undead_killed":47,"minecraft:interact_with_smoker":1,"minecraft:horse_one_cm":3087289,"minecraft:interact_with_smithing_table":1,"minecraft:interact_with_anvil":4,"minecraft:mob_kills":96,"minecraft:damage_dealt_resisted":1396,"minecraft:climb_one_cm":15163,"minecraft:walk_one_cm":2798817,"minecraft:sneak_time":52689,"minecraft:walk_under_water_one_cm":291560,"minecraft:total_world_time":759552,"tombstone:raider_killed":4,"minecraft:interact_with_stonecutter":1,"minecraft:time_since_rest":20264,"minecraft:damage_taken":12784,"minecraft:trigger_trapped_chest":1,"minecraft:swim_one_cm":193366,"minecraft:fly_one_cm":242880,"minecraft:open_chest":410,"minecraft:fall_one_cm":70500},"minecraft:picked_up":{"minecraft:iron_chestplate":1,"minecraft:wheat":210,"minecraft:chainmail_boots":1,"luminousworld:blackberry":5,"minecraft:lead":15,"minecraft:diamond_sword":2,"quark:hollow_oak_log":2,"minecraft:oak_stairs":43,"earthmobsmod:fancy_egg":9,"minecraft:brewing_stand":3,"born_in_chaos_v1:black_argillite":8,"iceandfire:manuscript":1,"minecraft:string":26,"minecraft:raw_copper":76,"minecraft:iron_leggings":1,"minecraft:armor_stand":6,"minecraft:experience_bottle":1,"minecraft:beetroot":45,"vanillaplustools:stone_shovel":5,"minecraft:diamond_leggings":2,"minecraft:cobbled_deepslate":2586,"minecraft:smooth_stone":4,"minecraft:bucket":1,"minecraft:rose_bush":1,"minecraft:iron_pickaxe":2,"minecraft:melon_slice":11,"minecraft:iron_boots":5,"minecraft:furnace":1,"minecraft:beehive":1,"minecraft:stick":139,"born_in_chaos_v1:shattered_skull":2,"minecraft:acacia_fence":14,"ecologics:walnut_log":1,"minecraft:oak_fence":231,"minecraft:torch":119,"minecraft:acacia_log":79,"tombstone:grave_dust":1,"minecraft:diorite":96,"supplementaries:flax":7,"luminousworld:grassflowers":1,"quark:sturdy_stone":1,"quark:clear_shard":10,"minecraft:rotten_flesh":73,"luminousworld:yellow_grassflowers":2,"born_in_chaos_v1:sea_terror_eye":2,"minecraft:iron_block":2,"supplementaries:ash":1,"minecraft:cod":1,"undead_revamp2:arapholia":5,"minecraft:cobblestone":1501,"born_in_chaos_v1:staffof_magic_arrows":2,"luminousworld:savannah_ground":1,"ecologics:walnut":2,"minecraft:leather_chestplate":1,"minecraft:cooked_beef":1,"minecraft:water_bucket":2,"minecraft:andesite":143,"vanillaplustools:diamond_hammer":1,"minecraft:potato":1,"minecraft:flint":62,"minecraft:tuff":301,"supplementaries:flax_seeds":7,"luminousworld:purple_petunias":2,"minecraft:lapis_lazuli":222,"minecraft:dirt":1174,"minecraft:lantern":44,"minecraft:bone":27,"undead_revamp2:blacpetalblock":1,"minecraft:stonecutter":1,"minecraft:bow":8,"minecraft:wheat_seeds":329,"minecraft:raw_gold":10,"minecraft:oak_planks":517,"torchmaster:megatorch":2,"minecraft:sand":392,"minecraft:dark_oak_log":2,"minecraft:barrel":9,"undead_revamp2:heavytooth":1,"ecologics:walnut_fence":6,"minecraft:diamond":8,"minecraft:soul_lantern":1,"luminousworld:yellowpetunias":3,"minecraft:granite":112,"minecraft:bone_meal":1,"minecraft:emerald":1,"minecraft:chainmail_helmet":1,"minecraft:bread":1,"alexsmobs:maggot":4,"minecraft:oak_sapling":4,"born_in_chaos_v1:rotten_fish":24,"iceandfire:raw_silver":2,"minecraft:cocoa_beans":1,"luminousworld:groundpebbles_1":4,"minecraft:charcoal":4,"minecraft:crafting_table":9,"born_in_chaos_v1:diamond_termite_shard":6,"minecraft:chicken":3,"born_in_chaos_v1:seedof_chaos":2,"minecraft:wooden_pickaxe":1,"minecraft:oak_trapdoor":3,"iceandfire:frozen_stone":2,"minecraft:iron_axe":2,"minecraft:item_frame":28,"born_in_chaos_v1:intoxicating_decoction":1,"minecraft:iron_shovel":2,"iceandfire:bestiary":1,"minecraft:beef":13,"minecraft:sugar_cane":48,"minecraft:phantom_membrane":1,"minecraft:egg":1,"minecraft:raw_iron":88,"minecraft:sandstone":16,"ecologics:coconut_slice":20,"minecraft:copper_ingot":2,"minecraft:bowl":1,"minecraft:spruce_fence":3,"minecraft:white_dye":2,"quark:deepslate_furnace":1,"minecraft:cookie":1,"born_in_chaos_v1:pieceofdarkmetal":2,"minecraft:redstone":29,"vanillaplustools:wooden_shovel":1,"minecraft:stone_shovel":1,"minecraft:arrow":15,"minecraft:diamond_chestplate":2,"minecraft:beetroot_seeds":87,"born_in_chaos_v1:wood_splitter_axe":2,"minecraft:hay_block":17,"tombstone:essence_of_undeath":1,"minecraft:gold_ingot":4,"minecraft:mutton":3,"minecraft:skeleton_skull":2,"born_in_chaos_v1:corpse_maggot":13,"born_in_chaos_v1:monster_flesh":1,"minecraft:salmon":2,"luminousworld:ishstone":35,"minecraft:leather":7,"alexsmobs:acacia_blossom":1,"minecraft:filled_map":1,"minecraft:torchflower":4,"minecraft:oak_log":123,"minecraft:chainmail_chestplate":2,"iceandfire:ectoplasm":1,"minecraft:yellow_bed":4,"minecraft:cobbled_deepslate_stairs":8,"tombstone:gift":2,"minecraft:cooked_mutton":4,"minecraft:apple":1,"minecraft:iron_ingot":8,"minecraft:stone_pickaxe":1,"tombstone:bag_of_seeds":1,"minecraft:tall_grass":1,"supplementaries:timber_frame":1,"minecraft:iron_sword":10,"minecraft:acacia_sapling":17,"minecraft:book":140,"minecraft:torchflower_seeds":4,"minecraft:gravel":923,"minecraft:white_bed":1,"quark:oak_chest":8,"minecraft:spider_eye":1,"minecraft:slime_ball":7,"minecraft:iron_helmet":4,"vanillaplustools:stone_hammer":6,"tombstone:magic_scroll":1,"minecraft:damaged_anvil":1,"minecraft:coal":66},"minecraft:used":{"minecraft:beetroot":2,"minecraft:iron_shovel":504,"minecraft:ladder":7,"minecraft:oak_sign":3,"minecraft:chest":2,"minecraft:shield":49,"minecraft:iron_sword":558,"minecraft:grass":1,"iceandfire:frozen_stone":2,"minecraft:acacia_sapling":21,"minecraft:beehive":1,"minecraft:glass":172,"born_in_chaos_v1:corpse_maggot":3,"quark:deepslate_furnace":2,"minecraft:lantern":65,"minecraft:item_frame":3,"vanillaplustools:wooden_shovel":53,"minecraft:bow":1,"minecraft:hay_block":1,"minecraft:furnace":8,"minecraft:cooked_cod":1,"minecraft:beetroot_seeds":9,"minecraft:acacia_fence":200,"minecraft:egg":1,"minecraft:potato":1,"minecraft:diamond_boots":1,"minecraft:stone_pickaxe":172,"minecraft:oak_planks":1261,"minecraft:wooden_pickaxe":36,"minecraft:cookie":1,"minecraft:cobbled_deepslate_stairs":34,"quark:hollow_oak_log":2,"minecraft:bread":30,"ecologics:walnut_fence":3,"minecraft:oak_pressure_plate":2,"minecraft:gravel":326,"minecraft:iron_door":2,"ecologics:coconut_slice":2,"minecraft:oak_fence":416,"minecraft:experience_bottle":1,"minecraft:oak_trapdoor":57,"ecologics:walnut_log":1,"minecraft:armor_stand":8,"minecraft:stone_shovel":1051,"vanillaplustools:stone_hammer":261,"minecraft:cooked_salmon":2,"minecraft:cooked_chicken":3,"minecraft:oak_door":3,"minecraft:torch":279,"minecraft:brewing_stand":1,"minecraft:dirt":473,"minecraft:spruce_fence":8,"minecraft:oak_fence_gate":2,"minecraft:wooden_axe":40,"minecraft:iron_axe":464,"minecraft:oak_stairs":240,"minecraft:iron_boots":3,"minecraft:barrel":21,"minecraft:diamond_chestplate":1,"minecraft:tall_grass":1,"torchmaster:megatorch":1,"tombstone:gift":10,"minecraft:cooked_beef":108,"minecraft:cobbled_deepslate":579,"minecraft:cooked_mutton":5,"minecraft:water_bucket":37,"minecraft:lead":2,"furnitura:small_table_oak":1,"ironchest:wood_to_copper_chest_upgrade":2,"supplementaries:timber_frame":2,"minecraft:crafting_table":15,"vanillaplustools:stone_shovel":38,"minecraft:white_bed":1,"tombstone:bag_of_seeds":2,"minecraft:oak_log":504,"minecraft:wooden_hoe":57,"minecraft:oak_button":2,"minecraft:iron_pickaxe":319,"minecraft:stone_axe":248,"stalwart_dungeons:stone_hammer":71,"furnitura:oak_table":1,"minecraft:cobblestone":71,"minecraft:bucket":41,"born_in_chaos_v1:wood_splitter_axe":21,"minecraft:yellow_bed":1,"quark:oak_chest":15,"alexsmobs:animal_dictionary":1},"minecraft:killed":{"born_in_chaos_v1:zombie_lumberjack":1,"enemyexpansion:equestrian":2,"minecraft:spider":1,"undead_revamp2:thesmoker":1,"minecraft:cod":1,"minecraft:skeleton":7,"minecraft:bee":1,"born_in_chaos_v1:diamond_termite":8,"born_in_chaos_v1:glutton_fish":1,"undead_revamp2:theheavy":1,"minecraft:zombie":5,"born_in_chaos_v1:dread_hound":1,"born_in_chaos_v1:corpse_fly":1,"alexsmobs:fly":4,"born_in_chaos_v1:door_knight":1,"minecraft:cow":5,"undead_revamp2:thehunter":1,"enemyexpansion:direwolf":3,"born_in_chaos_v1:maggot":5,"minecraft:phantom":3,"undead_revamp2:coppertar":1,"earthmobsmod:fancy_chicken":1,"minecraft:drowned":9,"born_in_chaos_v1:corpse_fish":9,"undead_revamp2:sucker":1,"undead_revamp2:the_moonflower":10,"enemyexpansion:sprinter":2,"born_in_chaos_v1:bloody_gadfly":3,"undead_revamp2:thesomnolence":1,"iceandfire:ghost":3,"minecraft:enderman":1},"minecraft:dropped":{"minecraft:lapis_lazuli":64,"minecraft:oak_log":2,"minecraft:crafting_table":1,"minecraft:dirt":223,"minecraft:sugar":9,"minecraft:bone":1,"minecraft:oak_door":1,"minecraft:gravel":26,"minecraft:cobbled_deepslate":550,"minecraft:rotten_flesh":5,"minecraft:oak_planks":101,"minecraft:cooked_mutton":4,"minecraft:leather_chestplate":2,"quark:hollow_oak_log":4,"iceandfire:bestiary":1,"minecraft:arrow":1,"minecraft:iron_ingot":3,"minecraft:wheat_seeds":3,"luminousworld:ishstone":1,"minecraft:oak_fence":135,"minecraft:cobblestone":324,"minecraft:stick":4,"minecraft:torch":45,"tombstone:grave_key":1,"luminousworld:savannah_ground":1,"minecraft:rose_bush":1,"tombstone:grave_dust":2,"minecraft:oak_stairs":25,"minecraft:iron_axe":1,"minecraft:string":1,"vanillaplustools:diamond_hammer":1,"minecraft:tuff":72,"minecraft:raw_iron":2,"minecraft:spruce_fence":3,"minecraft:torchflower_seeds":2,"luminousworld:yellow_grassflowers":1,"minecraft:andesite":9,"minecraft:yellow_bed":1,"minecraft:bow":5,"minecraft:stone_pickaxe":9,"minecraft:wooden_pickaxe":1},"minecraft:killed_by":{"minecraft:husk":1,"minecraft:enderman":1,"undead_revamp2:theswarmer":1,"undead_revamp2:therod":1},"minecraft:mined":{"minecraft:white_bed":1,"luminousworld:yellowpetunias":2,"minecraft:cobbled_deepslate_stairs":8,"placeablesmod:cooked_beef_block":1,"minecraft:brewing_stand":3,"minecraft:granite":60,"minecraft:acacia_log":45,"minecraft:grass_block":356,"minecraft:smooth_stone":2,"minecraft:tall_seagrass":2,"minecraft:iron_ore":9,"minecraft:cobbled_deepslate":46,"minecraft:barrel":9,"minecraft:deepslate_lapis_ore":6,"minecraft:dirt_path":1,"minecraft:oak_stairs":40,"ecologics:walnut_log":1,"minecraft:iron_block":2,"minecraft:deepslate_redstone_ore":3,"luminousworld:purple_petunias":2,"ecologics:walnut_fence":6,"minecraft:soul_lantern":2,"born_in_chaos_v1:infected_deepslate_diamond_ore":4,"minecraft:torch":18,"minecraft:melon":3,"minecraft:glass":6,"minecraft:cobblestone":6,"minecraft:oak_planks":335,"minecraft:sugar_cane":32,"minecraft:damaged_anvil":1,"minecraft:wall_torch":8,"minecraft:deepslate_copper_ore":4,"minecraft:skeleton_skull":2,"minecraft:wheat":15,"minecraft:stone_brick_stairs":3,"minecraft:grass":58,"minecraft:oak_log":120,"minecraft:beetroots":2,"minecraft:acacia_fence":16,"minecraft:sand":354,"minecraft:dirt":691,"quark:hollow_oak_log":2,"luminousworld:grassvariant_3":16,"minecraft:stonecutter":1,"minecraft:oak_leaves":2,"minecraft:deepslate":1225,"luminousworld:savannah_ground":1,"minecraft:tuff":141,"iceandfire:silver_ore":2,"minecraft:deepslate_diamond_ore":8,"torchmaster:megatorch":2,"iceandfire:frozen_stone":2,"minecraft:spruce_fence":3,"born_in_chaos_v1:black_argillite":4,"luminousworld:grassvariant_2":14,"minecraft:sandstone":16,"minecraft:hay_block":17,"minecraft:oak_trapdoor":3,"minecraft:furnace":1,"supplementaries:timber_frame":1,"supplementaries:flax":1,"minecraft:andesite":67,"minecraft:bookshelf":46,"minecraft:potatoes":1,"minecraft:deepslate_iron_ore":80,"minecraft:lantern":40,"minecraft:stone":645,"minecraft:acacia_leaves":74,"quark:oak_chest":9,"minecraft:oak_fence":97,"minecraft:crafting_table":8,"minecraft:rose_bush":1,"minecraft:campfire":2,"minecraft:copper_ore":10,"minecraft:tall_grass":20,"minecraft:lapis_ore":10,"minecraft:deepslate_gold_ore":10,"minecraft:diorite":48,"placeablesmod:cooked_mutton_block":2,"minecraft:beehive":1,"minecraft:torchflower":4,"minecraft:yellow_bed":3,"quark:deepslate_furnace":1,"minecraft:coal_ore":48,"luminousworld:ishstone":18,"minecraft:gravel":538,"minecraft:cobweb":23,"minecraft:cracked_stone_bricks":2},"minecraft:crafted":{"minecraft:smooth_stone":2,"minecraft:oak_planks":2756,"minecraft:barrel":18,"minecraft:oak_sign":3,"minecraft:oak_pressure_plate":2,"minecraft:cooked_chicken":3,"minecraft:stone":2,"quark:deepslate_furnace":1,"minecraft:cooked_mutton":8,"minecraft:glass":276,"quark:hollow_oak_log":4,"furnitura:oak_table":1,"minecraft:chest":2,"minecraft:acacia_fence":231,"minecraft:oak_button":2,"minecraft:iron_door":3,"vanillaplustools:stone_shovel":5,"minecraft:oak_fence":432,"ironchest:wood_to_copper_chest_upgrade":2,"minecraft:oak_slab":168,"minecraft:deepslate":99,"sophisticatedbackpacks:backpack":1,"minecraft:crafting_table":8,"minecraft:wooden_pickaxe":1,"minecraft:copper_ingot":17,"minecraft:iron_chestplate":1,"minecraft:wooden_hoe":1,"minecraft:charcoal":121,"minecraft:shield":1,"minecraft:stick":916,"quark:oak_chest":11,"minecraft:iron_ingot":201,"minecraft:iron_pickaxe":1,"minecraft:oak_door":6,"minecraft:stone_shovel":55,"vanillaplustools:stone_hammer":10,"minecraft:iron_nugget":216,"minecraft:furnace":8,"minecraft:oak_trapdoor":120,"minecraft:lantern":25,"minecraft:iron_axe":1,"minecraft:ladder":16,"born_in_chaos_v1:fried_maggot":1,"minecraft:stone_pickaxe":99,"minecraft:cobbled_deepslate_stairs":96,"furnitura:small_table_oak":1,"minecraft:lead":8,"minecraft:wheat":72,"minecraft:cooked_beef":3,"minecraft:sugar":9,"minecraft:cooked_cod":1,"iceandfire:silver_ingot":1,"minecraft:iron_sword":3,"minecraft:cooked_salmon":2,"minecraft:bucket":2,"minecraft:stone_axe":1,"supplementaries:timber_frame":1,"minecraft:bread":28,"minecraft:air":0,"minecraft:oak_fence_gate":3,"minecraft:oak_stairs":258,"minecraft:wooden_axe":1,"minecraft:iron_shovel":1,"stalwart_dungeons:stone_hammer":1,"minecraft:acacia_planks":316,"minecraft:torch":308},"minecraft:broken":{"minecraft:iron_shovel":2,"stalwart_dungeons:stone_hammer":1,"minecraft:iron_chestplate":1,"minecraft:iron_leggings":1,"minecraft:stone_pickaxe":1,"minecraft:stone_axe":2,"minecraft:iron_sword":2,"minecraft:wooden_axe":1,"minecraft:stone_shovel":8,"vanillaplustools:wooden_shovel":1,"minecraft:chainmail_helmet":1,"vanillaplustools:stone_hammer":2,"minecraft:iron_axe":1,"minecraft:iron_pickaxe":1}},"DataVersion":3465}