{"stats":{"minecraft:killed":{"born_in_chaos_v1:zombie_clown":1,"born_in_chaos_v1:restless_spirit":1,"born_in_chaos_v1:zombie_lumberjack":2,"minecraft:spider":13,"enemyexpansion:equestrian":6,"undead_revamp2:thesmoker":2,"minecraft:cod":1,"born_in_chaos_v1:siamese_skeletonsright":1,"born_in_chaos_v1:baby_skeleton_minion":2,"undead_revamp2:theswarmer":1,"minecraft:skeleton":22,"minecraft:bee":1,"undead_revamp2:therod":2,"undead_revamp2:thespitter":2,"born_in_chaos_v1:bonescaller":1,"alexsmobs:grizzly_bear":1,"minecraft:zombie_villager":1,"born_in_chaos_v1:diamond_termite":8,"minecraft:salmon":1,"born_in_chaos_v1:glutton_fish":1,"undead_revamp2:theheavy":2,"minecraft:creeper":3,"born_in_chaos_v1:zombie_fisherman":2,"minecraft:pillager":2,"enemyexpansion:meature":1,"minecraft:zombie":38,"born_in_chaos_v1:dread_hound":1,"enemyexpansion:botfly":1,"born_in_chaos_v1:corpse_fly":6,"alexsmobs:fly":6,"born_in_chaos_v1:door_knight":1,"born_in_chaos_v1:siamese_skeletonsleft":1,"minecraft:cow":5,"undead_revamp2:thehunter":1,"illagerinvasion:marauder":1,"enemyexpansion:direwolf":13,"born_in_chaos_v1:zombie_bruiser":1,"born_in_chaos_v1:maggot":16,"minecraft:phantom":3,"undead_revamp2:coppertar":1,"earthmobsmod:fancy_chicken":1,"undead_revamp2:thebidy":1,"born_in_chaos_v1:corpse_fish":9,"minecraft:drowned":9,"undead_revamp2:sucker":1,"born_in_chaos_v1:barrel_zombie":2,"iceandfire:cyclops":1,"earthmobsmod:skeleton_wolf":1,"undead_revamp2:the_moonflower":19,"enemyexpansion:sprinter":7,"born_in_chaos_v1:decrepit_skeleton":4,"born_in_chaos_v1:bloody_gadfly":9,"undead_revamp2:thesomnolence":1,"born_in_chaos_v1:decaying_zombie":1,"iceandfire:ghost":4,"enemyexpansion:huntsman":2,"minecraft:enderman":1},"minecraft:killed_by":{"iceandfire:cyclops":1,"minecraft:zombie":1,"minecraft:husk":1,"minecraft:spider":1,"minecraft:enderman":1,"undead_revamp2:theswarmer":1,"undead_revamp2:therod":1},"minecraft:mined":{"minecraft:attached_melon_stem":1,"minecraft:white_bed":2,"luminousworld:yellowpetunias":2,"minecraft:cobbled_deepslate_stairs":8,"placeablesmod:cooked_beef_block":1,"supplementaries:flower_box":3,"minecraft:brewing_stand":3,"minecraft:granite":60,"minecraft:grass_block":360,"minecraft:acacia_log":55,"sophisticatedbackpacks:iron_backpack":1,"ironchest:copper_chest":1,"minecraft:tall_seagrass":2,"minecraft:smooth_stone":2,"minecraft:iron_ore":9,"minecraft:barrel":15,"minecraft:cobbled_deepslate":46,"ironchest:gold_chest":1,"minecraft:deepslate_lapis_ore":6,"minecraft:dirt_path":1,"minecraft:oak_stairs":40,"ecologics:walnut_log":2,"minecraft:iron_block":2,"minecraft:deepslate_redstone_ore":3,"luminousworld:purple_petunias":2,"minecraft:melon_stem":2,"ecologics:walnut_fence":70,"minecraft:soul_lantern":2,"born_in_chaos_v1:infected_deepslate_diamond_ore":4,"minecraft:torch":18,"minecraft:melon":9,"minecraft:glass":21,"minecraft:cobblestone":6,"minecraft:oak_planks":380,"minecraft:sugar_cane":32,"minecraft:damaged_anvil":1,"minecraft:wall_torch":8,"minecraft:deepslate_copper_ore":4,"minecraft:skeleton_skull":2,"minecraft:wheat":22,"minecraft:stone_brick_stairs":3,"minecraft:grass":88,"minecraft:oak_log":273,"minecraft:beetroots":3,"minecraft:dirt":699,"minecraft:acacia_fence":17,"minecraft:sand":354,"quark:hollow_oak_log":2,"luminousworld:grassvariant_3":19,"minecraft:stonecutter":1,"minecraft:oak_leaves":74,"minecraft:deepslate":1225,"luminousworld:savannah_ground":1,"minecraft:tuff":141,"iceandfire:silver_ore":2,"minecraft:mossy_cobblestone":10,"luminousworld:grassvariant_4":1,"minecraft:deepslate_diamond_ore":8,"torchmaster:megatorch":2,"iceandfire:frozen_stone":2,"minecraft:spruce_fence":4,"born_in_chaos_v1:black_argillite":4,"luminousworld:grassvariant_2":20,"minecraft:sandstone":16,"minecraft:hay_block":17,"minecraft:oak_trapdoor":3,"minecraft:furnace":1,"minecraft:carrots":1,"supplementaries:timber_frame":1,"supplementaries:flax":1,"minecraft:andesite":67,"minecraft:bookshelf":46,"minecraft:deepslate_iron_ore":80,"minecraft:potatoes":1,"minecraft:lantern":40,"minecraft:stone":645,"minecraft:cake":1,"minecraft:acacia_leaves":74,"quark:oak_chest":9,"minecraft:dandelion":2,"minecraft:oak_fence":97,"minecraft:crafting_table":9,"minecraft:rose_bush":1,"minecraft:campfire":2,"luminousworld:auburnlog":7,"minecraft:copper_ore":10,"minecraft:tall_grass":30,"minecraft:lapis_ore":10,"minecraft:deepslate_gold_ore":10,"minecraft:diorite":48,"luminousworld:whiteoaklog":10,"placeablesmod:cooked_mutton_block":2,"minecraft:beehive":1,"minecraft:torchflower":4,"minecraft:yellow_bed":4,"quark:deepslate_furnace":1,"minecraft:coal_ore":48,"luminousworld:ishstone":18,"minecraft:gravel":538,"minecraft:cobweb":28,"minecraft:cracked_stone_bricks":2},"minecraft:used":{"minecraft:beetroot":2,"minecraft:iron_shovel":504,"minecraft:ladder":7,"minecraft:oak_sign":3,"minecraft:shield":101,"minecraft:chest":2,"minecraft:iron_sword":585,"earthmobsmod:fancy_egg":1,"minecraft:grass":1,"minecraft:carrot":2,"iceandfire:frozen_stone":2,"minecraft:acacia_sapling":21,"ironchest:copper_to_iron_chest_upgrade":2,"minecraft:beehive":1,"minecraft:glass":211,"born_in_chaos_v1:corpse_maggot":3,"quark:deepslate_furnace":2,"minecraft:lantern":69,"minecraft:item_frame":21,"vanillaplustools:wooden_shovel":53,"minecraft:bow":1,"minecraft:hay_block":1,"minecraft:oak_sapling":21,"minecraft:furnace":8,"minecraft:cooked_cod":1,"minecraft:beetroot_seeds":10,"minecraft:acacia_fence":253,"minecraft:egg":1,"minecraft:potato":1,"minecraft:diamond_boots":2,"minecraft:stone_pickaxe":172,"minecraft:oak_planks":1370,"minecraft:wooden_pickaxe":36,"minecraft:cookie":1,"minecraft:golden_apple":8,"ironchest:copper_chest":1,"minecraft:blast_furnace":2,"minecraft:crossbow":1,"minecraft:cobbled_deepslate_stairs":34,"supplementaries:flower_box":10,"quark:hollow_oak_log":2,"minecraft:bread":30,"ecologics:walnut_fence":3,"ironchest:iron_to_gold_chest_upgrade":2,"minecraft:oak_pressure_plate":2,"minecraft:iron_door":2,"minecraft:gravel":326,"minecraft:soul_lantern":1,"ecologics:coconut_slice":5,"minecraft:diamond_sword":483,"minecraft:oak_fence":420,"ironchest:wood_to_iron_chest_upgrade":1,"minecraft:bone_meal":18,"minecraft:experience_bottle":1,"minecraft:oak_trapdoor":57,"ecologics:walnut_log":1,"minecraft:armor_stand":9,"minecraft:stone_shovel":1051,"vanillaplustools:stone_hammer":261,"minecraft:cooked_salmon":2,"minecraft:cooked_chicken":3,"minecraft:oak_door":3,"minecraft:torch":279,"minecraft:dirt":482,"minecraft:brewing_stand":1,"minecraft:spruce_fence":17,"minecraft:oak_fence_gate":2,"minecraft:wooden_axe":40,"minecraft:iron_axe":795,"minecraft:oak_stairs":240,"minecraft:iron_boots":3,"minecraft:barrel":22,"minecraft:melon_seeds":6,"minecraft:diamond_chestplate":1,"minecraft:tall_grass":1,"ironchest:diamond_to_crystal_chest_upgrade":1,"ironchest:gold_chest":1,"torchmaster:megatorch":2,"tombstone:gift":12,"minecraft:cooked_beef":203,"minecraft:cobbled_deepslate":581,"minecraft:cooked_mutton":5,"minecraft:water_bucket":43,"ironchest:gold_to_diamond_chest_upgrade":1,"minecraft:lead":2,"furnitura:small_table_oak":1,"minecraft:stonecutter":1,"ironchest:wood_to_copper_chest_upgrade":2,"supplementaries:timber_frame":2,"minecraft:crafting_table":17,"vanillaplustools:stone_shovel":38,"minecraft:white_bed":2,"minecraft:cake":1,"tombstone:bag_of_seeds":4,"minecraft:oak_log":504,"minecraft:wooden_hoe":57,"minecraft:apple":2,"minecraft:iron_pickaxe":329,"minecraft:oak_button":2,"minecraft:map":1,"minecraft:stone_axe":248,"stalwart_dungeons:stone_hammer":71,"furnitura:oak_table":1,"quark:dark_oak_chest":1,"minecraft:cobblestone":71,"minecraft:white_banner":1,"minecraft:bucket":45,"born_in_chaos_v1:wood_splitter_axe":21,"minecraft:yellow_bed":1,"quark:oak_chest":16,"alexsmobs:animal_dictionary":1},"minecraft:crafted":{"minecraft:smooth_stone":2,"minecraft:oak_planks":3368,"minecraft:barrel":18,"minecraft:oak_sign":3,"ecologics:walnut_planks":4,"minecraft:oak_pressure_plate":2,"minecraft:cooked_chicken":3,"minecraft:stone":2,"quark:deepslate_furnace":1,"minecraft:cooked_mutton":8,"minecraft:glass":350,"quark:hollow_oak_log":4,"minecraft:melon_seeds":4,"furnitura:oak_table":1,"minecraft:chest":2,"minecraft:acacia_fence":261,"minecraft:oak_button":2,"minecraft:iron_door":3,"vanillaplustools:stone_shovel":5,"minecraft:oak_fence":432,"ironchest:wood_to_copper_chest_upgrade":2,"minecraft:oak_slab":186,"minecraft:deepslate":267,"sophisticatedbackpacks:backpack":1,"minecraft:crafting_table":10,"minecraft:wooden_pickaxe":1,"minecraft:copper_ingot":92,"minecraft:hay_block":14,"minecraft:iron_chestplate":1,"minecraft:wooden_hoe":1,"minecraft:charcoal":185,"minecraft:shield":1,"minecraft:stick":976,"quark:oak_chest":12,"minecraft:iron_ingot":257,"minecraft:iron_pickaxe":1,"minecraft:gold_ingot":162,"ironchest:copper_to_iron_chest_upgrade":2,"minecraft:oak_door":6,"minecraft:stone_shovel":55,"vanillaplustools:stone_hammer":10,"minecraft:iron_nugget":396,"ironchest:diamond_to_crystal_chest_upgrade":1,"minecraft:furnace":8,"minecraft:bone_meal":15,"ironchest:gold_to_diamond_chest_upgrade":1,"minecraft:oak_trapdoor":120,"quark:dark_oak_chest":1,"minecraft:lantern":56,"luminousworld:white_oak_plank":32,"minecraft:iron_axe":1,"born_in_chaos_v1:fried_maggot":1,"minecraft:ladder":16,"minecraft:stone_pickaxe":99,"minecraft:cobbled_deepslate_stairs":96,"furnitura:small_table_oak":1,"minecraft:dark_oak_planks":8,"minecraft:lead":8,"minecraft:wheat":72,"minecraft:cooked_beef":3,"minecraft:sugar":9,"minecraft:cooked_cod":1,"luminousworld:autumnplank":28,"ironchest:wood_to_iron_chest_upgrade":1,"iceandfire:silver_ingot":29,"minecraft:iron_sword":3,"minecraft:cooked_salmon":2,"minecraft:bucket":2,"minecraft:stone_axe":1,"supplementaries:timber_frame":1,"minecraft:bread":28,"minecraft:air":0,"minecraft:jungle_planks":8,"minecraft:oak_fence_gate":3,"ironchest:iron_to_gold_chest_upgrade":2,"minecraft:golden_apple":8,"minecraft:gold_nugget":576,"supplementaries:flower_box":8,"minecraft:oak_stairs":258,"minecraft:wooden_axe":1,"minecraft:iron_shovel":1,"stalwart_dungeons:stone_hammer":1,"minecraft:acacia_planks":356,"minecraft:torch":308},"minecraft:broken":{"minecraft:iron_shovel":2,"stalwart_dungeons:stone_hammer":1,"minecraft:iron_boots":1,"minecraft:iron_chestplate":1,"minecraft:iron_leggings":1,"minecraft:stone_pickaxe":1,"minecraft:diamond_boots":1,"minecraft:stone_axe":2,"minecraft:iron_sword":2,"minecraft:wooden_axe":1,"minecraft:stone_shovel":8,"minecraft:diamond_chestplate":2,"vanillaplustools:wooden_shovel":1,"minecraft:chainmail_helmet":1,"minecraft:shield":1,"vanillaplustools:stone_hammer":2,"minecraft:iron_axe":1,"minecraft:iron_pickaxe":1,"minecraft:iron_helmet":3},"minecraft:custom":{"minecraft:animals_bred":28,"minecraft:interact_with_crafting_table":209,"minecraft:open_barrel":245,"minecraft:leave_game":11,"minecraft:time_since_death":65919,"minecraft:sprint_one_cm":1853998,"minecraft:damage_blocked_by_shield":3250,"minecraft:drop":133,"minecraft:talked_to_villager":9,"minecraft:play_time":1049448,"minecraft:deaths":11,"minecraft:jump":6600,"minecraft:interact_with_brewingstand":1,"minecraft:walk_on_water_one_cm":353476,"minecraft:enchant_item":6,"minecraft:interact_with_furnace":337,"minecraft:interact_with_cartography_table":2,"minecraft:sleep_in_bed":4,"minecraft:damage_dealt":59854,"minecraft:crouch_one_cm":176612,"tombstone:undead_killed":144,"minecraft:interact_with_smoker":1,"minecraft:horse_one_cm":3412779,"minecraft:interact_with_smithing_table":1,"minecraft:interact_with_anvil":8,"minecraft:mob_kills":256,"minecraft:damage_dealt_resisted":2734,"minecraft:climb_one_cm":15519,"minecraft:walk_one_cm":3958871,"minecraft:sneak_time":58322,"minecraft:walk_under_water_one_cm":375628,"minecraft:boat_one_cm":71421,"minecraft:interact_with_blast_furnace":6,"minecraft:total_world_time":1049448,"tombstone:raider_killed":7,"minecraft:interact_with_stonecutter":1,"minecraft:time_since_rest":63553,"minecraft:damage_taken":22777,"minecraft:damage_absorbed":282,"minecraft:trigger_trapped_chest":1,"minecraft:swim_one_cm":332031,"minecraft:fly_one_cm":453065,"minecraft:open_chest":794,"minecraft:fall_one_cm":111343},"minecraft:picked_up":{"minecraft:iron_chestplate":1,"minecraft:wheat":277,"luminousworld:blackberry":5,"illagerinvasion:platinum_chunk":1,"minecraft:chainmail_boots":1,"minecraft:lead":16,"minecraft:diamond_sword":4,"quark:hollow_oak_log":2,"minecraft:oak_stairs":43,"earthmobsmod:fancy_egg":40,"minecraft:enchanted_book":1,"minecraft:brewing_stand":3,"born_in_chaos_v1:black_argillite":8,"iceandfire:manuscript":1,"minecraft:string":43,"minecraft:raw_copper":76,"minecraft:iron_leggings":2,"minecraft:armor_stand":7,"minecraft:experience_bottle":1,"minecraft:beetroot":73,"minecraft:sea_pickle":1,"vanillaplustools:stone_shovel":5,"minecraft:diamond_leggings":2,"minecraft:smooth_stone":7,"minecraft:cobbled_deepslate":2587,"minecraft:bucket":1,"minecraft:rose_bush":1,"minecraft:wooden_shovel":1,"minecraft:iron_pickaxe":3,"minecraft:melon_slice":46,"minecraft:iron_boots":8,"minecraft:furnace":2,"minecraft:stick":156,"minecraft:beehive":1,"luminousworld:auburnlog":7,"born_in_chaos_v1:shattered_skull":2,"minecraft:acacia_fence":15,"ecologics:walnut_log":2,"minecraft:oak_fence":231,"minecraft:torch":120,"minecraft:acacia_log":89,"minecraft:cherry_log":1,"ironchest:gold_chest":1,"tombstone:grave_dust":17,"minecraft:diorite":96,"supplementaries:flax":9,"luminousworld:grassflowers":4,"quark:sturdy_stone":1,"quark:clear_shard":60,"minecraft:rotten_flesh":178,"luminousworld:yellow_grassflowers":4,"minecraft:tropical_fish":1,"born_in_chaos_v1:sea_terror_eye":2,"minecraft:iron_block":2,"supplementaries:ash":5,"minecraft:cod":1,"undead_revamp2:arapholia":7,"minecraft:cobblestone":1509,"born_in_chaos_v1:staffof_magic_arrows":3,"luminousworld:savannah_ground":1,"ecologics:walnut":2,"minecraft:leather_chestplate":1,"minecraft:cooked_beef":3,"minecraft:jungle_log":2,"minecraft:water_bucket":2,"minecraft:andesite":143,"vanillaplustools:diamond_hammer":1,"minecraft:potato":1,"ironchest:copper_chest":1,"minecraft:flint":62,"minecraft:tuff":301,"supplementaries:flax_seeds":9,"luminousworld:purple_petunias":3,"minecraft:lapis_lazuli":224,"minecraft:dirt":1220,"minecraft:lantern":45,"born_in_chaos_v1:marigolds":1,"minecraft:bone":57,"undead_revamp2:blacpetalblock":1,"minecraft:stonecutter":1,"minecraft:bow":9,"minecraft:wheat_seeds":447,"minecraft:raw_gold":10,"minecraft:oak_planks":568,"torchmaster:megatorch":2,"minecraft:sand":392,"sophisticatedbackpacks:iron_backpack":1,"minecraft:dark_oak_log":2,"minecraft:barrel":15,"minecraft:mossy_cobblestone":10,"undead_revamp2:heavytooth":3,"minecraft:iron_hoe":1,"ecologics:walnut_fence":67,"minecraft:bundle":1,"minecraft:diamond":8,"minecraft:soul_lantern":2,"luminousworld:yellowpetunias":5,"minecraft:crossbow":2,"minecraft:granite":112,"minecraft:bone_meal":1,"minecraft:chainmail_helmet":1,"minecraft:emerald":4,"minecraft:bread":1,"alexsmobs:maggot":6,"minecraft:oak_sapling":27,"born_in_chaos_v1:rotten_fish":25,"iceandfire:raw_silver":2,"minecraft:cocoa_beans":1,"luminousworld:groundpebbles_1":4,"minecraft:charcoal":7,"minecraft:crafting_table":10,"born_in_chaos_v1:diamond_termite_shard":6,"minecraft:chicken":3,"minecraft:chest_minecart":1,"born_in_chaos_v1:seedof_chaos":2,"minecraft:wooden_pickaxe":1,"minecraft:shield":1,"minecraft:oak_trapdoor":3,"iceandfire:frozen_stone":2,"minecraft:iron_axe":3,"born_in_chaos_v1:intoxicating_decoction":3,"minecraft:item_frame":31,"minecraft:iron_shovel":2,"iceandfire:bestiary":1,"minecraft:beef":17,"minecraft:poppy":2,"minecraft:sugar_cane":48,"minecraft:phantom_membrane":1,"minecraft:egg":4,"minecraft:raw_iron":88,"minecraft:sandstone":16,"minecraft:stone":4,"ecologics:coconut_slice":22,"minecraft:copper_ingot":5,"minecraft:bowl":1,"minecraft:spruce_fence":4,"minecraft:cake":24,"minecraft:white_dye":2,"quark:deepslate_furnace":1,"minecraft:cookie":1,"born_in_chaos_v1:pieceofdarkmetal":2,"minecraft:carrot":8,"minecraft:redstone":29,"supplementaries:flower_box":2,"vanillaplustools:wooden_shovel":1,"minecraft:tube_coral":1,"minecraft:arrow":36,"minecraft:stone_shovel":1,"minecraft:diamond_chestplate":2,"minecraft:beetroot_seeds":131,"born_in_chaos_v1:wood_splitter_axe":2,"minecraft:hay_block":17,"tombstone:essence_of_undeath":1,"minecraft:gold_ingot":4,"minecraft:mutton":7,"minecraft:skeleton_skull":2,"born_in_chaos_v1:fused_bone":2,"born_in_chaos_v1:corpse_maggot":37,"minecraft:golden_carrot":1,"born_in_chaos_v1:monster_flesh":1,"minecraft:salmon":4,"luminousworld:ishstone":35,"minecraft:leather":9,"alexsmobs:acacia_blossom":1,"minecraft:filled_map":1,"minecraft:torchflower":4,"minecraft:oak_log":274,"minecraft:chainmail_chestplate":2,"iceandfire:ectoplasm":1,"minecraft:yellow_bed":4,"minecraft:cobbled_deepslate_stairs":8,"minecraft:gunpowder":4,"tombstone:gift":3,"minecraft:white_banner":1,"minecraft:cooked_mutton":4,"minecraft:apple":3,"minecraft:iron_ingot":10,"minecraft:stone_pickaxe":1,"tombstone:bag_of_seeds":2,"minecraft:tall_grass":1,"supplementaries:timber_frame":1,"minecraft:iron_sword":10,"minecraft:acacia_sapling":17,"minecraft:book":140,"born_in_chaos_v1:ethereal_spirit":2,"minecraft:dandelion":3,"minecraft:torchflower_seeds":4,"minecraft:gravel":923,"minecraft:blast_furnace":1,"minecraft:white_bed":2,"quark:oak_chest":8,"minecraft:spider_eye":5,"luminousworld:whiteoaklog":8,"mowziesmobs:naga_fang":2,"minecraft:slime_ball":7,"minecraft:iron_helmet":6,"minecraft:scute":1,"vanillaplustools:stone_hammer":6,"tombstone:magic_scroll":7,"minecraft:damaged_anvil":1,"minecraft:melon_seeds":6,"minecraft:coal":66},"minecraft:dropped":{"minecraft:lapis_lazuli":64,"minecraft:cooked_beef":2,"minecraft:oak_log":2,"minecraft:crafting_table":1,"minecraft:dirt":223,"minecraft:sugar":9,"minecraft:bone":1,"minecraft:oak_door":1,"minecraft:gravel":26,"minecraft:cobbled_deepslate":550,"minecraft:soul_lantern":1,"minecraft:rotten_flesh":17,"minecraft:oak_planks":107,"minecraft:cooked_mutton":4,"minecraft:leather_chestplate":2,"quark:hollow_oak_log":4,"ecologics:coconut_husk":2,"iceandfire:bestiary":1,"minecraft:arrow":1,"minecraft:iron_ingot":3,"minecraft:wheat_seeds":4,"luminousworld:ishstone":1,"minecraft:oak_fence":135,"minecraft:cobblestone":324,"minecraft:stick":4,"quark:clear_shard":7,"minecraft:torch":45,"tombstone:grave_key":1,"luminousworld:savannah_ground":1,"minecraft:rose_bush":1,"tombstone:grave_dust":2,"minecraft:oak_stairs":25,"minecraft:iron_axe":1,"minecraft:string":1,"vanillaplustools:diamond_hammer":1,"minecraft:tuff":72,"minecraft:raw_iron":2,"sophisticatedbackpacks:backpack":1,"minecraft:torchflower_seeds":2,"minecraft:spruce_fence":3,"minecraft:pumpkin_seeds":1,"luminousworld:yellow_grassflowers":1,"minecraft:diamond_sword":1,"minecraft:andesite":9,"minecraft:cake":23,"minecraft:yellow_bed":1,"minecraft:bow":5,"minecraft:stone_pickaxe":9,"minecraft:wooden_pickaxe":1}},"DataVersion":3465}