{"stats":{"minecraft:broken":{"minecraft:iron_shovel":3,"minecraft:iron_axe":1,"minecraft:stone_axe":1,"minecraft:stone_shovel":2,"minecraft:stone_hoe":1},"minecraft:killed":{"minecraft:spider":1,"minecraft:creeper":7,"minecraft:phantom":3,"minecraft:skeleton":10,"minecraft:zombie":19,"minecraft:enderman":1},"minecraft:used":{"minecraft:wheat_seeds":56,"minecraft:water_bucket":41,"minecraft:iron_shovel":754,"minecraft:lead":2,"minecraft:stone_shovel":355,"minecraft:spruce_planks":3,"minecraft:shield":22,"minecraft:spruce_fence_gate":21,"minecraft:stone_hoe":149,"minecraft:iron_chestplate":1,"minecraft:torch":35,"minecraft:dirt":271,"minecraft:spruce_fence":356,"minecraft:spruce_log":46,"minecraft:iron_hoe":88,"minecraft:lever":2,"minecraft:iron_axe":262,"moonsweaponry:iron_greatsword":98,"minecraft:iron_helmet":1,"minecraft:iron_boots":1,"minecraft:stone_axe":194,"minecraft:redstone_lamp":2,"travelersbackpack:standard":2,"minecraft:sweet_berries":11,"minecraft:cooked_porkchop":13,"minecraft:bucket":40,"minecraft:potato":3,"minecraft:bone_meal":42,"minecraft:iron_leggings":1},"minecraft:dropped":{"minecraft:cooked_porkchop":3,"minecraft:stone_shovel":1,"minecraft:iron_hoe":1,"minecraft:spruce_fence":64,"minecraft:dirt":60,"minecraft:spruce_log":44,"minecraft:spruce_sapling":105},"minecraft:crafted":{"minecraft:stone_shovel":3,"minecraft:spruce_planks":1236,"minecraft:lever":2,"minecraft:bone_meal":42,"minecraft:spruce_fence":597,"minecraft:iron_axe":1,"minecraft:stick":690,"minecraft:iron_shovel":2,"minecraft:spruce_fence_gate":20,"minecraft:torch":28,"minecraft:stone_hoe":1},"minecraft:picked_up":{"minecraft:wheat":16,"minecraft:lead":17,"minecraft:brown_mushroom":11,"minecraft:flint":1,"minecraft:oak_log":4,"minecraft:gunpowder":8,"minecraft:dark_oak_trapdoor":1,"minecraft:dirt":837,"minecraft:bone":12,"minecraft:cyan_carpet":9,"minecraft:wheat_seeds":66,"minecraft:spruce_planks":1,"minecraft:glass_bottle":1,"minecraft:phantom_membrane":2,"minecraft:stick":62,"minecraft:sweet_berries":24,"minecraft:torch":7,"minecraft:gravel":3,"minecraft:poisonous_potato":1,"minecraft:spruce_fence":17,"minecraft:spruce_sapling":113,"minecraft:spruce_log":399,"minecraft:spruce_fence_gate":11,"minecraft:stone_shovel":1,"minecraft:arrow":14,"minecraft:rotten_flesh":20,"minecraft:oak_sapling":4,"minecraft:cobblestone":4},"minecraft:mined":{"minecraft:spruce_planks":1,"minecraft:brown_mushroom":11,"minecraft:dandelion":1,"minecraft:torch":4,"minecraft:grass_block":573,"minecraft:spruce_fence":17,"minecraft:spruce_leaves":299,"minecraft:large_fern":25,"minecraft:wheat":18,"minecraft:sweet_berry_bush":9,"minecraft:spruce_log":393,"minecraft:grass":24,"minecraft:oak_log":4,"minecraft:gravel":4,"minecraft:dirt":265,"minecraft:spruce_fence_gate":11,"minecraft:oak_leaves":30,"minecraft:fern":27},"minecraft:custom":{"minecraft:interact_with_furnace":4,"minecraft:mob_kills":42,"minecraft:animals_bred":1,"minecraft:interact_with_crafting_table":18,"minecraft:time_since_death":129831,"minecraft:sleep_in_bed":1,"minecraft:time_since_rest":116048,"minecraft:sprint_one_cm":330064,"minecraft:damage_taken":769,"minecraft:walk_one_cm":765957,"minecraft:damage_blocked_by_shield":650,"minecraft:drop":54,"minecraft:damage_dealt":8672,"minecraft:fly_one_cm":32568,"minecraft:open_chest":68,"minecraft:crouch_one_cm":4237,"minecraft:play_time":129831,"minecraft:sneak_time":1956,"minecraft:jump":634,"minecraft:walk_on_water_one_cm":9092,"minecraft:total_world_time":129831,"minecraft:fall_one_cm":4711}},"DataVersion":3465}