{"stats":{"minecraft:custom":{"minecraft:animals_bred":10,"minecraft:interact_with_crafting_table":156,"minecraft:open_barrel":151,"minecraft:leave_game":7,"minecraft:time_since_death":66419,"minecraft:sprint_one_cm":993214,"minecraft:damage_blocked_by_shield":1190,"minecraft:drop":67,"minecraft:talked_to_villager":9,"minecraft:play_time":665264,"minecraft:deaths":6,"minecraft:jump":4078,"minecraft:interact_with_brewingstand":1,"minecraft:walk_on_water_one_cm":258743,"minecraft:interact_with_furnace":196,"minecraft:interact_with_cartography_table":2,"minecraft:sleep_in_bed":3,"minecraft:damage_dealt":21694,"minecraft:crouch_one_cm":161887,"tombstone:undead_killed":45,"minecraft:interact_with_smoker":1,"minecraft:horse_one_cm":3087289,"minecraft:interact_with_smithing_table":1,"minecraft:mob_kills":86,"minecraft:interact_with_anvil":4,"minecraft:damage_dealt_resisted":1396,"minecraft:climb_one_cm":11607,"minecraft:walk_one_cm":2481545,"minecraft:sneak_time":50560,"minecraft:walk_under_water_one_cm":284248,"minecraft:total_world_time":665264,"tombstone:raider_killed":4,"minecraft:interact_with_stonecutter":1,"minecraft:time_since_rest":64020,"minecraft:damage_taken":11265,"minecraft:trigger_trapped_chest":1,"minecraft:swim_one_cm":183837,"minecraft:fly_one_cm":208597,"minecraft:open_chest":341,"minecraft:fall_one_cm":62962},"minecraft:picked_up":{"minecraft:iron_chestplate":1,"minecraft:wheat":174,"luminousworld:blackberry":5,"minecraft:lead":15,"quark:hollow_oak_log":2,"earthmobsmod:fancy_egg":9,"minecraft:oak_stairs":37,"minecraft:brewing_stand":2,"born_in_chaos_v1:black_argillite":4,"iceandfire:manuscript":1,"minecraft:string":26,"minecraft:raw_copper":39,"minecraft:iron_leggings":1,"minecraft:armor_stand":2,"minecraft:experience_bottle":1,"minecraft:beetroot":45,"minecraft:cobbled_deepslate":801,"minecraft:smooth_stone":4,"minecraft:bucket":1,"minecraft:rose_bush":1,"minecraft:iron_pickaxe":1,"minecraft:iron_boots":2,"minecraft:beehive":1,"minecraft:stick":117,"minecraft:acacia_fence":14,"ecologics:walnut_log":1,"minecraft:oak_fence":231,"minecraft:torch":97,"minecraft:acacia_log":79,"tombstone:grave_dust":1,"minecraft:diorite":48,"supplementaries:flax":7,"luminousworld:grassflowers":1,"quark:sturdy_stone":1,"minecraft:rotten_flesh":69,"quark:clear_shard":10,"luminousworld:yellow_grassflowers":2,"born_in_chaos_v1:sea_terror_eye":2,"minecraft:iron_block":2,"supplementaries:ash":1,"minecraft:cod":1,"undead_revamp2:arapholia":5,"minecraft:cobblestone":863,"minecraft:leather_chestplate":1,"ecologics:walnut":2,"minecraft:cooked_beef":1,"minecraft:water_bucket":2,"minecraft:andesite":67,"vanillaplustools:diamond_hammer":1,"minecraft:potato":1,"minecraft:flint":26,"minecraft:tuff":127,"supplementaries:flax_seeds":7,"luminousworld:purple_petunias":2,"minecraft:lapis_lazuli":73,"minecraft:dirt":1127,"minecraft:lantern":44,"minecraft:bone":26,"undead_revamp2:blacpetalblock":1,"minecraft:stonecutter":1,"minecraft:bow":8,"minecraft:wheat_seeds":329,"minecraft:oak_planks":360,"torchmaster:megatorch":2,"minecraft:sand":392,"minecraft:dark_oak_log":2,"minecraft:barrel":9,"undead_revamp2:heavytooth":1,"ecologics:walnut_fence":6,"luminousworld:yellowpetunias":3,"minecraft:granite":57,"minecraft:bone_meal":1,"minecraft:emerald":1,"minecraft:chainmail_helmet":1,"minecraft:bread":1,"alexsmobs:maggot":4,"minecraft:oak_sapling":4,"born_in_chaos_v1:rotten_fish":24,"iceandfire:raw_silver":2,"minecraft:cocoa_beans":1,"luminousworld:groundpebbles_1":4,"minecraft:charcoal":4,"minecraft:crafting_table":7,"minecraft:chicken":3,"born_in_chaos_v1:seedof_chaos":2,"minecraft:wooden_pickaxe":1,"minecraft:oak_trapdoor":3,"iceandfire:frozen_stone":2,"minecraft:iron_axe":2,"minecraft:item_frame":26,"born_in_chaos_v1:intoxicating_decoction":1,"minecraft:iron_shovel":1,"iceandfire:bestiary":1,"minecraft:beef":13,"minecraft:sugar_cane":48,"minecraft:phantom_membrane":1,"minecraft:egg":1,"minecraft:raw_iron":9,"minecraft:sandstone":16,"ecologics:coconut_slice":20,"minecraft:copper_ingot":2,"minecraft:bowl":1,"minecraft:spruce_fence":3,"minecraft:white_dye":2,"minecraft:cookie":1,"born_in_chaos_v1:pieceofdarkmetal":1,"minecraft:redstone":16,"vanillaplustools:wooden_shovel":1,"minecraft:arrow":15,"minecraft:beetroot_seeds":87,"born_in_chaos_v1:wood_splitter_axe":1,"minecraft:hay_block":17,"minecraft:gold_ingot":4,"minecraft:mutton":3,"minecraft:skeleton_skull":2,"born_in_chaos_v1:corpse_maggot":13,"born_in_chaos_v1:monster_flesh":1,"minecraft:salmon":2,"luminousworld:ishstone":18,"minecraft:leather":6,"alexsmobs:acacia_blossom":1,"minecraft:filled_map":1,"minecraft:torchflower":4,"minecraft:oak_log":123,"minecraft:chainmail_chestplate":1,"iceandfire:ectoplasm":1,"minecraft:yellow_bed":4,"minecraft:cobbled_deepslate_stairs":8,"tombstone:gift":1,"minecraft:cooked_mutton":4,"minecraft:apple":1,"minecraft:iron_ingot":2,"tombstone:bag_of_seeds":1,"minecraft:tall_grass":1,"supplementaries:timber_frame":1,"minecraft:iron_sword":5,"minecraft:acacia_sapling":17,"minecraft:book":140,"minecraft:torchflower_seeds":4,"minecraft:gravel":399,"minecraft:white_bed":1,"quark:oak_chest":3,"minecraft:spider_eye":1,"minecraft:slime_ball":7,"minecraft:iron_helmet":2,"tombstone:magic_scroll":1,"minecraft:damaged_anvil":1,"minecraft:coal":46},"minecraft:used":{"minecraft:beetroot":2,"minecraft:iron_shovel":504,"minecraft:ladder":7,"minecraft:chest":2,"minecraft:shield":35,"minecraft:iron_sword":539,"minecraft:grass":1,"iceandfire:frozen_stone":2,"minecraft:acacia_sapling":21,"minecraft:beehive":1,"minecraft:glass":171,"born_in_chaos_v1:corpse_maggot":3,"minecraft:lantern":65,"vanillaplustools:wooden_shovel":9,"minecraft:bow":1,"minecraft:hay_block":1,"minecraft:furnace":8,"minecraft:cooked_cod":1,"minecraft:beetroot_seeds":9,"minecraft:acacia_fence":200,"minecraft:egg":1,"minecraft:potato":1,"minecraft:diamond_boots":1,"minecraft:stone_pickaxe":171,"minecraft:oak_planks":1248,"minecraft:wooden_pickaxe":36,"minecraft:cookie":1,"minecraft:cobbled_deepslate_stairs":34,"quark:hollow_oak_log":2,"minecraft:bread":29,"ecologics:walnut_fence":3,"minecraft:oak_pressure_plate":2,"minecraft:iron_door":2,"minecraft:gravel":295,"ecologics:coconut_slice":2,"minecraft:experience_bottle":1,"minecraft:oak_fence":416,"minecraft:oak_trapdoor":57,"ecologics:walnut_log":1,"minecraft:armor_stand":4,"minecraft:stone_shovel":1051,"vanillaplustools:stone_hammer":109,"minecraft:cooked_salmon":2,"minecraft:cooked_chicken":3,"minecraft:oak_door":3,"minecraft:torch":241,"minecraft:brewing_stand":1,"minecraft:dirt":472,"minecraft:spruce_fence":8,"minecraft:oak_fence_gate":2,"minecraft:wooden_axe":40,"minecraft:iron_axe":446,"minecraft:oak_stairs":240,"minecraft:iron_boots":3,"minecraft:barrel":21,"minecraft:tall_grass":1,"tombstone:gift":8,"torchmaster:megatorch":1,"minecraft:cooked_beef":92,"minecraft:cobbled_deepslate":455,"minecraft:cooked_mutton":5,"minecraft:water_bucket":37,"minecraft:lead":2,"furnitura:small_table_oak":1,"ironchest:wood_to_copper_chest_upgrade":2,"supplementaries:timber_frame":2,"minecraft:crafting_table":12,"minecraft:white_bed":1,"minecraft:oak_log":504,"tombstone:bag_of_seeds":2,"minecraft:wooden_hoe":57,"minecraft:oak_button":2,"minecraft:iron_pickaxe":244,"minecraft:stone_axe":248,"stalwart_dungeons:stone_hammer":57,"furnitura:oak_table":1,"minecraft:cobblestone":1,"minecraft:bucket":40,"minecraft:yellow_bed":1,"quark:oak_chest":5,"alexsmobs:animal_dictionary":1},"minecraft:killed":{"born_in_chaos_v1:zombie_lumberjack":1,"enemyexpansion:equestrian":1,"minecraft:spider":1,"undead_revamp2:thesmoker":1,"minecraft:cod":1,"minecraft:skeleton":6,"minecraft:bee":1,"born_in_chaos_v1:diamond_termite":1,"born_in_chaos_v1:glutton_fish":1,"undead_revamp2:theheavy":1,"minecraft:zombie":5,"born_in_chaos_v1:dread_hound":1,"born_in_chaos_v1:corpse_fly":1,"alexsmobs:fly":4,"born_in_chaos_v1:door_knight":1,"minecraft:cow":5,"undead_revamp2:thehunter":1,"enemyexpansion:direwolf":2,"born_in_chaos_v1:maggot":5,"minecraft:phantom":3,"undead_revamp2:coppertar":1,"earthmobsmod:fancy_chicken":1,"minecraft:drowned":9,"born_in_chaos_v1:corpse_fish":9,"undead_revamp2:sucker":1,"undead_revamp2:the_moonflower":10,"enemyexpansion:sprinter":2,"born_in_chaos_v1:bloody_gadfly":3,"undead_revamp2:thesomnolence":1,"iceandfire:ghost":3,"minecraft:enderman":1},"minecraft:dropped":{"minecraft:oak_log":2,"minecraft:crafting_table":1,"minecraft:dirt":210,"minecraft:sugar":9,"minecraft:bone":1,"minecraft:oak_door":1,"minecraft:cobbled_deepslate":66,"minecraft:rotten_flesh":5,"minecraft:oak_planks":49,"minecraft:cooked_mutton":4,"minecraft:leather_chestplate":2,"quark:hollow_oak_log":4,"iceandfire:bestiary":1,"minecraft:arrow":1,"minecraft:wheat_seeds":3,"luminousworld:ishstone":1,"minecraft:oak_fence":135,"minecraft:torch":45,"tombstone:grave_key":1,"minecraft:rose_bush":1,"tombstone:grave_dust":2,"minecraft:oak_stairs":25,"minecraft:iron_axe":1,"minecraft:string":1,"vanillaplustools:diamond_hammer":1,"minecraft:torchflower_seeds":2,"minecraft:spruce_fence":3,"luminousworld:yellow_grassflowers":1,"minecraft:yellow_bed":1,"minecraft:bow":5,"minecraft:stone_pickaxe":9,"minecraft:wooden_pickaxe":1},"minecraft:killed_by":{"minecraft:enderman":1,"undead_revamp2:theswarmer":1,"undead_revamp2:therod":1},"minecraft:mined":{"minecraft:white_bed":1,"luminousworld:yellowpetunias":2,"minecraft:cobbled_deepslate_stairs":8,"placeablesmod:cooked_beef_block":1,"minecraft:brewing_stand":2,"minecraft:granite":60,"minecraft:acacia_log":45,"minecraft:grass_block":356,"minecraft:tall_seagrass":2,"minecraft:smooth_stone":2,"minecraft:iron_ore":9,"minecraft:cobbled_deepslate":34,"minecraft:barrel":9,"minecraft:deepslate_lapis_ore":1,"minecraft:dirt_path":1,"minecraft:oak_stairs":39,"ecologics:walnut_log":1,"minecraft:iron_block":2,"luminousworld:purple_petunias":2,"ecologics:walnut_fence":6,"minecraft:torch":5,"minecraft:glass":6,"minecraft:sugar_cane":30,"minecraft:oak_planks":332,"minecraft:damaged_anvil":1,"minecraft:wall_torch":5,"minecraft:deepslate_copper_ore":4,"minecraft:skeleton_skull":2,"minecraft:wheat":15,"minecraft:stone_brick_stairs":3,"minecraft:grass":55,"minecraft:oak_log":120,"minecraft:beetroots":2,"minecraft:acacia_fence":16,"minecraft:sand":354,"minecraft:dirt":689,"quark:hollow_oak_log":2,"luminousworld:grassvariant_3":16,"minecraft:stonecutter":1,"minecraft:oak_leaves":2,"minecraft:deepslate":235,"iceandfire:silver_ore":2,"torchmaster:megatorch":2,"iceandfire:frozen_stone":2,"minecraft:spruce_fence":3,"born_in_chaos_v1:black_argillite":4,"luminousworld:grassvariant_2":13,"minecraft:sandstone":16,"minecraft:hay_block":17,"minecraft:oak_trapdoor":3,"supplementaries:timber_frame":1,"supplementaries:flax":1,"minecraft:andesite":67,"minecraft:bookshelf":46,"minecraft:potatoes":1,"minecraft:deepslate_iron_ore":3,"minecraft:lantern":40,"minecraft:stone":641,"minecraft:acacia_leaves":74,"quark:oak_chest":4,"minecraft:oak_fence":97,"minecraft:crafting_table":6,"minecraft:rose_bush":1,"minecraft:campfire":2,"minecraft:tall_grass":20,"minecraft:copper_ore":10,"minecraft:lapis_ore":10,"minecraft:diorite":48,"placeablesmod:cooked_mutton_block":2,"minecraft:beehive":1,"minecraft:torchflower":4,"minecraft:yellow_bed":3,"minecraft:coal_ore":28,"luminousworld:ishstone":18,"minecraft:gravel":235,"minecraft:cobweb":23,"minecraft:cracked_stone_bricks":2},"minecraft:crafted":{"minecraft:smooth_stone":1,"minecraft:oak_planks":2756,"minecraft:barrel":18,"minecraft:oak_pressure_plate":2,"minecraft:cooked_chicken":3,"minecraft:stone":2,"minecraft:cooked_mutton":8,"minecraft:glass":260,"quark:hollow_oak_log":4,"furnitura:oak_table":1,"minecraft:chest":2,"minecraft:oak_button":2,"minecraft:iron_door":3,"minecraft:acacia_fence":231,"vanillaplustools:stone_shovel":5,"minecraft:oak_fence":432,"ironchest:wood_to_copper_chest_upgrade":2,"minecraft:oak_slab":168,"minecraft:deepslate":65,"sophisticatedbackpacks:backpack":1,"minecraft:crafting_table":8,"minecraft:wooden_pickaxe":1,"minecraft:copper_ingot":17,"minecraft:wooden_hoe":1,"minecraft:iron_chestplate":1,"minecraft:charcoal":121,"minecraft:shield":1,"minecraft:stick":900,"quark:oak_chest":6,"minecraft:iron_ingot":123,"minecraft:oak_door":6,"minecraft:stone_shovel":55,"vanillaplustools:stone_hammer":10,"minecraft:iron_nugget":216,"minecraft:furnace":8,"minecraft:oak_trapdoor":120,"minecraft:lantern":25,"minecraft:iron_axe":1,"minecraft:ladder":16,"born_in_chaos_v1:fried_maggot":1,"minecraft:stone_pickaxe":99,"minecraft:cobbled_deepslate_stairs":96,"furnitura:small_table_oak":1,"minecraft:lead":8,"minecraft:wheat":72,"minecraft:cooked_beef":3,"minecraft:sugar":9,"minecraft:cooked_cod":1,"iceandfire:silver_ingot":1,"minecraft:iron_sword":3,"minecraft:cooked_salmon":2,"minecraft:stone_axe":1,"supplementaries:timber_frame":1,"minecraft:bread":28,"minecraft:air":0,"minecraft:oak_fence_gate":3,"minecraft:wooden_axe":1,"minecraft:oak_stairs":258,"minecraft:iron_shovel":1,"stalwart_dungeons:stone_hammer":1,"minecraft:acacia_planks":316,"minecraft:torch":256},"minecraft:broken":{"minecraft:iron_shovel":2,"minecraft:iron_chestplate":1,"minecraft:iron_leggings":1,"minecraft:stone_pickaxe":1,"minecraft:stone_axe":2,"minecraft:iron_sword":2,"minecraft:wooden_axe":1,"minecraft:stone_shovel":8,"minecraft:chainmail_helmet":1,"minecraft:iron_axe":1,"minecraft:iron_pickaxe":1}},"DataVersion":3465}