{"stats":{"minecraft:killed":{"minecraft:spider":1,"undead_revamp2:thesmoker":1,"minecraft:cod":1,"enemyexpansion:direwolf":1,"minecraft:phantom":3,"minecraft:skeleton":2,"minecraft:bee":1,"undead_revamp2:coppertar":1,"born_in_chaos_v1:corpse_fish":8,"minecraft:drowned":6,"born_in_chaos_v1:diamond_termite":1,"born_in_chaos_v1:glutton_fish":1,"undead_revamp2:the_moonflower":7,"enemyexpansion:sprinter":1,"born_in_chaos_v1:bloody_gadfly":1,"undead_revamp2:thesomnolence":1,"minecraft:zombie":2,"iceandfire:ghost":3,"alexsmobs:fly":1},"minecraft:killed_by":{"undead_revamp2:theswarmer":1},"minecraft:mined":{"minecraft:white_bed":1,"luminousworld:yellowpetunias":2,"iceandfire:silver_ore":1,"minecraft:cobbled_deepslate_stairs":8,"minecraft:brewing_stand":2,"torchmaster:megatorch":2,"minecraft:acacia_log":18,"minecraft:spruce_fence":3,"minecraft:grass_block":337,"iceandfire:frozen_stone":2,"luminousworld:grassvariant_2":4,"minecraft:sandstone":16,"minecraft:hay_block":17,"minecraft:smooth_stone":2,"minecraft:oak_trapdoor":3,"supplementaries:timber_frame":1,"minecraft:iron_ore":7,"minecraft:barrel":2,"minecraft:cobbled_deepslate":34,"minecraft:potatoes":1,"minecraft:dirt_path":1,"minecraft:bookshelf":46,"minecraft:deepslate_iron_ore":3,"minecraft:oak_stairs":29,"minecraft:lantern":40,"minecraft:stone":275,"minecraft:iron_block":2,"minecraft:acacia_leaves":55,"quark:oak_chest":4,"luminousworld:purple_petunias":1,"minecraft:oak_fence":48,"minecraft:crafting_table":4,"minecraft:torch":3,"minecraft:rose_bush":1,"minecraft:campfire":2,"minecraft:copper_ore":1,"minecraft:glass":1,"minecraft:tall_grass":6,"minecraft:damaged_anvil":1,"minecraft:oak_planks":249,"minecraft:sugar_cane":19,"minecraft:wall_torch":3,"minecraft:skeleton_skull":2,"placeablesmod:cooked_mutton_block":2,"minecraft:beehive":1,"minecraft:wheat":15,"minecraft:torchflower":4,"minecraft:stone_brick_stairs":3,"minecraft:yellow_bed":3,"minecraft:grass":20,"minecraft:coal_ore":28,"minecraft:oak_log":103,"minecraft:beetroots":1,"minecraft:acacia_fence":13,"minecraft:gravel":235,"minecraft:dirt":634,"minecraft:sand":112,"luminousworld:grassvariant_3":9,"quark:hollow_oak_log":2,"minecraft:cobweb":20,"minecraft:cracked_stone_bricks":2,"minecraft:stonecutter":1,"minecraft:deepslate":14},"minecraft:used":{"minecraft:oak_fence":305,"minecraft:oak_trapdoor":57,"minecraft:iron_shovel":504,"minecraft:armor_stand":2,"minecraft:stone_shovel":810,"minecraft:ladder":7,"minecraft:chest":2,"minecraft:shield":20,"minecraft:iron_sword":260,"minecraft:cooked_salmon":2,"minecraft:oak_door":3,"minecraft:cooked_chicken":3,"minecraft:grass":1,"minecraft:torch":151,"minecraft:brewing_stand":1,"minecraft:dirt":156,"minecraft:acacia_sapling":8,"minecraft:beehive":1,"minecraft:spruce_fence":8,"minecraft:glass":54,"born_in_chaos_v1:corpse_maggot":3,"minecraft:wooden_axe":40,"minecraft:lantern":62,"minecraft:iron_axe":252,"minecraft:oak_stairs":164,"minecraft:iron_boots":2,"minecraft:tall_grass":1,"minecraft:barrel":4,"minecraft:hay_block":1,"minecraft:cooked_cod":1,"minecraft:furnace":8,"minecraft:beetroot_seeds":7,"minecraft:acacia_fence":161,"torchmaster:megatorch":1,"tombstone:gift":4,"minecraft:potato":1,"minecraft:cooked_beef":26,"minecraft:cobbled_deepslate":455,"minecraft:cooked_mutton":5,"minecraft:oak_planks":888,"minecraft:stone_pickaxe":171,"furnitura:small_table_oak":1,"minecraft:wooden_pickaxe":36,"supplementaries:timber_frame":2,"minecraft:cookie":1,"minecraft:crafting_table":10,"minecraft:white_bed":1,"minecraft:cobbled_deepslate_stairs":34,"tombstone:bag_of_seeds":2,"minecraft:oak_log":439,"minecraft:wooden_hoe":57,"quark:hollow_oak_log":2,"minecraft:iron_pickaxe":244,"minecraft:bread":29,"minecraft:gravel":295,"minecraft:stone_axe":229,"furnitura:oak_table":1,"quark:oak_chest":5,"alexsmobs:animal_dictionary":1,"minecraft:yellow_bed":1,"minecraft:experience_bottle":1},"minecraft:crafted":{"minecraft:oak_door":6,"minecraft:oak_planks":1652,"minecraft:stone_shovel":7,"minecraft:iron_nugget":207,"minecraft:cooked_chicken":3,"minecraft:furnace":8,"minecraft:cooked_mutton":8,"minecraft:oak_trapdoor":120,"minecraft:glass":54,"minecraft:lantern":25,"quark:hollow_oak_log":4,"minecraft:iron_axe":1,"minecraft:ladder":16,"born_in_chaos_v1:fried_maggot":1,"furnitura:oak_table":1,"minecraft:stone_pickaxe":10,"minecraft:chest":2,"minecraft:cobbled_deepslate_stairs":96,"furnitura:small_table_oak":1,"minecraft:acacia_fence":150,"minecraft:oak_fence":240,"minecraft:wheat":72,"minecraft:cooked_beef":3,"minecraft:cooked_cod":1,"minecraft:oak_slab":126,"minecraft:deepslate":1,"iceandfire:silver_ingot":1,"minecraft:crafting_table":6,"minecraft:wooden_pickaxe":1,"minecraft:iron_sword":2,"minecraft:cooked_salmon":2,"minecraft:stone_axe":1,"supplementaries:timber_frame":1,"minecraft:bread":28,"minecraft:air":0,"minecraft:wooden_hoe":1,"minecraft:charcoal":121,"minecraft:shield":1,"minecraft:stick":504,"quark:oak_chest":5,"minecraft:iron_ingot":78,"minecraft:oak_stairs":154,"minecraft:wooden_axe":1,"minecraft:iron_shovel":1,"minecraft:acacia_planks":208,"minecraft:torch":256},"minecraft:broken":{"minecraft:iron_shovel":2,"minecraft:stone_pickaxe":1,"minecraft:iron_axe":1,"minecraft:stone_axe":1,"minecraft:iron_pickaxe":1,"minecraft:wooden_axe":1,"minecraft:stone_shovel":6},"minecraft:custom":{"minecraft:interact_with_smithing_table":1,"minecraft:interact_with_anvil":1,"minecraft:mob_kills":45,"minecraft:interact_with_crafting_table":100,"minecraft:open_barrel":63,"minecraft:leave_game":3,"minecraft:time_since_death":329655,"minecraft:climb_one_cm":6204,"minecraft:sprint_one_cm":408368,"minecraft:damage_blocked_by_shield":610,"minecraft:walk_one_cm":1516365,"minecraft:drop":62,"minecraft:talked_to_villager":9,"minecraft:play_time":396983,"minecraft:sneak_time":40950,"minecraft:deaths":2,"minecraft:walk_under_water_one_cm":185873,"minecraft:interact_with_brewingstand":1,"minecraft:jump":2904,"minecraft:walk_on_water_one_cm":196700,"minecraft:total_world_time":396983,"minecraft:interact_with_furnace":111,"tombstone:raider_killed":4,"minecraft:interact_with_cartography_table":2,"minecraft:interact_with_stonecutter":1,"minecraft:sleep_in_bed":3,"minecraft:time_since_rest":73150,"minecraft:damage_taken":4508,"minecraft:damage_dealt":10996,"minecraft:swim_one_cm":76353,"minecraft:fly_one_cm":66969,"minecraft:open_chest":179,"minecraft:crouch_one_cm":117398,"tombstone:undead_killed":25,"minecraft:interact_with_smoker":1,"minecraft:fall_one_cm":37418},"minecraft:picked_up":{"minecraft:charcoal":4,"minecraft:cocoa_beans":1,"luminousworld:groundpebbles_1":3,"minecraft:iron_chestplate":1,"minecraft:crafting_table":5,"minecraft:wheat":59,"minecraft:chicken":3,"quark:hollow_oak_log":2,"minecraft:wooden_pickaxe":1,"minecraft:oak_stairs":27,"minecraft:brewing_stand":2,"minecraft:raw_copper":2,"iceandfire:manuscript":1,"minecraft:oak_trapdoor":3,"minecraft:string":22,"iceandfire:frozen_stone":2,"minecraft:iron_axe":1,"born_in_chaos_v1:intoxicating_decoction":1,"minecraft:iron_leggings":1,"minecraft:item_frame":16,"minecraft:armor_stand":2,"minecraft:iron_shovel":1,"minecraft:experience_bottle":1,"minecraft:beetroot":5,"iceandfire:bestiary":1,"minecraft:smooth_stone":4,"minecraft:cobbled_deepslate":582,"minecraft:beef":3,"minecraft:rose_bush":1,"minecraft:iron_pickaxe":1,"minecraft:sugar_cane":30,"minecraft:sandstone":16,"minecraft:phantom_membrane":1,"minecraft:iron_boots":2,"minecraft:raw_iron":8,"minecraft:stick":47,"minecraft:beehive":1,"minecraft:acacia_fence":11,"minecraft:copper_ingot":2,"minecraft:oak_fence":183,"minecraft:torch":91,"minecraft:bowl":1,"minecraft:acacia_log":52,"minecraft:spruce_fence":3,"minecraft:cookie":1,"tombstone:grave_dust":1,"minecraft:redstone":14,"supplementaries:flax":2,"luminousworld:grassflowers":1,"minecraft:arrow":5,"quark:sturdy_stone":1,"quark:clear_shard":2,"minecraft:rotten_flesh":26,"luminousworld:yellow_grassflowers":2,"minecraft:beetroot_seeds":8,"born_in_chaos_v1:sea_terror_eye":2,"minecraft:hay_block":17,"minecraft:iron_block":2,"minecraft:gold_ingot":2,"supplementaries:ash":1,"minecraft:mutton":3,"minecraft:cod":1,"undead_revamp2:arapholia":2,"minecraft:skeleton_skull":2,"minecraft:cobblestone":354,"born_in_chaos_v1:corpse_maggot":5,"minecraft:leather_chestplate":1,"minecraft:salmon":2,"vanillaplustools:diamond_hammer":1,"minecraft:potato":1,"minecraft:torchflower":4,"minecraft:flint":26,"minecraft:tuff":127,"minecraft:oak_log":104,"luminousworld:purple_petunias":1,"iceandfire:ectoplasm":1,"minecraft:cobbled_deepslate_stairs":8,"minecraft:yellow_bed":4,"minecraft:dirt":1045,"minecraft:lantern":44,"minecraft:cooked_mutton":4,"minecraft:bone":5,"undead_revamp2:blacpetalblock":1,"minecraft:bow":6,"minecraft:stonecutter":1,"minecraft:wheat_seeds":120,"minecraft:iron_ingot":2,"tombstone:bag_of_seeds":1,"minecraft:tall_grass":1,"supplementaries:timber_frame":1,"minecraft:iron_sword":2,"minecraft:oak_planks":288,"minecraft:acacia_sapling":4,"minecraft:book":140,"torchmaster:megatorch":2,"minecraft:torchflower_seeds":4,"minecraft:gravel":399,"minecraft:sand":138,"minecraft:white_bed":1,"quark:oak_chest":3,"minecraft:spider_eye":1,"minecraft:barrel":2,"luminousworld:yellowpetunias":3,"minecraft:iron_helmet":2,"minecraft:granite":2,"minecraft:bone_meal":1,"minecraft:chainmail_helmet":1,"minecraft:emerald":1,"minecraft:bread":1,"alexsmobs:maggot":2,"born_in_chaos_v1:rotten_fish":24,"minecraft:damaged_anvil":1,"minecraft:coal":30,"iceandfire:raw_silver":1},"minecraft:dropped":{"minecraft:oak_log":2,"minecraft:crafting_table":1,"minecraft:oak_fence":135,"minecraft:dirt":210,"minecraft:torch":45,"tombstone:grave_key":1,"minecraft:rose_bush":1,"tombstone:grave_dust":2,"minecraft:oak_stairs":25,"minecraft:iron_axe":1,"minecraft:string":1,"minecraft:bone":1,"minecraft:oak_door":1,"vanillaplustools:diamond_hammer":1,"minecraft:cobbled_deepslate":66,"minecraft:rotten_flesh":5,"minecraft:oak_planks":49,"minecraft:cooked_mutton":4,"minecraft:torchflower_seeds":2,"minecraft:spruce_fence":3,"luminousworld:yellow_grassflowers":1,"minecraft:leather_chestplate":2,"quark:hollow_oak_log":4,"minecraft:yellow_bed":1,"iceandfire:bestiary":1,"minecraft:arrow":1,"minecraft:bow":5,"minecraft:wooden_pickaxe":1,"minecraft:stone_pickaxe":9}},"DataVersion":3465}