{"stats":{"minecraft:broken":{"minecraft:iron_shovel":3,"minecraft:iron_axe":2,"minecraft:stone_axe":1,"minecraft:stone_shovel":2,"minecraft:stone_hoe":1},"minecraft:killed":{"minecraft:spider":2,"minecraft:creeper":7,"minecraft:phantom":7,"minecraft:skeleton":12,"minecraft:zombie":22,"minecraft:enderman":1},"minecraft:used":{"minecraft:wheat_seeds":56,"minecraft:water_bucket":41,"minecraft:iron_shovel":754,"minecraft:lead":2,"minecraft:stone_shovel":355,"minecraft:spruce_planks":11,"minecraft:shield":33,"minecraft:spruce_fence_gate":21,"minecraft:stone_hoe":149,"minecraft:iron_chestplate":1,"minecraft:torch":47,"minecraft:dirt":271,"minecraft:spruce_fence":432,"minecraft:spruce_log":46,"minecraft:iron_hoe":88,"minecraft:lever":2,"minecraft:iron_axe":308,"moonsweaponry:iron_greatsword":129,"minecraft:iron_helmet":1,"minecraft:iron_boots":1,"minecraft:stone_axe":194,"minecraft:redstone_lamp":2,"travelersbackpack:standard":2,"minecraft:sweet_berries":11,"minecraft:cooked_porkchop":15,"minecraft:bucket":40,"minecraft:potato":3,"minecraft:bone_meal":42,"minecraft:iron_leggings":1},"minecraft:dropped":{"minecraft:cooked_porkchop":3,"minecraft:stone_shovel":1,"minecraft:iron_hoe":1,"minecraft:spruce_fence":64,"minecraft:dirt":60,"minecraft:spruce_log":44,"minecraft:spruce_sapling":105},"minecraft:crafted":{"minecraft:stone_shovel":3,"minecraft:spruce_planks":1236,"minecraft:lever":2,"minecraft:bone_meal":42,"minecraft:spruce_fence":597,"minecraft:iron_axe":1,"minecraft:stick":690,"minecraft:iron_shovel":2,"minecraft:spruce_fence_gate":20,"minecraft:torch":28,"minecraft:stone_hoe":1},"minecraft:picked_up":{"minecraft:wheat":16,"minecraft:lead":17,"minecraft:brown_mushroom":11,"minecraft:flint":1,"minecraft:oak_log":13,"minecraft:gunpowder":8,"minecraft:dark_oak_trapdoor":1,"minecraft:dirt":837,"minecraft:bone":14,"minecraft:cyan_carpet":9,"minecraft:bow":1,"minecraft:wheat_seeds":66,"minecraft:spruce_planks":5,"minecraft:poppy":3,"minecraft:glass_bottle":1,"minecraft:phantom_membrane":5,"minecraft:stick":62,"minecraft:sweet_berries":34,"minecraft:torch":10,"minecraft:dandelion":1,"minecraft:gravel":3,"minecraft:poisonous_potato":1,"minecraft:spruce_fence":46,"minecraft:spruce_sapling":113,"minecraft:spruce_log":399,"minecraft:spruce_fence_gate":11,"minecraft:stone_shovel":1,"minecraft:arrow":15,"minecraft:rotten_flesh":21,"minecraft:oak_sapling":4,"minecraft:cobblestone":4},"minecraft:mined":{"minecraft:spruce_planks":5,"minecraft:brown_mushroom":11,"minecraft:dandelion":2,"minecraft:torch":6,"minecraft:grass_block":573,"minecraft:spruce_fence":47,"minecraft:poppy":3,"minecraft:spruce_leaves":310,"minecraft:large_fern":25,"minecraft:wheat":18,"minecraft:sweet_berry_bush":13,"minecraft:spruce_log":393,"minecraft:grass":24,"minecraft:oak_log":13,"minecraft:gravel":4,"minecraft:dirt":265,"minecraft:spruce_fence_gate":11,"minecraft:oak_leaves":43,"minecraft:fern":27},"minecraft:custom":{"minecraft:interact_with_furnace":4,"minecraft:mob_kills":52,"minecraft:animals_bred":1,"minecraft:interact_with_crafting_table":20,"minecraft:time_since_death":141831,"minecraft:sleep_in_bed":1,"minecraft:time_since_rest":128048,"minecraft:sprint_one_cm":342192,"minecraft:damage_taken":924,"minecraft:walk_one_cm":830744,"minecraft:damage_blocked_by_shield":940,"minecraft:drop":54,"minecraft:damage_dealt":10632,"minecraft:fly_one_cm":34649,"minecraft:open_chest":68,"minecraft:crouch_one_cm":5276,"minecraft:play_time":141831,"minecraft:sneak_time":2585,"minecraft:jump":681,"minecraft:walk_on_water_one_cm":9092,"minecraft:total_world_time":141831,"minecraft:fall_one_cm":4920}},"DataVersion":3465}