{"stats":{"minecraft:broken":{"minecraft:iron_shovel":2,"minecraft:stone_shovel":1,"minecraft:iron_axe":1,"minecraft:stone_axe":1},"minecraft:killed":{"minecraft:skeleton":5,"minecraft:zombie":14,"minecraft:phantom":2},"minecraft:used":{"minecraft:wheat_seeds":56,"minecraft:iron_hoe":88,"minecraft:water_bucket":41,"minecraft:iron_shovel":726,"minecraft:iron_axe":195,"minecraft:stone_shovel":132,"moonsweaponry:iron_greatsword":52,"minecraft:iron_helmet":1,"minecraft:shield":14,"minecraft:iron_boots":1,"minecraft:stone_hoe":91,"minecraft:iron_chestplate":1,"minecraft:stone_axe":194,"minecraft:torch":33,"minecraft:dirt":232,"travelersbackpack:standard":2,"minecraft:sweet_berries":11,"minecraft:cooked_porkchop":9,"minecraft:bucket":40,"minecraft:spruce_fence":93,"minecraft:spruce_log":46,"minecraft:bone_meal":42,"minecraft:iron_leggings":1},"minecraft:dropped":{"minecraft:dirt":60,"minecraft:cooked_porkchop":3,"minecraft:iron_hoe":1,"minecraft:spruce_log":44,"minecraft:spruce_fence":64},"minecraft:crafted":{"minecraft:stone_shovel":1,"minecraft:iron_axe":1,"minecraft:spruce_planks":412,"minecraft:stick":256,"minecraft:iron_shovel":2,"minecraft:bone_meal":42,"minecraft:stone_hoe":1,"minecraft:spruce_fence":213},"minecraft:picked_up":{"minecraft:stick":52,"minecraft:wheat":16,"minecraft:sweet_berries":10,"minecraft:brown_mushroom":7,"minecraft:torch":6,"minecraft:spruce_fence":4,"minecraft:spruce_sapling":103,"minecraft:spruce_log":360,"minecraft:dirt":800,"minecraft:arrow":7,"minecraft:bone":5,"minecraft:rotten_flesh":15,"minecraft:wheat_seeds":48,"minecraft:phantom_membrane":1,"minecraft:cobblestone":4},"minecraft:mined":{"minecraft:brown_mushroom":7,"minecraft:wheat":18,"minecraft:sweet_berry_bush":4,"minecraft:spruce_log":359,"minecraft:dandelion":1,"minecraft:torch":4,"minecraft:grass":16,"minecraft:spruce_fence":4,"minecraft:grass_block":568,"minecraft:dirt":251,"minecraft:spruce_leaves":231,"minecraft:fern":12},"minecraft:custom":{"minecraft:time_since_rest":68048,"minecraft:sprint_one_cm":207711,"minecraft:damage_taken":610,"minecraft:walk_one_cm":410404,"minecraft:damage_blocked_by_shield":390,"minecraft:mob_kills":21,"minecraft:drop":51,"minecraft:damage_dealt":4412,"minecraft:interact_with_crafting_table":8,"minecraft:fly_one_cm":22496,"minecraft:open_chest":37,"minecraft:crouch_one_cm":3746,"minecraft:play_time":81831,"minecraft:sneak_time":1633,"minecraft:jump":473,"minecraft:time_since_death":81831,"minecraft:walk_on_water_one_cm":8855,"minecraft:sleep_in_bed":1,"minecraft:total_world_time":81831,"minecraft:fall_one_cm":4293}},"DataVersion":3465}